character,character_picture,build_type,description_build,relic_set,picture_relic,planar_set,picture_planar,lightcone,picture_lightcone,team_recommendation,picture_team_recommendation,comment,element,picture_element,path,picture_path,rarity,,Picture Link  Element ,ele,,,,Picture link Character,
Kafka,https://static.wikia.nocookie.net/houkai-star-rail/images/9/95/Character_Kafka_Splash_Art.png/revision/latest/scale-to-width-down/1000?cb=20230809042240,"AoE DoT, FuA","Body Atk, Boots Speed or Atk, Ring L Dmg, Rope Atk",Band of Sizzling Thunder (4pc),https://static.wikia.nocookie.net/houkai-star-rail/images/6/6e/Item_Band_of_Sizzling_Thunder.png/revision/latest?cb=20230810042246,Firmament Frontline: Glamoth,https://static.wikia.nocookie.net/houkai-star-rail/images/f/f7/Item_Firmament_Frontline_Glamoth.png/revision/latest?cb=20231115045308,Patience Is All You Need,https://static.wikia.nocookie.net/houkai-star-rail/images/8/87/Light_Cone_Patience_Is_All_You_Need.png/revision/latest?cb=20230809041852,Kafka;HuoHuo;Ruan Mei;Black Swan,https://static.wikia.nocookie.net/houkai-star-rail/images/9/95/Character_Kafka_Splash_Art.png/revision/latest/scale-to-width-down/1000?cb=20230809042240;https://static.wikia.nocookie.net/houkai-star-rail/images/8/82/Character_Huohuo_Splash_Art.png/revision/latest/scale-to-width-down/1000?cb=20250604025217;https://static.wikia.nocookie.net/houkai-star-rail/images/d/d5/Character_Ruan_Mei_Splash_Art.png/revision/latest/scale-to-width-down/1000?cb=20231227021137;https://static.wikia.nocookie.net/houkai-star-rail/images/f/fd/Character_Black_Swan_Splash_Art.png/revision/latest/scale-to-width-down/1000?cb=20240220023547,"So, basically Kafka only need 28% effect hit rate to land her DoT on 40% RES Enemy (that's the maximum I think?)",Lightning,https://static.wikia.nocookie.net/houkai-star-rail/images/1/15/Type_Lightning.png/revision/latest?cb=20220610120726,Nihility,https://static.wikia.nocookie.net/houkai-star-rail/images/4/45/Path_Nihility.png/revision/latest?cb=20240417235304,5,,,,,,Acheron,Acheron ,https://static.wikia.nocookie.net/houkai-star-rail/images/7/78/Character_Acheron_Splash_Art.png/revision/latest/scale-to-width-down/1000?cb=20240327021325
Kafka,https://static.wikia.nocookie.net/houkai-star-rail/images/9/95/Character_Kafka_Splash_Art.png/revision/latest/scale-to-width-down/1000?cb=20230809042240,"AoE DoT, FuA","Body Atk, Boots Speed or Atk, Ring L Dmg, Rope Atk",Prisoner in Deep Confinement (4pc),https://honkai-star-rail.fandom.com/wiki/Prisoner_in_Deep_Confinement?file=Item_Prisoner_in_Deep_Confinement.png,Firmament Frontline: Glamoth,https://static.wikia.nocookie.net/houkai-star-rail/images/f/f7/Item_Firmament_Frontline_Glamoth.png/revision/latest?cb=20231115045308,Patience Is All You Need,https://static.wikia.nocookie.net/houkai-star-rail/images/8/87/Light_Cone_Patience_Is_All_You_Need.png/revision/latest?cb=20230809041852,Kafka;Luocha;Ruan Mei;Black Swan,https://static.wikia.nocookie.net/houkai-star-rail/images/9/95/Character_Kafka_Splash_Art.png/revision/latest/scale-to-width-down/1000?cb=20230809042240;https://static.wikia.nocookie.net/houkai-star-rail/images/a/a5/Character_Luocha_Splash_Art.png/revision/latest/scale-to-width-down/1000?cb=20230628091054;https://static.wikia.nocookie.net/houkai-star-rail/images/d/d5/Character_Ruan_Mei_Splash_Art.png/revision/latest/scale-to-width-down/1000?cb=20231227021137;https://static.wikia.nocookie.net/houkai-star-rail/images/f/fd/Character_Black_Swan_Splash_Art.png/revision/latest/scale-to-width-down/1000?cb=20240220023547,"YOOO IM SO SORRY FOR NOT REPLYING, i was focusing on my finals so i didn't have much time opening hoyolab
to answer your question, it is better to use prisonner than band",Lightning,https://static.wikia.nocookie.net/houkai-star-rail/images/1/15/Type_Lightning.png/revision/latest?cb=20220610120726,Nihility,https://static.wikia.nocookie.net/houkai-star-rail/images/4/45/Path_Nihility.png/revision/latest?cb=20240417235304,5,,https://static.wikia.nocookie.net/houkai-star-rail/images/f/f0/Type_Fire.png/revision/latest?cb=20220610120131,Fire,,,,,
Kafka,https://static.wikia.nocookie.net/houkai-star-rail/images/9/95/Character_Kafka_Splash_Art.png/revision/latest/scale-to-width-down/1000?cb=20230809042240,"AoE DoT, FuA","Body Atk, Boots Speed or Atk, Ring L Dmg, Rope Atk",Prisoner in Deep Confinement (4pc),https://honkai-star-rail.fandom.com/wiki/Prisoner_in_Deep_Confinement?file=Item_Prisoner_in_Deep_Confinement.png,Firmament Frontline: Glamoth,https://static.wikia.nocookie.net/houkai-star-rail/images/f/f7/Item_Firmament_Frontline_Glamoth.png/revision/latest?cb=20231115045308,Patience Is All You Need,https://static.wikia.nocookie.net/houkai-star-rail/images/8/87/Light_Cone_Patience_Is_All_You_Need.png/revision/latest?cb=20230809041852,Kafka;HuoHuo;Ruan Mei;Black Swan,," Sampo is your best option or guinaifen, but dont except it to be better than balck swan though ?? those two have 100% abilities to inflict dot's for kafka to trigger just make sure to stack them enough HER",Lightning,https://static.wikia.nocookie.net/houkai-star-rail/images/1/15/Type_Lightning.png/revision/latest?cb=20220610120726,Nihility,https://static.wikia.nocookie.net/houkai-star-rail/images/4/45/Path_Nihility.png/revision/latest?cb=20240417235304,5,,https://static.wikia.nocookie.net/houkai-star-rail/images/3/35/Type_Ice.png/revision/latest?cb=20220610120329,Ice,,,Aglaea,https://static.wikia.nocookie.net/houkai-star-rail/images/8/81/Character_Aglaea_Splash_Art.png/revision/latest/scale-to-width-down/1000?cb=20250117063425,
Kafka,https://static.wikia.nocookie.net/houkai-star-rail/images/9/95/Character_Kafka_Splash_Art.png/revision/latest/scale-to-width-down/1000?cb=20230809042240,"AoE DoT, FuA","Body Atk, Boots Speed or Atk, Ring L Dmg, Rope Atk",Prisoner in Deep Confinement (4pc),https://honkai-star-rail.fandom.com/wiki/Prisoner_in_Deep_Confinement?file=Item_Prisoner_in_Deep_Confinement.png,Firmament Frontline: Glamoth,https://static.wikia.nocookie.net/houkai-star-rail/images/f/f7/Item_Firmament_Frontline_Glamoth.png/revision/latest?cb=20231115045308,Patience Is All You Need,https://static.wikia.nocookie.net/houkai-star-rail/images/8/87/Light_Cone_Patience_Is_All_You_Need.png/revision/latest?cb=20230809041852,Kafka;HuoHuo;Ruan Mei;Black Swan,,,Lightning,https://static.wikia.nocookie.net/houkai-star-rail/images/1/15/Type_Lightning.png/revision/latest?cb=20220610120726,Nihility,https://static.wikia.nocookie.net/houkai-star-rail/images/4/45/Path_Nihility.png/revision/latest?cb=20240417235304,5,,https://static.wikia.nocookie.net/houkai-star-rail/images/1/15/Type_Lightning.png/revision/latest?cb=20220610120726,Lightning,,,,,
Kafka,https://static.wikia.nocookie.net/houkai-star-rail/images/9/95/Character_Kafka_Splash_Art.png/revision/latest/scale-to-width-down/1000?cb=20230809042240,"AoE DoT, FuA","Body Atk, Boots Speed or Atk, Ring L Dmg, Rope Atk",Band of Sizzling Thunder (4pc),https://static.wikia.nocookie.net/houkai-star-rail/images/6/6e/Item_Band_of_Sizzling_Thunder.png/revision/latest?cb=20230810042246,Firmament Frontline: Glamoth,https://static.wikia.nocookie.net/houkai-star-rail/images/f/f7/Item_Firmament_Frontline_Glamoth.png/revision/latest?cb=20231115045308,Patience Is All You Need,https://static.wikia.nocookie.net/houkai-star-rail/images/8/87/Light_Cone_Patience_Is_All_You_Need.png/revision/latest?cb=20230809041852,Kafka;HuoHuo;Ruan Mei;Black Swan,https://static.wikia.nocookie.net/houkai-star-rail/images/9/95/Character_Kafka_Splash_Art.png/revision/latest/scale-to-width-down/1000?cb=20230809042240;https://static.wikia.nocookie.net/houkai-star-rail/images/8/82/Character_Huohuo_Splash_Art.png/revision/latest/scale-to-width-down/1000?cb=20250604025217;https://static.wikia.nocookie.net/houkai-star-rail/images/d/d5/Character_Ruan_Mei_Splash_Art.png/revision/latest/scale-to-width-down/1000?cb=20231227021137;https://static.wikia.nocookie.net/houkai-star-rail/images/f/fd/Character_Black_Swan_Splash_Art.png/revision/latest/scale-to-width-down/1000?cb=20240220023547,Kalo kafka ku sendiri pakenya set yang glamoth trs stat nya di bola aku pake lighting damage bonus nyari substat spd trs di tali nya aku pake atk% nyari substat spd juga,Lightning,https://static.wikia.nocookie.net/houkai-star-rail/images/1/15/Type_Lightning.png/revision/latest?cb=20220610120726,Nihility,https://static.wikia.nocookie.net/houkai-star-rail/images/4/45/Path_Nihility.png/revision/latest?cb=20240417235304,5,,https://static.wikia.nocookie.net/houkai-star-rail/images/e/ec/Type_Wind.png/revision/latest?cb=20220610121015,Wind,,,Anaxa,https://static.wikia.nocookie.net/houkai-star-rail/images/7/73/Character_Anaxa_Splash_Art.png/revision/latest/scale-to-width-down/1000?cb=20250409035048,
Kafka,https://static.wikia.nocookie.net/houkai-star-rail/images/9/95/Character_Kafka_Splash_Art.png/revision/latest/scale-to-width-down/1000?cb=20230809042240,"AoE DoT, FuA","Body Atk, Boots Speed or Atk, Ring L Dmg, Rope Atk",Band of Sizzling Thunder (4pc),https://static.wikia.nocookie.net/houkai-star-rail/images/6/6e/Item_Band_of_Sizzling_Thunder.png/revision/latest?cb=20230810042246,Firmament Frontline: Glamoth,https://static.wikia.nocookie.net/houkai-star-rail/images/f/f7/Item_Firmament_Frontline_Glamoth.png/revision/latest?cb=20231115045308,Patience Is All You Need,https://static.wikia.nocookie.net/houkai-star-rail/images/8/87/Light_Cone_Patience_Is_All_You_Need.png/revision/latest?cb=20230809041852,Kafka;HuoHuo;Ruan Mei;Black Swan,,"Robin is an incredibly universal support and cuts cycles down by a lot for endgame, not just used in only FuA teams. Shes amazing with Acheron, DH, Argenti, DoT, and obviously as you said FuA. ",Lightning,https://static.wikia.nocookie.net/houkai-star-rail/images/1/15/Type_Lightning.png/revision/latest?cb=20220610120726,Nihility,https://static.wikia.nocookie.net/houkai-star-rail/images/4/45/Path_Nihility.png/revision/latest?cb=20240417235304,5,,https://static.wikia.nocookie.net/houkai-star-rail/images/5/54/Type_Quantum.png/revision/latest?cb=20240609183337,Quantum,,,,,
Kafka,https://static.wikia.nocookie.net/houkai-star-rail/images/9/95/Character_Kafka_Splash_Art.png/revision/latest/scale-to-width-down/1000?cb=20230809042240,"AoE DoT, FuA","Body Atk, Boots Speed or Atk, Ring L Dmg, Rope Atk",Band of Sizzling Thunder (4pc),https://static.wikia.nocookie.net/houkai-star-rail/images/6/6e/Item_Band_of_Sizzling_Thunder.png/revision/latest?cb=20230810042246,Firmament Frontline: Glamoth,https://static.wikia.nocookie.net/houkai-star-rail/images/f/f7/Item_Firmament_Frontline_Glamoth.png/revision/latest?cb=20231115045308,Patience Is All You Need,https://static.wikia.nocookie.net/houkai-star-rail/images/8/87/Light_Cone_Patience_Is_All_You_Need.png/revision/latest?cb=20230809041852,Kafka;HuoHuo;Ruan Mei;Black Swan,,Sign LC is op bruh,Lightning,https://static.wikia.nocookie.net/houkai-star-rail/images/1/15/Type_Lightning.png/revision/latest?cb=20220610120726,Nihility,https://static.wikia.nocookie.net/houkai-star-rail/images/4/45/Path_Nihility.png/revision/latest?cb=20240417235304,5,,https://static.wikia.nocookie.net/houkai-star-rail/images/2/2f/Type_Imaginary.png/revision/latest?cb=20220610120517,Imaginary,,,Argenti,https://static.wikia.nocookie.net/houkai-star-rail/images/9/90/Character_Argenti_Splash_Art.png/revision/latest/scale-to-width-down/1000?cb=20231206232011,
Kafka,https://static.wikia.nocookie.net/houkai-star-rail/images/9/95/Character_Kafka_Splash_Art.png/revision/latest/scale-to-width-down/1000?cb=20230809042240,"AoE DoT, FuA","Body Atk, Boots Speed or Atk, Ring L Dmg, Rope Atk",Band of Sizzling Thunder (4pc),https://static.wikia.nocookie.net/houkai-star-rail/images/6/6e/Item_Band_of_Sizzling_Thunder.png/revision/latest?cb=20230810042246,Firmament Frontline: Glamoth,https://static.wikia.nocookie.net/houkai-star-rail/images/f/f7/Item_Firmament_Frontline_Glamoth.png/revision/latest?cb=20231115045308,Patience Is All You Need,https://static.wikia.nocookie.net/houkai-star-rail/images/8/87/Light_Cone_Patience_Is_All_You_Need.png/revision/latest?cb=20230809041852,Kafka;HuoHuo;Ruan Mei;Black Swan,,Her sign LC with Band of Sizzling Thunde,Lightning,https://static.wikia.nocookie.net/houkai-star-rail/images/1/15/Type_Lightning.png/revision/latest?cb=20220610120726,Nihility,https://static.wikia.nocookie.net/houkai-star-rail/images/4/45/Path_Nihility.png/revision/latest?cb=20240417235304,5,,https://static.wikia.nocookie.net/houkai-star-rail/images/6/69/Type_Physical.png/revision/latest?cb=20220610120901,Physical,,,,,
Kafka,https://static.wikia.nocookie.net/houkai-star-rail/images/9/95/Character_Kafka_Splash_Art.png/revision/latest/scale-to-width-down/1000?cb=20230809042240,"AoE DoT, FuA","Body Atk, Boots Speed or Atk, Ring L Dmg, Rope Atk",Band of Sizzling Thunder (4pc),https://static.wikia.nocookie.net/houkai-star-rail/images/6/6e/Item_Band_of_Sizzling_Thunder.png/revision/latest?cb=20230810042246,Firmament Frontline: Glamoth,https://static.wikia.nocookie.net/houkai-star-rail/images/f/f7/Item_Firmament_Frontline_Glamoth.png/revision/latest?cb=20231115045308,Patience Is All You Need,https://static.wikia.nocookie.net/houkai-star-rail/images/8/87/Light_Cone_Patience_Is_All_You_Need.png/revision/latest?cb=20230809041852,Kafka;Luocha;Ruan Mei;Black Swan,,Band of Sizzling Thunde,Lightning,https://static.wikia.nocookie.net/houkai-star-rail/images/1/15/Type_Lightning.png/revision/latest?cb=20220610120726,Nihility,https://static.wikia.nocookie.net/houkai-star-rail/images/4/45/Path_Nihility.png/revision/latest?cb=20240417235304,5,,,,,,Arlan,https://static.wikia.nocookie.net/houkai-star-rail/images/5/5b/Character_Arlan_Splash_Art.png/revision/latest/scale-to-width-down/1000?cb=20230216231038,
Jingliu,https://static.wikia.nocookie.net/houkai-star-rail/images/9/97/Character_Jingliu_Splash_Art.png/revision/latest/scale-to-width-down/1000?cb=20240525000314,"HP-scaling AoE DPS, Crit Damage","Crit Damage and HP Priority now (was Crit Damage and ATK). Now skill damage based on Max HP, and her passive and skill already boosting her Crit Rate and Damage",Hunter of Glacial Forest (4pc),https://static.wikia.nocookie.net/houkai-star-rail/images/e/e8/Item_Hunter_of_Glacial_Forest.png/revision/latest?cb=20230810043422,Rutilant Arena,https://static.wikia.nocookie.net/houkai-star-rail/images/7/70/Item_Rutilant_Arena.png/revision/latest?cb=20230810044056,I Shall Be My Own Sword,https://static.wikia.nocookie.net/houkai-star-rail/images/c/c7/Light_Cone_I_Shall_Be_My_Own_Sword.png/revision/latest?cb=20231011030715,Jingliu;Sunday;Tribbie;Luocha,https://static.wikia.nocookie.net/houkai-star-rail/images/9/97/Character_Jingliu_Splash_Art.png/revision/latest/scale-to-width-down/1000?cb=20240525000314;https://static.wikia.nocookie.net/houkai-star-rail/images/2/21/Character_Sunday_Splash_Art.png/revision/latest/scale-to-width-down/1000?cb=20241224161538;https://static.wikia.nocookie.net/houkai-star-rail/images/e/eb/Character_Tribbie_Splash_Art.png/revision/latest/scale-to-width-down/1000?cb=20250309185506;https://static.wikia.nocookie.net/houkai-star-rail/images/a/a5/Character_Luocha_Splash_Art.png/revision/latest/scale-to-width-down/1000?cb=20230628091054,"There's not much to say, as Hunter of Glacial Forest is by far the best in slot Relics set for Jingliu, providing increase to her DMG",Ice,https://static.wikia.nocookie.net/houkai-star-rail/images/3/35/Type_Ice.png/revision/latest?cb=20220610120329,Destruction,https://static.wikia.nocookie.net/houkai-star-rail/images/d/df/Path_Destruction.png/revision/latest?cb=20240417234659,5,,,,,,,,
Jingliu,https://static.wikia.nocookie.net/houkai-star-rail/images/9/97/Character_Jingliu_Splash_Art.png/revision/latest/scale-to-width-down/1000?cb=20240525000314,"HP-scaling AoE DPS, Crit Damage","Crit Damage and HP Priority now (was Crit Damage and ATK). Now skill damage based on Max HP, and her passive and skill already boosting her Crit Rate and Damage",Hunter of Glacial Forest (4pc),https://static.wikia.nocookie.net/houkai-star-rail/images/e/e8/Item_Hunter_of_Glacial_Forest.png/revision/latest?cb=20230810043422,Rutilant Arena,https://static.wikia.nocookie.net/houkai-star-rail/images/7/70/Item_Rutilant_Arena.png/revision/latest?cb=20230810044056,I Shall Be My Own Sword,https://static.wikia.nocookie.net/houkai-star-rail/images/c/c7/Light_Cone_I_Shall_Be_My_Own_Sword.png/revision/latest?cb=20231011030715,Jingliu;Sunday;Tribbie;Hyacine,https://static.wikia.nocookie.net/houkai-star-rail/images/9/97/Character_Jingliu_Splash_Art.png/revision/latest/scale-to-width-down/1000?cb=20240525000314;https://static.wikia.nocookie.net/houkai-star-rail/images/2/21/Character_Sunday_Splash_Art.png/revision/latest/scale-to-width-down/1000?cb=20241224161538;https://static.wikia.nocookie.net/houkai-star-rail/images/e/eb/Character_Tribbie_Splash_Art.png/revision/latest/scale-to-width-down/1000?cb=20250309185506;https://static.wikia.nocookie.net/houkai-star-rail/images/7/7d/Character_Hyacine_Splash_Art.png/revision/latest/scale-to-width-down/1000?cb=20250521031729," she can have slightly lesser CR, since she gets about 40 - 52% CR from Talent. As for CD, it's better to have ~150 - 200%. But again, there's no harm with having slightly more CR on Jingliu",Ice,https://static.wikia.nocookie.net/houkai-star-rail/images/3/35/Type_Ice.png/revision/latest?cb=20220610120329,Destruction,https://static.wikia.nocookie.net/houkai-star-rail/images/d/df/Path_Destruction.png/revision/latest?cb=20240417234659,5,,,,,,Asta,https://static.wikia.nocookie.net/houkai-star-rail/images/b/bd/Character_Asta_Splash_Art.png/revision/latest/scale-to-width-down/1000?cb=20230216231122,
Jingliu,https://static.wikia.nocookie.net/houkai-star-rail/images/9/97/Character_Jingliu_Splash_Art.png/revision/latest/scale-to-width-down/1000?cb=20240525000314,"HP-scaling AoE DPS, Crit Damage","Crit Damage and HP Priority now (was Crit Damage and ATK). Now skill damage based on Max HP, and her passive and skill already boosting her Crit Rate and Damage",Hunter of Glacial Forest (4pc),https://static.wikia.nocookie.net/houkai-star-rail/images/e/e8/Item_Hunter_of_Glacial_Forest.png/revision/latest?cb=20230810043422,Rutilant Arena,https://static.wikia.nocookie.net/houkai-star-rail/images/7/70/Item_Rutilant_Arena.png/revision/latest?cb=20230810044056,I Shall Be My Own Sword,https://static.wikia.nocookie.net/houkai-star-rail/images/c/c7/Light_Cone_I_Shall_Be_My_Own_Sword.png/revision/latest?cb=20231011030715,Jingliu;Sunday;Tribbie;Hyacine,https://static.wikia.nocookie.net/houkai-star-rail/images/9/97/Character_Jingliu_Splash_Art.png/revision/latest/scale-to-width-down/1000?cb=20240525000314;https://static.wikia.nocookie.net/houkai-star-rail/images/2/21/Character_Sunday_Splash_Art.png/revision/latest/scale-to-width-down/1000?cb=20241224161538;https://static.wikia.nocookie.net/houkai-star-rail/images/e/eb/Character_Tribbie_Splash_Art.png/revision/latest/scale-to-width-down/1000?cb=20250309185506;https://static.wikia.nocookie.net/houkai-star-rail/images/7/7d/Character_Hyacine_Splash_Art.png/revision/latest/scale-to-width-down/1000?cb=20250521031729,"You have some great dps, but I'm still going to recommend Acheron. You'll be able to destroy any of the content in the game with both Acheron and Jingliu",Ice,https://static.wikia.nocookie.net/houkai-star-rail/images/3/35/Type_Ice.png/revision/latest?cb=20220610120329,Destruction,https://static.wikia.nocookie.net/houkai-star-rail/images/d/df/Path_Destruction.png/revision/latest?cb=20240417234659,5,,Picture Link Path,pathhh,,,,,
Jingliu,https://static.wikia.nocookie.net/houkai-star-rail/images/9/97/Character_Jingliu_Splash_Art.png/revision/latest/scale-to-width-down/1000?cb=20240525000314,"HP-scaling AoE DPS, Crit Damage","Crit Damage and HP Priority now (was Crit Damage and ATK). Now skill damage based on Max HP, and her passive and skill already boosting her Crit Rate and Damage",Hunter of Glacial Forest (4pc),https://static.wikia.nocookie.net/houkai-star-rail/images/e/e8/Item_Hunter_of_Glacial_Forest.png/revision/latest?cb=20230810043422,Rutilant Arena,https://static.wikia.nocookie.net/houkai-star-rail/images/7/70/Item_Rutilant_Arena.png/revision/latest?cb=20230810044056,I Shall Be My Own Sword,https://static.wikia.nocookie.net/houkai-star-rail/images/c/c7/Light_Cone_I_Shall_Be_My_Own_Sword.png/revision/latest?cb=20231011030715,Jingliu;Sunday;Tribbie;Hyacine,https://static.wikia.nocookie.net/houkai-star-rail/images/9/97/Character_Jingliu_Splash_Art.png/revision/latest/scale-to-width-down/1000?cb=20240525000314;https://static.wikia.nocookie.net/houkai-star-rail/images/2/21/Character_Sunday_Splash_Art.png/revision/latest/scale-to-width-down/1000?cb=20241224161538;https://static.wikia.nocookie.net/houkai-star-rail/images/e/eb/Character_Tribbie_Splash_Art.png/revision/latest/scale-to-width-down/1000?cb=20250309185506;https://static.wikia.nocookie.net/houkai-star-rail/images/7/7d/Character_Hyacine_Splash_Art.png/revision/latest/scale-to-width-down/1000?cb=20250521031729,"ok I will be prioritizing robin over lingsha ^^, I thought getting lingsha will help me put her into blade and jingliu team or other team where I will be focusing on dealing major damage rather than healing.",Ice,https://static.wikia.nocookie.net/houkai-star-rail/images/3/35/Type_Ice.png/revision/latest?cb=20220610120329,Destruction,https://static.wikia.nocookie.net/houkai-star-rail/images/d/df/Path_Destruction.png/revision/latest?cb=20240417234659,5,,https://static.wikia.nocookie.net/houkai-star-rail/images/d/df/Path_Destruction.png/revision/latest?cb=20240417234659,Destruction,,,Aventurine,https://static.wikia.nocookie.net/houkai-star-rail/images/a/a9/Character_Aventurine_Splash_Art.png/revision/latest/scale-to-width-down/1000?cb=20240327104723,
Jingliu,https://static.wikia.nocookie.net/houkai-star-rail/images/9/97/Character_Jingliu_Splash_Art.png/revision/latest/scale-to-width-down/1000?cb=20240525000314,"HP-scaling AoE DPS, Crit Damage","Crit Damage and HP Priority now (was Crit Damage and ATK). Now skill damage based on Max HP, and her passive and skill already boosting her Crit Rate and Damage",Hunter of Glacial Forest (4pc),https://static.wikia.nocookie.net/houkai-star-rail/images/e/e8/Item_Hunter_of_Glacial_Forest.png/revision/latest?cb=20230810043422,Rutilant Arena,https://static.wikia.nocookie.net/houkai-star-rail/images/7/70/Item_Rutilant_Arena.png/revision/latest?cb=20230810044056,Under The Blue Sky,https://static.wikia.nocookie.net/houkai-star-rail/images/c/c7/Light_Cone_I_Shall_Be_My_Own_Sword.png/revision/latest?cb=20231011030715,Jingliu;Sunday;Tribbie;Hyacine,https://static.wikia.nocookie.net/houkai-star-rail/images/9/97/Character_Jingliu_Splash_Art.png/revision/latest/scale-to-width-down/1000?cb=20240525000314;https://static.wikia.nocookie.net/houkai-star-rail/images/2/21/Character_Sunday_Splash_Art.png/revision/latest/scale-to-width-down/1000?cb=20241224161538;https://static.wikia.nocookie.net/houkai-star-rail/images/e/eb/Character_Tribbie_Splash_Art.png/revision/latest/scale-to-width-down/1000?cb=20250309185506;https://static.wikia.nocookie.net/houkai-star-rail/images/7/7d/Character_Hyacine_Splash_Art.png/revision/latest/scale-to-width-down/1000?cb=20250521031729,"Jingliu: set and planar are correct, body should be Crit DMG. She has a lot of self buffs so her build is easier so not much to say about her. Ending stats: ATK 2400+, Crit Rate 50%, Crit DMG 180%+. ATK or SPD boots depends on if you have Bronya or Sparkle. Under the Blue Sky is a good LC for her so you can move Aeon to Firefly. ",Ice,https://static.wikia.nocookie.net/houkai-star-rail/images/3/35/Type_Ice.png/revision/latest?cb=20220610120329,Destruction,https://static.wikia.nocookie.net/houkai-star-rail/images/d/df/Path_Destruction.png/revision/latest?cb=20240417234659,5,,https://static.wikia.nocookie.net/houkai-star-rail/images/1/1c/Path_The_Hunt.png/revision/latest?cb=20240417235336,The Hunt,,,,,
Jingliu,https://static.wikia.nocookie.net/houkai-star-rail/images/9/97/Character_Jingliu_Splash_Art.png/revision/latest/scale-to-width-down/1000?cb=20240525000314,"HP-scaling AoE DPS, Crit Damage","Crit Damage and HP Priority now (was Crit Damage and ATK). Now skill damage based on Max HP, and her passive and skill already boosting her Crit Rate and Damage",Hunter of Glacial Forest (4pc),https://static.wikia.nocookie.net/houkai-star-rail/images/e/e8/Item_Hunter_of_Glacial_Forest.png/revision/latest?cb=20230810043422,Rutilant Arena,https://static.wikia.nocookie.net/houkai-star-rail/images/7/70/Item_Rutilant_Arena.png/revision/latest?cb=20230810044056,I Shall Be My Own Sword,https://static.wikia.nocookie.net/houkai-star-rail/images/c/c7/Light_Cone_I_Shall_Be_My_Own_Sword.png/revision/latest?cb=20231011030715,Jingliu;Sunday;Tribbie;Hyacine,https://static.wikia.nocookie.net/houkai-star-rail/images/9/97/Character_Jingliu_Splash_Art.png/revision/latest/scale-to-width-down/1000?cb=20240525000314;https://static.wikia.nocookie.net/houkai-star-rail/images/2/21/Character_Sunday_Splash_Art.png/revision/latest/scale-to-width-down/1000?cb=20241224161538;https://static.wikia.nocookie.net/houkai-star-rail/images/e/eb/Character_Tribbie_Splash_Art.png/revision/latest/scale-to-width-down/1000?cb=20250309185506;https://static.wikia.nocookie.net/houkai-star-rail/images/7/7d/Character_Hyacine_Splash_Art.png/revision/latest/scale-to-width-down/1000?cb=20250521031729,"Herta and himeko are game changer in PF so I will build them, I got bronya yesterday from selected standard banner can you suggest me the build for her as well? I usually run jingliu with blade so he can use follow up attack fast and team",Ice,https://static.wikia.nocookie.net/houkai-star-rail/images/3/35/Type_Ice.png/revision/latest?cb=20220610120329,Destruction,https://static.wikia.nocookie.net/houkai-star-rail/images/d/df/Path_Destruction.png/revision/latest?cb=20240417234659,5,,https://static.wikia.nocookie.net/houkai-star-rail/images/5/53/Path_Erudition.png/revision/latest?cb=20240417235548,Erudition,,,Bailu,https://static.wikia.nocookie.net/houkai-star-rail/images/e/e9/Character_Bailu_Splash_Art.png/revision/latest/scale-to-width-down/1000?cb=20230210120736,
Jingliu,https://static.wikia.nocookie.net/houkai-star-rail/images/9/97/Character_Jingliu_Splash_Art.png/revision/latest/scale-to-width-down/1000?cb=20240525000314,"HP-scaling AoE DPS, Crit Damage","Crit Damage and HP Priority now (was Crit Damage and ATK). Now skill damage based on Max HP, and her passive and skill already boosting her Crit Rate and Damage",Hunter of Glacial Forest (4pc),https://static.wikia.nocookie.net/houkai-star-rail/images/e/e8/Item_Hunter_of_Glacial_Forest.png/revision/latest?cb=20230810043422,Rutilant Arena,https://static.wikia.nocookie.net/houkai-star-rail/images/7/70/Item_Rutilant_Arena.png/revision/latest?cb=20230810044056,I Shall Be My Own Sword,https://static.wikia.nocookie.net/houkai-star-rail/images/c/c7/Light_Cone_I_Shall_Be_My_Own_Sword.png/revision/latest?cb=20231011030715,Jingliu;Sunday;Tribbie;Hyacine,https://static.wikia.nocookie.net/houkai-star-rail/images/9/97/Character_Jingliu_Splash_Art.png/revision/latest/scale-to-width-down/1000?cb=20240525000314;https://static.wikia.nocookie.net/houkai-star-rail/images/2/21/Character_Sunday_Splash_Art.png/revision/latest/scale-to-width-down/1000?cb=20241224161538;https://static.wikia.nocookie.net/houkai-star-rail/images/e/eb/Character_Tribbie_Splash_Art.png/revision/latest/scale-to-width-down/1000?cb=20250309185506;https://static.wikia.nocookie.net/houkai-star-rail/images/7/7d/Character_Hyacine_Splash_Art.png/revision/latest/scale-to-width-down/1000?cb=20250521031729,"For Bronya shes a bit nuanced and theres a few ways to play her. Her build will however always have a Crit DMG body, ER rope, and SPD boots. The nuance now comes between whether you run her hyperspeed (160+ SPD) or as -1 SPD (ran a little slower than the main DPS to double their turns).  
So if Bronya was run with Jingliu and Blade then both of them would reach 134 SPD for example and then Bronya would be run with 133 SPD. This is a little SP intensive and youll need a fast sustain to support Bronyas SP usage. 

 
160 SPD Bronya means Jingliu and Blade would be run slower (or at 134 SPD) and Bronya can basic attack to generate some SP every so often. ",Ice,https://static.wikia.nocookie.net/houkai-star-rail/images/3/35/Type_Ice.png/revision/latest?cb=20220610120329,Destruction,https://static.wikia.nocookie.net/houkai-star-rail/images/d/df/Path_Destruction.png/revision/latest?cb=20240417234659,5,,https://static.wikia.nocookie.net/houkai-star-rail/images/7/7e/Path_Harmony.png/revision/latest?cb=20240417235441,Harmony,,,,,
Jingliu,https://static.wikia.nocookie.net/houkai-star-rail/images/9/97/Character_Jingliu_Splash_Art.png/revision/latest/scale-to-width-down/1000?cb=20240525000314,"HP-scaling AoE DPS, Crit Damage","Crit Damage and HP Priority now (was Crit Damage and ATK). Now skill damage based on Max HP, and her passive and skill already boosting her Crit Rate and Damage",Hunter of Glacial Forest (4pc),https://static.wikia.nocookie.net/houkai-star-rail/images/e/e8/Item_Hunter_of_Glacial_Forest.png/revision/latest?cb=20230810043422,Rutilant Arena,https://static.wikia.nocookie.net/houkai-star-rail/images/7/70/Item_Rutilant_Arena.png/revision/latest?cb=20230810044056,I Shall Be My Own Sword,https://static.wikia.nocookie.net/houkai-star-rail/images/c/c7/Light_Cone_I_Shall_Be_My_Own_Sword.png/revision/latest?cb=20231011030715,Jingliu;Sunday;Tribbie;Huo Huo,https://static.wikia.nocookie.net/houkai-star-rail/images/9/97/Character_Jingliu_Splash_Art.png/revision/latest/scale-to-width-down/1000?cb=20240525000314;https://static.wikia.nocookie.net/houkai-star-rail/images/2/21/Character_Sunday_Splash_Art.png/revision/latest/scale-to-width-down/1000?cb=20241224161538;https://static.wikia.nocookie.net/houkai-star-rail/images/e/eb/Character_Tribbie_Splash_Art.png/revision/latest/scale-to-width-down/1000?cb=20250309185506;https://static.wikia.nocookie.net/houkai-star-rail/images/7/7d/Character_Hyacine_Splash_Art.png/revision/latest/scale-to-width-down/1000?cb=20250521031729,aaa,Ice,https://static.wikia.nocookie.net/houkai-star-rail/images/3/35/Type_Ice.png/revision/latest?cb=20220610120329,Destruction,https://static.wikia.nocookie.net/houkai-star-rail/images/d/df/Path_Destruction.png/revision/latest?cb=20240417234659,5,,https://static.wikia.nocookie.net/houkai-star-rail/images/4/45/Path_Nihility.png/revision/latest?cb=20240417235304,Nihility,,,Black Swan,https://static.wikia.nocookie.net/houkai-star-rail/images/f/fd/Character_Black_Swan_Splash_Art.png/revision/latest/scale-to-width-down/1000?cb=20240220023547,
Jingliu,https://static.wikia.nocookie.net/houkai-star-rail/images/9/97/Character_Jingliu_Splash_Art.png/revision/latest/scale-to-width-down/1000?cb=20240525000314,"HP-scaling AoE DPS, Crit Damage","Crit Damage and HP Priority now (was Crit Damage and ATK). Now skill damage based on Max HP, and her passive and skill already boosting her Crit Rate and Damage",Hunter of Glacial Forest (4pc),https://static.wikia.nocookie.net/houkai-star-rail/images/e/e8/Item_Hunter_of_Glacial_Forest.png/revision/latest?cb=20230810043422,Rutilant Arena,https://static.wikia.nocookie.net/houkai-star-rail/images/7/70/Item_Rutilant_Arena.png/revision/latest?cb=20230810044056,I Shall Be My Own Sword,https://static.wikia.nocookie.net/houkai-star-rail/images/c/c7/Light_Cone_I_Shall_Be_My_Own_Sword.png/revision/latest?cb=20231011030715,Jingliu;Sunday;Tribbie;Luocha,https://static.wikia.nocookie.net/houkai-star-rail/images/9/97/Character_Jingliu_Splash_Art.png/revision/latest/scale-to-width-down/1000?cb=20240525000314;https://static.wikia.nocookie.net/houkai-star-rail/images/2/21/Character_Sunday_Splash_Art.png/revision/latest/scale-to-width-down/1000?cb=20241224161538;https://static.wikia.nocookie.net/houkai-star-rail/images/e/eb/Character_Tribbie_Splash_Art.png/revision/latest/scale-to-width-down/1000?cb=20250309185506;https://static.wikia.nocookie.net/houkai-star-rail/images/a/a5/Character_Luocha_Splash_Art.png/revision/latest/scale-to-width-down/1000?cb=20230628091054,aaa,Ice,https://static.wikia.nocookie.net/houkai-star-rail/images/3/35/Type_Ice.png/revision/latest?cb=20220610120329,Destruction,https://static.wikia.nocookie.net/houkai-star-rail/images/d/df/Path_Destruction.png/revision/latest?cb=20240417234659,5,,https://static.wikia.nocookie.net/houkai-star-rail/images/3/37/Path_Preservation.png/revision/latest?cb=20240417235425,Preservation,,,,,
Jingliu,https://static.wikia.nocookie.net/houkai-star-rail/images/9/97/Character_Jingliu_Splash_Art.png/revision/latest/scale-to-width-down/1000?cb=20240525000314,"HP-scaling AoE DPS, Crit Damage","Crit Damage and HP Priority now (was Crit Damage and ATK). Now skill damage based on Max HP, and her passive and skill already boosting her Crit Rate and Damage",Hunter of Glacial Forest (4pc),https://static.wikia.nocookie.net/houkai-star-rail/images/e/e8/Item_Hunter_of_Glacial_Forest.png/revision/latest?cb=20230810043422,Rutilant Arena,https://static.wikia.nocookie.net/houkai-star-rail/images/7/70/Item_Rutilant_Arena.png/revision/latest?cb=20230810044056,I Shall Be My Own Sword,https://static.wikia.nocookie.net/houkai-star-rail/images/c/c7/Light_Cone_I_Shall_Be_My_Own_Sword.png/revision/latest?cb=20231011030715,Jingliu;Sunday;Tribbie;Luocha,https://static.wikia.nocookie.net/houkai-star-rail/images/9/97/Character_Jingliu_Splash_Art.png/revision/latest/scale-to-width-down/1000?cb=20240525000314;https://static.wikia.nocookie.net/houkai-star-rail/images/2/21/Character_Sunday_Splash_Art.png/revision/latest/scale-to-width-down/1000?cb=20241224161538;https://static.wikia.nocookie.net/houkai-star-rail/images/e/eb/Character_Tribbie_Splash_Art.png/revision/latest/scale-to-width-down/1000?cb=20250309185506;https://static.wikia.nocookie.net/houkai-star-rail/images/a/a5/Character_Luocha_Splash_Art.png/revision/latest/scale-to-width-down/1000?cb=20230628091054,aaa,Ice,https://static.wikia.nocookie.net/houkai-star-rail/images/3/35/Type_Ice.png/revision/latest?cb=20220610120329,Destruction,https://static.wikia.nocookie.net/houkai-star-rail/images/d/df/Path_Destruction.png/revision/latest?cb=20240417234659,5,,https://static.wikia.nocookie.net/houkai-star-rail/images/9/94/Path_Abundance.png/revision/latest?cb=20240417235352,Abundance,,,Blade,https://static.wikia.nocookie.net/houkai-star-rail/images/1/16/Character_Blade_Splash_Art.png/revision/latest/scale-to-width-down/1000?cb=20230501004859,
Acheron,https://static.wikia.nocookie.net/houkai-star-rail/images/7/78/Character_Acheron_Splash_Art.png/revision/latest/scale-to-width-down/1000?cb=20240327021325,AoE Atk-Crit Damage,"Body Crit Damage, Boots Atk or Speed, Ring Atk or L dmg, Rope Atk",Pioneer Diver of Dead Waters,https://static.wikia.nocookie.net/houkai-star-rail/images/5/5a/Item_Izumo_Gensei_and_Takama_Divine_Realm.png/revision/latest?cb=20250315152543,Izumo Gensei and Takama Divine Realm (4pc),https://static.wikia.nocookie.net/houkai-star-rail/images/5/5a/Item_Izumo_Gensei_and_Takama_Divine_Realm.png/revision/latest?cb=20250315152543,Along the Passing Shore,https://static.wikia.nocookie.net/houkai-star-rail/images/0/08/Light_Cone_Along_the_Passing_Shore.png/revision/latest?cb=20240327025150,,,"Having black Swan with acheron is kinda hard ngl, cause she gonna waste your SP (yes, I do have Black Swan. She's collecting Dust rn) 
So i suggest acheron, pela, aventurine, cat

If you're wondering, this is my Acheron team",Lightning,https://static.wikia.nocookie.net/houkai-star-rail/images/1/15/Type_Lightning.png/revision/latest?cb=20220610120726,Nihility,https://static.wikia.nocookie.net/houkai-star-rail/images/4/45/Path_Nihility.png/revision/latest?cb=20240417235304,5,,https://static.wikia.nocookie.net/houkai-star-rail/images/2/2f/Path_Remembrance.png/revision/latest?cb=20240417235320,Remembrance,,,,,
Acheron,https://static.wikia.nocookie.net/houkai-star-rail/images/7/78/Character_Acheron_Splash_Art.png/revision/latest/scale-to-width-down/1000?cb=20240327021325,AoE Atk-Crit Damage,"Body Crit Damage, Boots Atk or Speed, Ring Atk or L dmg, Rope Atk",Pioneer Diver of Dead Waters,https://static.wikia.nocookie.net/houkai-star-rail/images/5/5a/Item_Izumo_Gensei_and_Takama_Divine_Realm.png/revision/latest?cb=20250315152543,Izumo Gensei and Takama Divine Realm (4pc),https://static.wikia.nocookie.net/houkai-star-rail/images/5/5a/Item_Izumo_Gensei_and_Takama_Divine_Realm.png/revision/latest?cb=20250315152543,Along the Passing Shore,https://static.wikia.nocookie.net/houkai-star-rail/images/0/08/Light_Cone_Along_the_Passing_Shore.png/revision/latest?cb=20240327025150,,,"You have some great dps, but I'm still going to recommend Acheron. You'll be able to destroy any of the content in the game with both Acheron and Jingliu",Lightning,https://static.wikia.nocookie.net/houkai-star-rail/images/1/15/Type_Lightning.png/revision/latest?cb=20220610120726,Nihility,https://static.wikia.nocookie.net/houkai-star-rail/images/4/45/Path_Nihility.png/revision/latest?cb=20240417235304,5,,,,,,Boothill,https://static.wikia.nocookie.net/houkai-star-rail/images/b/bb/Character_Boothill_Splash_Art.png/revision/latest/scale-to-width-down/1000?cb=20240624231026,
Acheron,https://static.wikia.nocookie.net/houkai-star-rail/images/7/78/Character_Acheron_Splash_Art.png/revision/latest/scale-to-width-down/1000?cb=20240327021325,AoE Atk-Crit Damage,"Body Crit Damage, Boots Atk or Speed, Ring Atk or L dmg, Rope Atk",Pioneer Diver of Dead Waters (4pc),https://static.wikia.nocookie.net/houkai-star-rail/images/5/5a/Item_Izumo_Gensei_and_Takama_Divine_Realm.png/revision/latest?cb=20250315152543,Izumo Gensei and Takama Divine Realm,https://static.wikia.nocookie.net/houkai-star-rail/images/5/5a/Item_Izumo_Gensei_and_Takama_Divine_Realm.png/revision/latest?cb=20250315152543,Along the Passing Shore,https://static.wikia.nocookie.net/houkai-star-rail/images/0/08/Light_Cone_Along_the_Passing_Shore.png/revision/latest?cb=20240327025150,,,Oh... That's so much... But pretty much what I realised after a few DU runs.. But thanks.. I needed to confirm my thoughts. I love fu xuan but being cc'd to death with her is so much torture!,Lightning,https://static.wikia.nocookie.net/houkai-star-rail/images/1/15/Type_Lightning.png/revision/latest?cb=20220610120726,Nihility,https://static.wikia.nocookie.net/houkai-star-rail/images/4/45/Path_Nihility.png/revision/latest?cb=20240417235304,5,,,,,,,,
Acheron,https://static.wikia.nocookie.net/houkai-star-rail/images/7/78/Character_Acheron_Splash_Art.png/revision/latest/scale-to-width-down/1000?cb=20240327021325,AoE Atk-Crit Damage,"Body Crit Damage, Boots Atk or Speed, Ring Atk or L dmg, Rope Atk",Pioneer Diver of Dead Waters (4pc),https://static.wikia.nocookie.net/houkai-star-rail/images/5/5a/Item_Izumo_Gensei_and_Takama_Divine_Realm.png/revision/latest?cb=20250315152543,Izumo Gensei and Takama Divine Realm,https://static.wikia.nocookie.net/houkai-star-rail/images/5/5a/Item_Izumo_Gensei_and_Takama_Divine_Realm.png/revision/latest?cb=20250315152543,Along the Passing Shore,https://static.wikia.nocookie.net/houkai-star-rail/images/0/08/Light_Cone_Along_the_Passing_Shore.png/revision/latest?cb=20240327025150,,," Aven's sig LC isn't that big of an upgrade over Trend LC if you're only pulling it just to make Acheron's stack generation faster. It might be the same as Trend LC if not only slightly faster (to the point that it doesn't even matter). I'd suggest saving your pulls for future characters instead  Cipher isn't out yet but from what we know in 'dreamland', at E0S1 she's a good teammate for Acheron.",Lightning,https://static.wikia.nocookie.net/houkai-star-rail/images/1/15/Type_Lightning.png/revision/latest?cb=20220610120726,Nihility,https://static.wikia.nocookie.net/houkai-star-rail/images/4/45/Path_Nihility.png/revision/latest?cb=20240417235304,5,,,,,,Bronya,https://static.wikia.nocookie.net/houkai-star-rail/images/7/7c/Character_Bronya_Splash_Art.png/revision/latest/scale-to-width-down/1000?cb=20240121130128,
Acheron,https://static.wikia.nocookie.net/houkai-star-rail/images/7/78/Character_Acheron_Splash_Art.png/revision/latest/scale-to-width-down/1000?cb=20240327021325,AoE Atk-Crit Damage,"Body Crit Damage, Boots Atk or Speed, Ring Atk or L dmg, Rope Atk",Pioneer Diver of Dead Waters (4pc),https://static.wikia.nocookie.net/houkai-star-rail/images/5/5a/Item_Izumo_Gensei_and_Takama_Divine_Realm.png/revision/latest?cb=20250315152543,Izumo Gensei and Takama Divine Realm,https://static.wikia.nocookie.net/houkai-star-rail/images/5/5a/Item_Izumo_Gensei_and_Takama_Divine_Realm.png/revision/latest?cb=20250315152543,Along the Passing Shore,https://static.wikia.nocookie.net/houkai-star-rail/images/0/08/Light_Cone_Along_the_Passing_Shore.png/revision/latest?cb=20240327025150,,,"Acheron, Pela, Jiaoqiu, Aventurine",Lightning,https://static.wikia.nocookie.net/houkai-star-rail/images/1/15/Type_Lightning.png/revision/latest?cb=20220610120726,Nihility,https://static.wikia.nocookie.net/houkai-star-rail/images/4/45/Path_Nihility.png/revision/latest?cb=20240417235304,5,,,,,,,,
Acheron,https://static.wikia.nocookie.net/houkai-star-rail/images/7/78/Character_Acheron_Splash_Art.png/revision/latest/scale-to-width-down/1000?cb=20240327021325,AoE Atk-Crit Damage,"Body Crit Damage, Boots Atk or Speed, Ring Atk or L dmg, Rope Atk",Pioneer Diver of Dead Waters (4pc),https://static.wikia.nocookie.net/houkai-star-rail/images/5/5a/Item_Izumo_Gensei_and_Takama_Divine_Realm.png/revision/latest?cb=20250315152543,Izumo Gensei and Takama Divine Realm,https://static.wikia.nocookie.net/houkai-star-rail/images/5/5a/Item_Izumo_Gensei_and_Takama_Divine_Realm.png/revision/latest?cb=20250315152543,Along the Passing Shore,https://static.wikia.nocookie.net/houkai-star-rail/images/0/08/Light_Cone_Along_the_Passing_Shore.png/revision/latest?cb=20240327025150,,,These 3 teams work for MoC or AS.,Lightning,https://static.wikia.nocookie.net/houkai-star-rail/images/1/15/Type_Lightning.png/revision/latest?cb=20220610120726,Nihility,https://static.wikia.nocookie.net/houkai-star-rail/images/4/45/Path_Nihility.png/revision/latest?cb=20240417235304,5,,,,,,Castorice,https://static.wikia.nocookie.net/houkai-star-rail/images/9/94/Character_Castorice_Splash_Art.png/revision/latest/scale-to-width-down/1000?cb=20250409035111,
Acheron,https://static.wikia.nocookie.net/houkai-star-rail/images/7/78/Character_Acheron_Splash_Art.png/revision/latest/scale-to-width-down/1000?cb=20240327021325,AoE Atk-Crit Damage,"Body Crit Damage, Boots Atk or Speed, Ring Atk or L dmg, Rope Atk",Pioneer Diver of Dead Waters (4pc),https://static.wikia.nocookie.net/houkai-star-rail/images/5/5a/Item_Izumo_Gensei_and_Takama_Divine_Realm.png/revision/latest?cb=20250315152543,Izumo Gensei and Takama Divine Realm,https://static.wikia.nocookie.net/houkai-star-rail/images/5/5a/Item_Izumo_Gensei_and_Takama_Divine_Realm.png/revision/latest?cb=20250315152543,Along the Passing Shore,https://static.wikia.nocookie.net/houkai-star-rail/images/0/08/Light_Cone_Along_the_Passing_Shore.png/revision/latest?cb=20240327025150,,,"Robin is an incredibly universal support and cuts cycles down by a lot for endgame, not just used in only FuA teams. Shes amazing with Acheron, DH, Argenti, DoT, and obviously as you said FuA. ",Lightning,https://static.wikia.nocookie.net/houkai-star-rail/images/1/15/Type_Lightning.png/revision/latest?cb=20220610120726,Nihility,https://static.wikia.nocookie.net/houkai-star-rail/images/4/45/Path_Nihility.png/revision/latest?cb=20240417235304,5,,,,,,,,
Acheron,https://static.wikia.nocookie.net/houkai-star-rail/images/7/78/Character_Acheron_Splash_Art.png/revision/latest/scale-to-width-down/1000?cb=20240327021325,AoE Atk-Crit Damage,"Body Crit Damage, Boots Atk or Speed, Ring Atk or L dmg, Rope Atk",Pioneer Diver of Dead Waters (4pc),https://static.wikia.nocookie.net/houkai-star-rail/images/5/5a/Item_Izumo_Gensei_and_Takama_Divine_Realm.png/revision/latest?cb=20250315152543,Izumo Gensei and Takama Divine Realm,https://static.wikia.nocookie.net/houkai-star-rail/images/5/5a/Item_Izumo_Gensei_and_Takama_Divine_Realm.png/revision/latest?cb=20250315152543,Along the Passing Shore,https://static.wikia.nocookie.net/houkai-star-rail/images/0/08/Light_Cone_Along_the_Passing_Shore.png/revision/latest?cb=20240327025150,,,To be honest I just put whatever I had in my relics inventory on him and never tried to bother with this guy ever since I know he's best in follow up damage team but I might use him in PF since 2 teams are needed and I think pela wont be running with ratio since she's slotted in acheron's team but I guess silver wolf can,Lightning,https://static.wikia.nocookie.net/houkai-star-rail/images/1/15/Type_Lightning.png/revision/latest?cb=20220610120726,Nihility,https://static.wikia.nocookie.net/houkai-star-rail/images/4/45/Path_Nihility.png/revision/latest?cb=20240417235304,5,,,,,,Cipher,https://static.wikia.nocookie.net/houkai-star-rail/images/0/0d/Character_Cipher_Splash_Art.png/revision/latest/scale-to-width-down/1000?cb=20250527140832,
Acheron,https://static.wikia.nocookie.net/houkai-star-rail/images/7/78/Character_Acheron_Splash_Art.png/revision/latest/scale-to-width-down/1000?cb=20240327021325,AoE Atk-Crit Damage,"Body Crit Damage, Boots Atk or Speed, Ring Atk or L dmg, Rope Atk",Pioneer Diver of Dead Waters (4pc),https://static.wikia.nocookie.net/houkai-star-rail/images/5/5a/Item_Izumo_Gensei_and_Takama_Divine_Realm.png/revision/latest?cb=20250315152543,Izumo Gensei and Takama Divine Realm,https://static.wikia.nocookie.net/houkai-star-rail/images/5/5a/Item_Izumo_Gensei_and_Takama_Divine_Realm.png/revision/latest?cb=20250315152543,Along the Passing Shore,https://static.wikia.nocookie.net/houkai-star-rail/images/0/08/Light_Cone_Along_the_Passing_Shore.png/revision/latest?cb=20240327025150,,,"As for teams shes (Robin )the best support for all FuA characters so Ratio, Topaz, Fei, etc. She also fits in very well into other teams like DoT or regular hypercarry teams like Seele/DHIL",Lightning,https://static.wikia.nocookie.net/houkai-star-rail/images/1/15/Type_Lightning.png/revision/latest?cb=20220610120726,Nihility,https://static.wikia.nocookie.net/houkai-star-rail/images/4/45/Path_Nihility.png/revision/latest?cb=20240417235304,5,,,,,,,,
Acheron,https://static.wikia.nocookie.net/houkai-star-rail/images/7/78/Character_Acheron_Splash_Art.png/revision/latest/scale-to-width-down/1000?cb=20240327021325,AoE Atk-Crit Damage,"Body Crit Damage, Boots Atk or Speed, Ring Atk or L dmg, Rope Atk",Pioneer Diver of Dead Waters (4pc),https://static.wikia.nocookie.net/houkai-star-rail/images/5/5a/Item_Izumo_Gensei_and_Takama_Divine_Realm.png/revision/latest?cb=20250315152543,Izumo Gensei and Takama Divine Realm,https://static.wikia.nocookie.net/houkai-star-rail/images/5/5a/Item_Izumo_Gensei_and_Takama_Divine_Realm.png/revision/latest?cb=20250315152543,Along the Passing Shore,https://static.wikia.nocookie.net/houkai-star-rail/images/0/08/Light_Cone_Along_the_Passing_Shore.png/revision/latest?cb=20240327025150,,,,Lightning,https://static.wikia.nocookie.net/houkai-star-rail/images/1/15/Type_Lightning.png/revision/latest?cb=20220610120726,Nihility,https://static.wikia.nocookie.net/houkai-star-rail/images/4/45/Path_Nihility.png/revision/latest?cb=20240417235304,5,,,,,,Clara,https://static.wikia.nocookie.net/houkai-star-rail/images/c/c2/Character_Clara_Splash_Art.png/revision/latest/scale-to-width-down/1000?cb=20230216231958,
Aglaea,https://static.wikia.nocookie.net/houkai-star-rail/images/8/81/Character_Aglaea_Splash_Art.png/revision/latest/scale-to-width-down/1000?cb=20250117063425,AoE DoT,"Bocy CR or CD, Boots Speed, Ring L dmg, Rope Energy or Atk",Hero of Triumphant Song (4pc),https://static.wikia.nocookie.net/houkai-star-rail/images/b/b4/Item_Hero_of_Triumphant_Song.png/revision/latest?cb=20250115231931,The Wondrous BananAmusement Park,https://static.wikia.nocookie.net/houkai-star-rail/images/b/b1/Item_The_Wondrous_BananAmusement_Park.png/revision/latest?cb=20240911204116,Time Woven Into Gold,https://static.wikia.nocookie.net/houkai-star-rail/images/1/15/Light_Cone_Time_Woven_Into_Gold.png/revision/latest?cb=20250123125415,,,"As for teams shes (Robin )the best support for all FuA characters so Ratio, Topaz, Fei, etc. She also fits in very well into other teams like DoT or regular hypercarry teams like Seele/DHIL",Lightning,https://static.wikia.nocookie.net/houkai-star-rail/images/1/15/Type_Lightning.png/revision/latest?cb=20220610120726,Remembrance,https://static.wikia.nocookie.net/houkai-star-rail/images/2/2f/Path_Remembrance.png/revision/latest?cb=20240417235320,5,,,,,,,,
Aglaea,https://static.wikia.nocookie.net/houkai-star-rail/images/8/81/Character_Aglaea_Splash_Art.png/revision/latest/scale-to-width-down/1000?cb=20250117063425,AoE DoT,"Bocy CR or CD, Boots Speed, Ring L dmg, Rope Energy or Atk",Hero of Triumphant Song (4pc),https://static.wikia.nocookie.net/houkai-star-rail/images/b/b4/Item_Hero_of_Triumphant_Song.png/revision/latest?cb=20250115231931,The Wondrous BananAmusement Park,https://static.wikia.nocookie.net/houkai-star-rail/images/b/b1/Item_The_Wondrous_BananAmusement_Park.png/revision/latest?cb=20240911204116,Time Woven Into Gold,https://static.wikia.nocookie.net/houkai-star-rail/images/1/15/Light_Cone_Time_Woven_Into_Gold.png/revision/latest?cb=20250123125415,,,aaaa,Lightning,https://static.wikia.nocookie.net/houkai-star-rail/images/1/15/Type_Lightning.png/revision/latest?cb=20220610120726,Remembrance,https://static.wikia.nocookie.net/houkai-star-rail/images/2/2f/Path_Remembrance.png/revision/latest?cb=20240417235320,5,,,,,,Dan Heng,https://static.wikia.nocookie.net/houkai-star-rail/images/e/e5/Character_Dan_Heng_Splash_Art.png/revision/latest/scale-to-width-down/1000?cb=20230525090149,
Aglaea,https://static.wikia.nocookie.net/houkai-star-rail/images/8/81/Character_Aglaea_Splash_Art.png/revision/latest/scale-to-width-down/1000?cb=20250117063425,AoE DoT,"Bocy CR or CD, Boots Speed, Ring L dmg, Rope Energy or Atk",Hero of Triumphant Song (4pc),https://static.wikia.nocookie.net/houkai-star-rail/images/b/b4/Item_Hero_of_Triumphant_Song.png/revision/latest?cb=20250115231931,The Wondrous BananAmusement Park,https://static.wikia.nocookie.net/houkai-star-rail/images/b/b1/Item_The_Wondrous_BananAmusement_Park.png/revision/latest?cb=20240911204116,Time Woven Into Gold,https://static.wikia.nocookie.net/houkai-star-rail/images/1/15/Light_Cone_Time_Woven_Into_Gold.png/revision/latest?cb=20250123125415,,,aaaa,Lightning,https://static.wikia.nocookie.net/houkai-star-rail/images/1/15/Type_Lightning.png/revision/latest?cb=20220610120726,Remembrance,https://static.wikia.nocookie.net/houkai-star-rail/images/2/2f/Path_Remembrance.png/revision/latest?cb=20240417235320,5,,,,,,,,
Aglaea,https://static.wikia.nocookie.net/houkai-star-rail/images/8/81/Character_Aglaea_Splash_Art.png/revision/latest/scale-to-width-down/1000?cb=20250117063425,AoE DoT,"Bocy CR or CD, Boots Speed, Ring L dmg, Rope Energy or Atk",Hero of Triumphant Song (4pc),https://static.wikia.nocookie.net/houkai-star-rail/images/b/b4/Item_Hero_of_Triumphant_Song.png/revision/latest?cb=20250115231931,The Wondrous BananAmusement Park,https://static.wikia.nocookie.net/houkai-star-rail/images/b/b1/Item_The_Wondrous_BananAmusement_Park.png/revision/latest?cb=20240911204116,Time Woven Into Gold,https://static.wikia.nocookie.net/houkai-star-rail/images/1/15/Light_Cone_Time_Woven_Into_Gold.png/revision/latest?cb=20250123125415,,,aaaa,Lightning,https://static.wikia.nocookie.net/houkai-star-rail/images/1/15/Type_Lightning.png/revision/latest?cb=20220610120726,Remembrance,https://static.wikia.nocookie.net/houkai-star-rail/images/2/2f/Path_Remembrance.png/revision/latest?cb=20240417235320,5,,,,,,Dan Heng. Imbibitor Lunae,https://static.wikia.nocookie.net/houkai-star-rail/images/2/2c/Character_Dan_Heng_%E2%80%A2_Imbibitor_Lunae_Splash_Art.png/revision/latest/scale-to-width-down/1000?cb=20230818234313,
Aglaea,https://static.wikia.nocookie.net/houkai-star-rail/images/8/81/Character_Aglaea_Splash_Art.png/revision/latest/scale-to-width-down/1000?cb=20250117063425,AoE DoT,"Bocy CR or CD, Boots Speed, Ring L dmg, Rope Energy or Atk",Hero of Triumphant Song (4pc),https://static.wikia.nocookie.net/houkai-star-rail/images/b/b4/Item_Hero_of_Triumphant_Song.png/revision/latest?cb=20250115231931,The Wondrous BananAmusement Park,https://static.wikia.nocookie.net/houkai-star-rail/images/b/b1/Item_The_Wondrous_BananAmusement_Park.png/revision/latest?cb=20240911204116,Time Woven Into Gold,https://static.wikia.nocookie.net/houkai-star-rail/images/1/15/Light_Cone_Time_Woven_Into_Gold.png/revision/latest?cb=20250123125415,,,aaaa,Lightning,https://static.wikia.nocookie.net/houkai-star-rail/images/1/15/Type_Lightning.png/revision/latest?cb=20220610120726,Remembrance,https://static.wikia.nocookie.net/houkai-star-rail/images/2/2f/Path_Remembrance.png/revision/latest?cb=20240417235320,5,,,,,,,,
Aglaea,https://static.wikia.nocookie.net/houkai-star-rail/images/8/81/Character_Aglaea_Splash_Art.png/revision/latest/scale-to-width-down/1000?cb=20250117063425,AoE DoT,"Bocy CR or CD, Boots Speed, Ring L dmg, Rope Energy or Atk",Hero of Triumphant Song (4pc),https://static.wikia.nocookie.net/houkai-star-rail/images/b/b4/Item_Hero_of_Triumphant_Song.png/revision/latest?cb=20250115231931,The Wondrous BananAmusement Park,https://static.wikia.nocookie.net/houkai-star-rail/images/b/b1/Item_The_Wondrous_BananAmusement_Park.png/revision/latest?cb=20240911204116,Time Woven Into Gold,https://static.wikia.nocookie.net/houkai-star-rail/images/1/15/Light_Cone_Time_Woven_Into_Gold.png/revision/latest?cb=20250123125415,,,aaaa,Lightning,https://static.wikia.nocookie.net/houkai-star-rail/images/1/15/Type_Lightning.png/revision/latest?cb=20220610120726,Remembrance,https://static.wikia.nocookie.net/houkai-star-rail/images/2/2f/Path_Remembrance.png/revision/latest?cb=20240417235320,5,,,,,,Dr. Ratio,https://static.wikia.nocookie.net/houkai-star-rail/images/5/56/Character_Dr._Ratio_Splash_Art.png/revision/latest/scale-to-width-down/1000?cb=20231227132629,
Aglaea,https://static.wikia.nocookie.net/houkai-star-rail/images/8/81/Character_Aglaea_Splash_Art.png/revision/latest/scale-to-width-down/1000?cb=20250117063425,AoE DoT,"Bocy CR or CD, Boots Speed, Ring L dmg, Rope Energy or Atk",Hero of Triumphant Song (4pc),https://static.wikia.nocookie.net/houkai-star-rail/images/b/b4/Item_Hero_of_Triumphant_Song.png/revision/latest?cb=20250115231931,The Wondrous BananAmusement Park,https://static.wikia.nocookie.net/houkai-star-rail/images/b/b1/Item_The_Wondrous_BananAmusement_Park.png/revision/latest?cb=20240911204116,Time Woven Into Gold,https://static.wikia.nocookie.net/houkai-star-rail/images/1/15/Light_Cone_Time_Woven_Into_Gold.png/revision/latest?cb=20250123125415,,,aaaa,Lightning,https://static.wikia.nocookie.net/houkai-star-rail/images/1/15/Type_Lightning.png/revision/latest?cb=20220610120726,Remembrance,https://static.wikia.nocookie.net/houkai-star-rail/images/2/2f/Path_Remembrance.png/revision/latest?cb=20240417235320,5,,,,,,,,
Aglaea,https://static.wikia.nocookie.net/houkai-star-rail/images/8/81/Character_Aglaea_Splash_Art.png/revision/latest/scale-to-width-down/1000?cb=20250117063425,AoE DoT,"Bocy CR or CD, Boots Speed, Ring L dmg, Rope Energy or Atk",Hero of Triumphant Song (4pc),https://static.wikia.nocookie.net/houkai-star-rail/images/b/b4/Item_Hero_of_Triumphant_Song.png/revision/latest?cb=20250115231931,The Wondrous BananAmusement Park,https://static.wikia.nocookie.net/houkai-star-rail/images/b/b1/Item_The_Wondrous_BananAmusement_Park.png/revision/latest?cb=20240911204116,Time Woven Into Gold,https://static.wikia.nocookie.net/houkai-star-rail/images/1/15/Light_Cone_Time_Woven_Into_Gold.png/revision/latest?cb=20250123125415,,,aaaa,Lightning,https://static.wikia.nocookie.net/houkai-star-rail/images/1/15/Type_Lightning.png/revision/latest?cb=20220610120726,Remembrance,https://static.wikia.nocookie.net/houkai-star-rail/images/2/2f/Path_Remembrance.png/revision/latest?cb=20240417235320,5,,,,,,Feixiao,https://static.wikia.nocookie.net/houkai-star-rail/images/6/61/Character_Feixiao_Splash_Art.png/revision/latest/scale-to-width-down/1000?cb=20241007220552,
Aglaea,https://static.wikia.nocookie.net/houkai-star-rail/images/8/81/Character_Aglaea_Splash_Art.png/revision/latest/scale-to-width-down/1000?cb=20250117063425,AoE DoT,"Bocy CR or CD, Boots Speed, Ring L dmg, Rope Energy or Atk",Hero of Triumphant Song (4pc),https://static.wikia.nocookie.net/houkai-star-rail/images/b/b4/Item_Hero_of_Triumphant_Song.png/revision/latest?cb=20250115231931,The Wondrous BananAmusement Park,https://static.wikia.nocookie.net/houkai-star-rail/images/b/b1/Item_The_Wondrous_BananAmusement_Park.png/revision/latest?cb=20240911204116,Time Woven Into Gold,https://static.wikia.nocookie.net/houkai-star-rail/images/1/15/Light_Cone_Time_Woven_Into_Gold.png/revision/latest?cb=20250123125415,,,aaaa,Lightning,https://static.wikia.nocookie.net/houkai-star-rail/images/1/15/Type_Lightning.png/revision/latest?cb=20220610120726,Remembrance,https://static.wikia.nocookie.net/houkai-star-rail/images/2/2f/Path_Remembrance.png/revision/latest?cb=20240417235320,5,,,,,,,,
Aglaea,https://static.wikia.nocookie.net/houkai-star-rail/images/8/81/Character_Aglaea_Splash_Art.png/revision/latest/scale-to-width-down/1000?cb=20250117063425,AoE DoT,"Bocy CR or CD, Boots Speed, Ring L dmg, Rope Energy or Atk",Hero of Triumphant Song (4pc),https://static.wikia.nocookie.net/houkai-star-rail/images/b/b4/Item_Hero_of_Triumphant_Song.png/revision/latest?cb=20250115231931,The Wondrous BananAmusement Park,https://static.wikia.nocookie.net/houkai-star-rail/images/b/b1/Item_The_Wondrous_BananAmusement_Park.png/revision/latest?cb=20240911204116,Time Woven Into Gold,https://static.wikia.nocookie.net/houkai-star-rail/images/1/15/Light_Cone_Time_Woven_Into_Gold.png/revision/latest?cb=20250123125415,,,aaaa,Lightning,https://static.wikia.nocookie.net/houkai-star-rail/images/1/15/Type_Lightning.png/revision/latest?cb=20220610120726,Remembrance,https://static.wikia.nocookie.net/houkai-star-rail/images/2/2f/Path_Remembrance.png/revision/latest?cb=20240417235320,5,,,,,,Firefly,https://static.wikia.nocookie.net/houkai-star-rail/images/3/38/Character_Firefly_Splash_Art.png/revision/latest/scale-to-width-down/1000?cb=20241007220547,
Anaxa,https://static.wikia.nocookie.net/houkai-star-rail/images/7/73/Character_Anaxa_Splash_Art.png/revision/latest/scale-to-width-down/1000?cb=20250409035048,"Sub-DPS, Debuffer","Benefits from a build that focuses on maximizing his damage output, especially against enemies with multiple weaknesses. Prioritizes Crit Rate, Crit DMG, ATK, and SPD",Scholar Lost in Erudition (4pc),https://static.wikia.nocookie.net/houkai-star-rail/images/f/fc/Item_Scholar_Lost_in_Erudition.png/revision/latest?cb=20241104210439,Izumo Gensei and Takama Divine Realm,https://static.wikia.nocookie.net/houkai-star-rail/images/5/5a/Item_Izumo_Gensei_and_Takama_Divine_Realm.png/revision/latest?cb=20250315152543,Life Should Be Cast to Flames,https://static.wikia.nocookie.net/houkai-star-rail/images/a/a1/Light_Cone_Life_Should_Be_Cast_to_Flames.png/revision/latest?cb=20250409035428,,,aaaa,Wind,https://static.wikia.nocookie.net/houkai-star-rail/images/e/ec/Type_Wind.png/revision/latest?cb=20220610121015,Erudition,https://static.wikia.nocookie.net/houkai-star-rail/images/5/53/Path_Erudition.png/revision/latest?cb=20240417235548,5,,,,,,,,
Anaxa,https://static.wikia.nocookie.net/houkai-star-rail/images/7/73/Character_Anaxa_Splash_Art.png/revision/latest/scale-to-width-down/1000?cb=20250409035048,"Sub-DPS, Debuffer","benefits from a build that focuses on maximizing his damage output, especially against enemies with multiple weaknesses. Prioritizes Crit Rate, Crit DMG, ATK, and SPD",Scholar Lost in Erudition (4pc),https://static.wikia.nocookie.net/houkai-star-rail/images/f/fc/Item_Scholar_Lost_in_Erudition.png/revision/latest?cb=20241104210439,Izumo Gensei and Takama Divine Realm,https://static.wikia.nocookie.net/houkai-star-rail/images/5/5a/Item_Izumo_Gensei_and_Takama_Divine_Realm.png/revision/latest?cb=20250315152543,Life Should Be Cast to Flames,https://static.wikia.nocookie.net/houkai-star-rail/images/a/a1/Light_Cone_Life_Should_Be_Cast_to_Flames.png/revision/latest?cb=20250409035428,,,aaaa,Wind,https://static.wikia.nocookie.net/houkai-star-rail/images/e/ec/Type_Wind.png/revision/latest?cb=20220610121015,Erudition,https://static.wikia.nocookie.net/houkai-star-rail/images/5/53/Path_Erudition.png/revision/latest?cb=20240417235548,5,,,,,,Fu Xuan,https://static.wikia.nocookie.net/houkai-star-rail/images/3/3e/Character_Fu_Xuan_Splash_Art.png/revision/latest/scale-to-width-down/1000?cb=20230928224921,
Anaxa,https://static.wikia.nocookie.net/houkai-star-rail/images/7/73/Character_Anaxa_Splash_Art.png/revision/latest/scale-to-width-down/1000?cb=20250409035048,"Sub-DPS, Debuffer","benefits from a build that focuses on maximizing his damage output, especially against enemies with multiple weaknesses. Prioritizes Crit Rate, Crit DMG, ATK, and SPD",Scholar Lost in Erudition (4pc),https://static.wikia.nocookie.net/houkai-star-rail/images/f/fc/Item_Scholar_Lost_in_Erudition.png/revision/latest?cb=20241104210439,Izumo Gensei and Takama Divine Realm,https://static.wikia.nocookie.net/houkai-star-rail/images/5/5a/Item_Izumo_Gensei_and_Takama_Divine_Realm.png/revision/latest?cb=20250315152543,Life Should Be Cast to Flames,https://static.wikia.nocookie.net/houkai-star-rail/images/a/a1/Light_Cone_Life_Should_Be_Cast_to_Flames.png/revision/latest?cb=20250409035428,,,aaaa,Wind,https://static.wikia.nocookie.net/houkai-star-rail/images/e/ec/Type_Wind.png/revision/latest?cb=20220610121015,Erudition,https://static.wikia.nocookie.net/houkai-star-rail/images/5/53/Path_Erudition.png/revision/latest?cb=20240417235548,5,,,,,,,,
Anaxa,https://static.wikia.nocookie.net/houkai-star-rail/images/7/73/Character_Anaxa_Splash_Art.png/revision/latest/scale-to-width-down/1000?cb=20250409035048,"Sub-DPS, Debuffer","benefits from a build that focuses on maximizing his damage output, especially against enemies with multiple weaknesses. Prioritizes Crit Rate, Crit DMG, ATK, and SPD",Scholar Lost in Erudition (4pc),https://static.wikia.nocookie.net/houkai-star-rail/images/f/fc/Item_Scholar_Lost_in_Erudition.png/revision/latest?cb=20241104210439,Izumo Gensei and Takama Divine Realm,https://static.wikia.nocookie.net/houkai-star-rail/images/5/5a/Item_Izumo_Gensei_and_Takama_Divine_Realm.png/revision/latest?cb=20250315152543,Life Should Be Cast to Flames,https://static.wikia.nocookie.net/houkai-star-rail/images/a/a1/Light_Cone_Life_Should_Be_Cast_to_Flames.png/revision/latest?cb=20250409035428,,,aaaa,Wind,https://static.wikia.nocookie.net/houkai-star-rail/images/e/ec/Type_Wind.png/revision/latest?cb=20220610121015,Erudition,https://static.wikia.nocookie.net/houkai-star-rail/images/5/53/Path_Erudition.png/revision/latest?cb=20240417235548,5,,,,,,Fugue,https://static.wikia.nocookie.net/houkai-star-rail/images/4/4c/Character_Fugue_Splash_Art.png/revision/latest/scale-to-width-down/1000?cb=20241122125941,
Anaxa,https://static.wikia.nocookie.net/houkai-star-rail/images/7/73/Character_Anaxa_Splash_Art.png/revision/latest/scale-to-width-down/1000?cb=20250409035048,"Sub-DPS, Debuffer","benefits from a build that focuses on maximizing his damage output, especially against enemies with multiple weaknesses. Prioritizes Crit Rate, Crit DMG, ATK, and SPD",Scholar Lost in Erudition (4pc),https://static.wikia.nocookie.net/houkai-star-rail/images/f/fc/Item_Scholar_Lost_in_Erudition.png/revision/latest?cb=20241104210439,Izumo Gensei and Takama Divine Realm,https://static.wikia.nocookie.net/houkai-star-rail/images/5/5a/Item_Izumo_Gensei_and_Takama_Divine_Realm.png/revision/latest?cb=20250315152543,Life Should Be Cast to Flames,https://static.wikia.nocookie.net/houkai-star-rail/images/a/a1/Light_Cone_Life_Should_Be_Cast_to_Flames.png/revision/latest?cb=20250409035428,,,aaaa,Wind,https://static.wikia.nocookie.net/houkai-star-rail/images/e/ec/Type_Wind.png/revision/latest?cb=20220610121015,Erudition,https://static.wikia.nocookie.net/houkai-star-rail/images/5/53/Path_Erudition.png/revision/latest?cb=20240417235548,5,,,,,,,,
Anaxa,https://static.wikia.nocookie.net/houkai-star-rail/images/7/73/Character_Anaxa_Splash_Art.png/revision/latest/scale-to-width-down/1000?cb=20250409035048,"Sub-DPS, Debuffer","benefits from a build that focuses on maximizing his damage output, especially against enemies with multiple weaknesses. Prioritizes Crit Rate, Crit DMG, ATK, and SPD",Scholar Lost in Erudition (4pc),https://static.wikia.nocookie.net/houkai-star-rail/images/f/fc/Item_Scholar_Lost_in_Erudition.png/revision/latest?cb=20241104210439,Izumo Gensei and Takama Divine Realm,https://static.wikia.nocookie.net/houkai-star-rail/images/5/5a/Item_Izumo_Gensei_and_Takama_Divine_Realm.png/revision/latest?cb=20250315152543,Life Should Be Cast to Flames,https://static.wikia.nocookie.net/houkai-star-rail/images/a/a1/Light_Cone_Life_Should_Be_Cast_to_Flames.png/revision/latest?cb=20250409035428,,,aaaa,Wind,https://static.wikia.nocookie.net/houkai-star-rail/images/e/ec/Type_Wind.png/revision/latest?cb=20220610121015,Erudition,https://static.wikia.nocookie.net/houkai-star-rail/images/5/53/Path_Erudition.png/revision/latest?cb=20240417235548,5,,,,,,Gallagher,https://static.wikia.nocookie.net/houkai-star-rail/images/2/2d/Character_Gallagher_Splash_Art.png/revision/latest/scale-to-width-down/1000?cb=20240327022011,
Anaxa,https://static.wikia.nocookie.net/houkai-star-rail/images/7/73/Character_Anaxa_Splash_Art.png/revision/latest/scale-to-width-down/1000?cb=20250409035048,"Sub-DPS, Debuffer","benefits from a build that focuses on maximizing his damage output, especially against enemies with multiple weaknesses. Prioritizes Crit Rate, Crit DMG, ATK, and SPD",Scholar Lost in Erudition (4pc),https://static.wikia.nocookie.net/houkai-star-rail/images/f/fc/Item_Scholar_Lost_in_Erudition.png/revision/latest?cb=20241104210439,Izumo Gensei and Takama Divine Realm,https://static.wikia.nocookie.net/houkai-star-rail/images/5/5a/Item_Izumo_Gensei_and_Takama_Divine_Realm.png/revision/latest?cb=20250315152543,Life Should Be Cast to Flames,https://static.wikia.nocookie.net/houkai-star-rail/images/a/a1/Light_Cone_Life_Should_Be_Cast_to_Flames.png/revision/latest?cb=20250409035428,,,aaaa,Wind,https://static.wikia.nocookie.net/houkai-star-rail/images/e/ec/Type_Wind.png/revision/latest?cb=20220610121015,Erudition,https://static.wikia.nocookie.net/houkai-star-rail/images/5/53/Path_Erudition.png/revision/latest?cb=20240417235548,5,,,,,,,,
Anaxa,https://static.wikia.nocookie.net/houkai-star-rail/images/7/73/Character_Anaxa_Splash_Art.png/revision/latest/scale-to-width-down/1000?cb=20250409035048,"Sub-DPS, Debuffer","benefits from a build that focuses on maximizing his damage output, especially against enemies with multiple weaknesses. Prioritizes Crit Rate, Crit DMG, ATK, and SPD",Scholar Lost in Erudition (4pc),https://static.wikia.nocookie.net/houkai-star-rail/images/f/fc/Item_Scholar_Lost_in_Erudition.png/revision/latest?cb=20241104210439,Izumo Gensei and Takama Divine Realm,https://static.wikia.nocookie.net/houkai-star-rail/images/5/5a/Item_Izumo_Gensei_and_Takama_Divine_Realm.png/revision/latest?cb=20250315152543,Life Should Be Cast to Flames,https://static.wikia.nocookie.net/houkai-star-rail/images/a/a1/Light_Cone_Life_Should_Be_Cast_to_Flames.png/revision/latest?cb=20250409035428,,,aaaa,Wind,https://static.wikia.nocookie.net/houkai-star-rail/images/e/ec/Type_Wind.png/revision/latest?cb=20220610121015,Erudition,https://static.wikia.nocookie.net/houkai-star-rail/images/5/53/Path_Erudition.png/revision/latest?cb=20240417235548,5,,,,,,Gepard,https://static.wikia.nocookie.net/houkai-star-rail/images/9/96/Character_Gepard_Splash_Art.png/revision/latest/scale-to-width-down/1000?cb=20230216232354,
Anaxa,https://static.wikia.nocookie.net/houkai-star-rail/images/7/73/Character_Anaxa_Splash_Art.png/revision/latest/scale-to-width-down/1000?cb=20250409035048,"Sub-DPS, Debuffer","benefits from a build that focuses on maximizing his damage output, especially against enemies with multiple weaknesses. Prioritizes Crit Rate, Crit DMG, ATK, and SPD",Scholar Lost in Erudition (4pc),https://static.wikia.nocookie.net/houkai-star-rail/images/f/fc/Item_Scholar_Lost_in_Erudition.png/revision/latest?cb=20241104210439,Izumo Gensei and Takama Divine Realm,https://static.wikia.nocookie.net/houkai-star-rail/images/5/5a/Item_Izumo_Gensei_and_Takama_Divine_Realm.png/revision/latest?cb=20250315152543,Life Should Be Cast to Flames,https://static.wikia.nocookie.net/houkai-star-rail/images/a/a1/Light_Cone_Life_Should_Be_Cast_to_Flames.png/revision/latest?cb=20250409035428,,,aaaa,Wind,https://static.wikia.nocookie.net/houkai-star-rail/images/e/ec/Type_Wind.png/revision/latest?cb=20220610121015,Erudition,https://static.wikia.nocookie.net/houkai-star-rail/images/5/53/Path_Erudition.png/revision/latest?cb=20240417235548,5,,,,,,,,
Anaxa,https://static.wikia.nocookie.net/houkai-star-rail/images/7/73/Character_Anaxa_Splash_Art.png/revision/latest/scale-to-width-down/1000?cb=20250409035048,"Sub-DPS, Debuffer","benefits from a build that focuses on maximizing his damage output, especially against enemies with multiple weaknesses. Prioritizes Crit Rate, Crit DMG, ATK, and SPD",Scholar Lost in Erudition (4pc),https://static.wikia.nocookie.net/houkai-star-rail/images/f/fc/Item_Scholar_Lost_in_Erudition.png/revision/latest?cb=20241104210439,Izumo Gensei and Takama Divine Realm,https://static.wikia.nocookie.net/houkai-star-rail/images/5/5a/Item_Izumo_Gensei_and_Takama_Divine_Realm.png/revision/latest?cb=20250315152543,Life Should Be Cast to Flames,https://static.wikia.nocookie.net/houkai-star-rail/images/a/a1/Light_Cone_Life_Should_Be_Cast_to_Flames.png/revision/latest?cb=20250409035428,,,aaaa,Wind,https://static.wikia.nocookie.net/houkai-star-rail/images/e/ec/Type_Wind.png/revision/latest?cb=20220610121015,Erudition,https://static.wikia.nocookie.net/houkai-star-rail/images/5/53/Path_Erudition.png/revision/latest?cb=20240417235548,5,,,,,,Guinaifen,https://static.wikia.nocookie.net/houkai-star-rail/images/3/33/Character_Guinaifen_Splash_Art.png/revision/latest/scale-to-width-down/1000?cb=20231030040741,
Argenti,https://static.wikia.nocookie.net/houkai-star-rail/images/9/90/Character_Argenti_Splash_Art.png/revision/latest/scale-to-width-down/1000?cb=20231206232011,Sustain-DPS,"Body CR or CD, Boots Speed, Reing P dmg, Rope Atk or Energy",Champion of Streetwise Boxing (4pc),https://static.wikia.nocookie.net/houkai-star-rail/images/b/b9/Item_Champion_of_Streetwise_Boxing.png/revision/latest?cb=20230810042737,Inert Salsotto,https://static.wikia.nocookie.net/houkai-star-rail/images/f/f5/Item_Inert_Salsotto.png/revision/latest?cb=20230810043523,An Instant Before A Gaze,https://static.wikia.nocookie.net/houkai-star-rail/images/2/24/Light_Cone_An_Instant_Before_A_Gaze.png/revision/latest?cb=20231206040430,,,"You can pick up Argenti, Jade, or Rappa so you have more variety to cover weaknesses for PF. Since weakness and buffs change very often its hard to really make a particular team.",Physical,https://static.wikia.nocookie.net/houkai-star-rail/images/6/69/Type_Physical.png/revision/latest?cb=20220610120901,Erudition,https://static.wikia.nocookie.net/houkai-star-rail/images/5/53/Path_Erudition.png/revision/latest?cb=20240417235548,5,,,,,,,,
Argenti,https://static.wikia.nocookie.net/houkai-star-rail/images/9/90/Character_Argenti_Splash_Art.png/revision/latest/scale-to-width-down/1000?cb=20231206232011,Sustain-DPS,"Body CR or CD, Boots Speed, Reing P dmg, Rope Atk or Energy",Champion of Streetwise Boxing (4pc),https://static.wikia.nocookie.net/houkai-star-rail/images/b/b9/Item_Champion_of_Streetwise_Boxing.png/revision/latest?cb=20230810042737,Inert Salsotto,https://static.wikia.nocookie.net/houkai-star-rail/images/f/f5/Item_Inert_Salsotto.png/revision/latest?cb=20230810043523,An Instant Before A Gaze,https://static.wikia.nocookie.net/houkai-star-rail/images/2/24/Light_Cone_An_Instant_Before_A_Gaze.png/revision/latest?cb=20231206040430,,,"Robin is an incredibly universal support and cuts cycles down by a lot for endgame, not just used in only FuA teams. Shes amazing with Acheron, DH, Argenti, DoT, and obviously as you said FuA. ",Physical,https://static.wikia.nocookie.net/houkai-star-rail/images/6/69/Type_Physical.png/revision/latest?cb=20220610120901,Erudition,https://static.wikia.nocookie.net/houkai-star-rail/images/5/53/Path_Erudition.png/revision/latest?cb=20240417235548,5,,,,,,Hanya,https://static.wikia.nocookie.net/houkai-star-rail/images/e/e8/Character_Hanya_Splash_Art.png/revision/latest/scale-to-width-down/1000?cb=20231206232120,
Argenti,https://static.wikia.nocookie.net/houkai-star-rail/images/9/90/Character_Argenti_Splash_Art.png/revision/latest/scale-to-width-down/1000?cb=20231206232011,Sustain-DPS,"Body CR or CD, Boots Speed, Reing P dmg, Rope Atk or Energy",Champion of Streetwise Boxing (4pc),https://static.wikia.nocookie.net/houkai-star-rail/images/b/b9/Item_Champion_of_Streetwise_Boxing.png/revision/latest?cb=20230810042737,Inert Salsotto,https://static.wikia.nocookie.net/houkai-star-rail/images/f/f5/Item_Inert_Salsotto.png/revision/latest?cb=20230810043523,An Instant Before A Gaze,https://static.wikia.nocookie.net/houkai-star-rail/images/2/24/Light_Cone_An_Instant_Before_A_Gaze.png/revision/latest?cb=20231206040430,,,aaaa,Physical,https://static.wikia.nocookie.net/houkai-star-rail/images/6/69/Type_Physical.png/revision/latest?cb=20220610120901,Erudition,https://static.wikia.nocookie.net/houkai-star-rail/images/5/53/Path_Erudition.png/revision/latest?cb=20240417235548,5,,,,,,,,
Argenti,https://static.wikia.nocookie.net/houkai-star-rail/images/9/90/Character_Argenti_Splash_Art.png/revision/latest/scale-to-width-down/1000?cb=20231206232011,Sustain-DPS,"Body CR or CD, Boots Speed, Reing P dmg, Rope Atk or Energy",Champion of Streetwise Boxing (4pc),https://static.wikia.nocookie.net/houkai-star-rail/images/b/b9/Item_Champion_of_Streetwise_Boxing.png/revision/latest?cb=20230810042737,Inert Salsotto,https://static.wikia.nocookie.net/houkai-star-rail/images/f/f5/Item_Inert_Salsotto.png/revision/latest?cb=20230810043523,An Instant Before A Gaze,https://static.wikia.nocookie.net/houkai-star-rail/images/2/24/Light_Cone_An_Instant_Before_A_Gaze.png/revision/latest?cb=20231206040430,,,aaaa,Physical,https://static.wikia.nocookie.net/houkai-star-rail/images/6/69/Type_Physical.png/revision/latest?cb=20220610120901,Erudition,https://static.wikia.nocookie.net/houkai-star-rail/images/5/53/Path_Erudition.png/revision/latest?cb=20240417235548,5,,,,,,Herta,https://static.wikia.nocookie.net/houkai-star-rail/images/8/8c/Character_Herta_Splash_Art.png/revision/latest/scale-to-width-down/1000?cb=20230216231220,
Argenti,https://static.wikia.nocookie.net/houkai-star-rail/images/9/90/Character_Argenti_Splash_Art.png/revision/latest/scale-to-width-down/1000?cb=20231206232011,Sustain-DPS,"Body CR or CD, Boots Speed, Reing P dmg, Rope Atk or Energy",Champion of Streetwise Boxing (4pc),https://static.wikia.nocookie.net/houkai-star-rail/images/b/b9/Item_Champion_of_Streetwise_Boxing.png/revision/latest?cb=20230810042737,Inert Salsotto,https://static.wikia.nocookie.net/houkai-star-rail/images/f/f5/Item_Inert_Salsotto.png/revision/latest?cb=20230810043523,An Instant Before A Gaze,https://static.wikia.nocookie.net/houkai-star-rail/images/2/24/Light_Cone_An_Instant_Before_A_Gaze.png/revision/latest?cb=20231206040430,,,aaaa,Physical,https://static.wikia.nocookie.net/houkai-star-rail/images/6/69/Type_Physical.png/revision/latest?cb=20220610120901,Erudition,https://static.wikia.nocookie.net/houkai-star-rail/images/5/53/Path_Erudition.png/revision/latest?cb=20240417235548,5,,,,,,,,
Argenti,https://static.wikia.nocookie.net/houkai-star-rail/images/9/90/Character_Argenti_Splash_Art.png/revision/latest/scale-to-width-down/1000?cb=20231206232011,Sustain-DPS,"Body CR or CD, Boots Speed, Reing P dmg, Rope Atk or Energy",Champion of Streetwise Boxing (4pc),https://static.wikia.nocookie.net/houkai-star-rail/images/b/b9/Item_Champion_of_Streetwise_Boxing.png/revision/latest?cb=20230810042737,Inert Salsotto,https://static.wikia.nocookie.net/houkai-star-rail/images/f/f5/Item_Inert_Salsotto.png/revision/latest?cb=20230810043523,An Instant Before A Gaze,https://static.wikia.nocookie.net/houkai-star-rail/images/2/24/Light_Cone_An_Instant_Before_A_Gaze.png/revision/latest?cb=20231206040430,,,aaaa,Physical,https://static.wikia.nocookie.net/houkai-star-rail/images/6/69/Type_Physical.png/revision/latest?cb=20220610120901,Erudition,https://static.wikia.nocookie.net/houkai-star-rail/images/5/53/Path_Erudition.png/revision/latest?cb=20240417235548,5,,,,,,Himeko,https://static.wikia.nocookie.net/houkai-star-rail/images/8/8e/Character_Himeko_Splash_Art.png/revision/latest/scale-to-width-down/1000?cb=20230525090036,
Argenti,https://static.wikia.nocookie.net/houkai-star-rail/images/9/90/Character_Argenti_Splash_Art.png/revision/latest/scale-to-width-down/1000?cb=20231206232011,Sustain-DPS,"Body CR or CD, Boots Speed, Reing P dmg, Rope Atk or Energy",Champion of Streetwise Boxing (4pc),https://static.wikia.nocookie.net/houkai-star-rail/images/b/b9/Item_Champion_of_Streetwise_Boxing.png/revision/latest?cb=20230810042737,Inert Salsotto,https://static.wikia.nocookie.net/houkai-star-rail/images/f/f5/Item_Inert_Salsotto.png/revision/latest?cb=20230810043523,An Instant Before A Gaze,https://static.wikia.nocookie.net/houkai-star-rail/images/2/24/Light_Cone_An_Instant_Before_A_Gaze.png/revision/latest?cb=20231206040430,,,aaaa,Physical,https://static.wikia.nocookie.net/houkai-star-rail/images/6/69/Type_Physical.png/revision/latest?cb=20220610120901,Erudition,https://static.wikia.nocookie.net/houkai-star-rail/images/5/53/Path_Erudition.png/revision/latest?cb=20240417235548,5,,,,,,,,
Argenti,https://static.wikia.nocookie.net/houkai-star-rail/images/9/90/Character_Argenti_Splash_Art.png/revision/latest/scale-to-width-down/1000?cb=20231206232011,Sustain-DPS,"Body CR or CD, Boots Speed, Reing P dmg, Rope Atk or Energy",Champion of Streetwise Boxing (4pc),https://static.wikia.nocookie.net/houkai-star-rail/images/b/b9/Item_Champion_of_Streetwise_Boxing.png/revision/latest?cb=20230810042737,Inert Salsotto,https://static.wikia.nocookie.net/houkai-star-rail/images/f/f5/Item_Inert_Salsotto.png/revision/latest?cb=20230810043523,An Instant Before A Gaze,https://static.wikia.nocookie.net/houkai-star-rail/images/2/24/Light_Cone_An_Instant_Before_A_Gaze.png/revision/latest?cb=20231206040430,,,aaaa,Physical,https://static.wikia.nocookie.net/houkai-star-rail/images/6/69/Type_Physical.png/revision/latest?cb=20220610120901,Erudition,https://static.wikia.nocookie.net/houkai-star-rail/images/5/53/Path_Erudition.png/revision/latest?cb=20240417235548,5,,,,,,Hook,https://static.wikia.nocookie.net/houkai-star-rail/images/e/ec/Character_Hook_Splash_Art.png/revision/latest/scale-to-width-down/1000?cb=20230525090126,
Argenti,https://static.wikia.nocookie.net/houkai-star-rail/images/9/90/Character_Argenti_Splash_Art.png/revision/latest/scale-to-width-down/1000?cb=20231206232011,Sustain-DPS,"Body CR or CD, Boots Speed, Reing P dmg, Rope Atk or Energy",Champion of Streetwise Boxing (4pc),https://static.wikia.nocookie.net/houkai-star-rail/images/b/b9/Item_Champion_of_Streetwise_Boxing.png/revision/latest?cb=20230810042737,Inert Salsotto,https://static.wikia.nocookie.net/houkai-star-rail/images/f/f5/Item_Inert_Salsotto.png/revision/latest?cb=20230810043523,An Instant Before A Gaze,https://static.wikia.nocookie.net/houkai-star-rail/images/2/24/Light_Cone_An_Instant_Before_A_Gaze.png/revision/latest?cb=20231206040430,,,aaaa,Physical,https://static.wikia.nocookie.net/houkai-star-rail/images/6/69/Type_Physical.png/revision/latest?cb=20220610120901,Erudition,https://static.wikia.nocookie.net/houkai-star-rail/images/5/53/Path_Erudition.png/revision/latest?cb=20240417235548,5,,,,,,,,
Argenti,https://static.wikia.nocookie.net/houkai-star-rail/images/9/90/Character_Argenti_Splash_Art.png/revision/latest/scale-to-width-down/1000?cb=20231206232011,Sustain-DPS,"Body CR or CD, Boots Speed, Reing P dmg, Rope Atk or Energy",Champion of Streetwise Boxing (4pc),https://static.wikia.nocookie.net/houkai-star-rail/images/b/b9/Item_Champion_of_Streetwise_Boxing.png/revision/latest?cb=20230810042737,Inert Salsotto,https://static.wikia.nocookie.net/houkai-star-rail/images/f/f5/Item_Inert_Salsotto.png/revision/latest?cb=20230810043523,An Instant Before A Gaze,https://static.wikia.nocookie.net/houkai-star-rail/images/2/24/Light_Cone_An_Instant_Before_A_Gaze.png/revision/latest?cb=20231206040430,,,aaaa,Physical,https://static.wikia.nocookie.net/houkai-star-rail/images/6/69/Type_Physical.png/revision/latest?cb=20220610120901,Erudition,https://static.wikia.nocookie.net/houkai-star-rail/images/5/53/Path_Erudition.png/revision/latest?cb=20240417235548,5,,,,,,Huohuo,https://static.wikia.nocookie.net/houkai-star-rail/images/8/82/Character_Huohuo_Splash_Art.png/revision/latest/scale-to-width-down/1000?cb=20250604025217,
Aventurine,https://static.wikia.nocookie.net/houkai-star-rail/images/a/a9/Character_Aventurine_Splash_Art.png/revision/latest/scale-to-width-down/1000?cb=20240327104723,"Sustain-Tank, Shielder","Body Def or CD, Boots Speed or Def, Ring Def, Rope Def",Knight of Purity Palace (4pc),https://static.wikia.nocookie.net/houkai-star-rail/images/1/1f/Item_Knight_of_Purity_Palace.png/revision/latest?cb=20230810043606,Broken Keel,https://static.wikia.nocookie.net/houkai-star-rail/images/0/00/Item_Broken_Keel.png/revision/latest?cb=20230810042610,Inherently Unjust Destiny,https://static.wikia.nocookie.net/houkai-star-rail/images/f/f9/Light_Cone_Inherently_Unjust_Destiny.png/revision/latest?cb=20240417060129,,,"On average I'd say Aventurine is *slightly* better, but it's really close and depends on Acheron's Crit stats and what enemies you're fighting.",Imaginary,https://static.wikia.nocookie.net/houkai-star-rail/images/2/2f/Type_Imaginary.png/revision/latest?cb=20220610120517,Preservation,https://static.wikia.nocookie.net/houkai-star-rail/images/3/37/Path_Preservation.png/revision/latest?cb=20240417235425,5,,,,,,,,
Aventurine,https://static.wikia.nocookie.net/houkai-star-rail/images/a/a9/Character_Aventurine_Splash_Art.png/revision/latest/scale-to-width-down/1000?cb=20240327104723,"Sustain-Tank, Shielder","Body Def or CD, Boots Speed or Def, Ring Def, Rope Def",Knight of Purity Palace (4pc),https://static.wikia.nocookie.net/houkai-star-rail/images/1/1f/Item_Knight_of_Purity_Palace.png/revision/latest?cb=20230810043606,Broken Keel,https://static.wikia.nocookie.net/houkai-star-rail/images/0/00/Item_Broken_Keel.png/revision/latest?cb=20230810042610,Inherently Unjust Destiny,https://static.wikia.nocookie.net/houkai-star-rail/images/f/f9/Light_Cone_Inherently_Unjust_Destiny.png/revision/latest?cb=20240417060129,,,Oh... That's so much... But pretty much what I realised after a few DU runs.. But thanks.. I needed to confirm my thoughts. I love fu xuan but being cc'd to death with her is so much torture!,Imaginary,https://static.wikia.nocookie.net/houkai-star-rail/images/2/2f/Type_Imaginary.png/revision/latest?cb=20220610120517,Preservation,https://static.wikia.nocookie.net/houkai-star-rail/images/3/37/Path_Preservation.png/revision/latest?cb=20240417235425,5,,,,,,Hyacine,https://static.wikia.nocookie.net/houkai-star-rail/images/7/7d/Character_Hyacine_Splash_Art.png/revision/latest/scale-to-width-down/1000?cb=20250521031729,
Aventurine,https://static.wikia.nocookie.net/houkai-star-rail/images/a/a9/Character_Aventurine_Splash_Art.png/revision/latest/scale-to-width-down/1000?cb=20240327104723,"Sustain-Tank, Shielder","Body Def or CD, Boots Speed or Def, Ring Def, Rope Def",Knight of Purity Palace (4pc),https://static.wikia.nocookie.net/houkai-star-rail/images/1/1f/Item_Knight_of_Purity_Palace.png/revision/latest?cb=20230810043606,Broken Keel,https://static.wikia.nocookie.net/houkai-star-rail/images/0/00/Item_Broken_Keel.png/revision/latest?cb=20230810042610,Inherently Unjust Destiny,https://static.wikia.nocookie.net/houkai-star-rail/images/f/f9/Light_Cone_Inherently_Unjust_Destiny.png/revision/latest?cb=20240417060129,,,I will run acheron with aventurine from now on...,Imaginary,https://static.wikia.nocookie.net/houkai-star-rail/images/2/2f/Type_Imaginary.png/revision/latest?cb=20220610120517,Preservation,https://static.wikia.nocookie.net/houkai-star-rail/images/3/37/Path_Preservation.png/revision/latest?cb=20240417235425,5,,,,,,,,
Aventurine,https://static.wikia.nocookie.net/houkai-star-rail/images/a/a9/Character_Aventurine_Splash_Art.png/revision/latest/scale-to-width-down/1000?cb=20240327104723,"Sustain-Tank, Shielder","Body Def or CD, Boots Speed or Def, Ring Def, Rope Def",Knight of Purity Palace (4pc),https://static.wikia.nocookie.net/houkai-star-rail/images/1/1f/Item_Knight_of_Purity_Palace.png/revision/latest?cb=20230810043606,Broken Keel,https://static.wikia.nocookie.net/houkai-star-rail/images/0/00/Item_Broken_Keel.png/revision/latest?cb=20230810042610,Inherently Unjust Destiny,https://static.wikia.nocookie.net/houkai-star-rail/images/f/f9/Light_Cone_Inherently_Unjust_Destiny.png/revision/latest?cb=20240417060129,,,"It depends. Assuming your Acheron has enough crit rate (~85% without Fu's matrix) then generally speaking, Aventurine is better because his ult gives a stack to Acheron. ",Imaginary,https://static.wikia.nocookie.net/houkai-star-rail/images/2/2f/Type_Imaginary.png/revision/latest?cb=20220610120517,Preservation,https://static.wikia.nocookie.net/houkai-star-rail/images/3/37/Path_Preservation.png/revision/latest?cb=20240417235425,5,,,,,,Jade,https://static.wikia.nocookie.net/houkai-star-rail/images/6/6d/Character_Jade_Splash_Art.png/revision/latest/scale-to-width-down/1000?cb=20240706170539,
Aventurine,https://static.wikia.nocookie.net/houkai-star-rail/images/a/a9/Character_Aventurine_Splash_Art.png/revision/latest/scale-to-width-down/1000?cb=20240327104723,"Sustain-Tank, Shielder","Body Def or CD, Boots Speed or Def, Ring Def, Rope Def",Knight of Purity Palace (4pc),https://static.wikia.nocookie.net/houkai-star-rail/images/1/1f/Item_Knight_of_Purity_Palace.png/revision/latest?cb=20230810043606,Broken Keel,https://static.wikia.nocookie.net/houkai-star-rail/images/0/00/Item_Broken_Keel.png/revision/latest?cb=20230810042610,Inherently Unjust Destiny,https://static.wikia.nocookie.net/houkai-star-rail/images/f/f9/Light_Cone_Inherently_Unjust_Destiny.png/revision/latest?cb=20240417060129,,,"Ratio, Jiaoqiu, Tingyun, Aventurine
These 3 teams work for MoC or AS.",Imaginary,https://static.wikia.nocookie.net/houkai-star-rail/images/2/2f/Type_Imaginary.png/revision/latest?cb=20220610120517,Preservation,https://static.wikia.nocookie.net/houkai-star-rail/images/3/37/Path_Preservation.png/revision/latest?cb=20240417235425,5,,,,,,,,
Aventurine,https://static.wikia.nocookie.net/houkai-star-rail/images/a/a9/Character_Aventurine_Splash_Art.png/revision/latest/scale-to-width-down/1000?cb=20240327104723,"Sustain-Tank, Shielder","Body Def or CD, Boots Speed or Def, Ring Def, Rope Def",Knight of Purity Palace (4pc),https://static.wikia.nocookie.net/houkai-star-rail/images/1/1f/Item_Knight_of_Purity_Palace.png/revision/latest?cb=20230810043606,Broken Keel,https://static.wikia.nocookie.net/houkai-star-rail/images/0/00/Item_Broken_Keel.png/revision/latest?cb=20230810042610,Inherently Unjust Destiny,https://static.wikia.nocookie.net/houkai-star-rail/images/f/f9/Light_Cone_Inherently_Unjust_Destiny.png/revision/latest?cb=20240417060129,,,"Having black Swan with acheron is kinda hard ngl, cause she gonna waste your SP (yes, I do have Black Swan. She's collecting Dust rn) 
So i suggest acheron, pela, aventurine, cat

If you're wondering, this is my Acheron team",Imaginary,https://static.wikia.nocookie.net/houkai-star-rail/images/2/2f/Type_Imaginary.png/revision/latest?cb=20220610120517,Preservation,https://static.wikia.nocookie.net/houkai-star-rail/images/3/37/Path_Preservation.png/revision/latest?cb=20240417235425,5,,,,,,Jiaoqiu,https://static.wikia.nocookie.net/houkai-star-rail/images/b/be/Character_Jiaoqiu_Splash_Art.png/revision/latest/scale-to-width-down/1000?cb=20240911023034,
Aventurine,https://static.wikia.nocookie.net/houkai-star-rail/images/a/a9/Character_Aventurine_Splash_Art.png/revision/latest/scale-to-width-down/1000?cb=20240327104723,"Sustain-Tank, Shielder","Body Def or CD, Boots Speed or Def, Ring Def, Rope Def",Knight of Purity Palace (4pc),https://static.wikia.nocookie.net/houkai-star-rail/images/1/1f/Item_Knight_of_Purity_Palace.png/revision/latest?cb=20230810043606,Broken Keel,https://static.wikia.nocookie.net/houkai-star-rail/images/0/00/Item_Broken_Keel.png/revision/latest?cb=20230810042610,Inherently Unjust Destiny,https://static.wikia.nocookie.net/houkai-star-rail/images/f/f9/Light_Cone_Inherently_Unjust_Destiny.png/revision/latest?cb=20240417060129,,,"Acheron, Pela, Jiaoqiu, Aventurine",Imaginary,https://static.wikia.nocookie.net/houkai-star-rail/images/2/2f/Type_Imaginary.png/revision/latest?cb=20220610120517,Preservation,https://static.wikia.nocookie.net/houkai-star-rail/images/3/37/Path_Preservation.png/revision/latest?cb=20240417235425,5,,,,,,,,
Aventurine,https://static.wikia.nocookie.net/houkai-star-rail/images/a/a9/Character_Aventurine_Splash_Art.png/revision/latest/scale-to-width-down/1000?cb=20240327104723,"Sustain-Tank, Shielder","Body Def or CD, Boots Speed or Def, Ring Def, Rope Def",Knight of Purity Palace (4pc),https://static.wikia.nocookie.net/houkai-star-rail/images/1/1f/Item_Knight_of_Purity_Palace.png/revision/latest?cb=20230810043606,Broken Keel,https://static.wikia.nocookie.net/houkai-star-rail/images/0/00/Item_Broken_Keel.png/revision/latest?cb=20230810042610,Inherently Unjust Destiny,https://static.wikia.nocookie.net/houkai-star-rail/images/f/f9/Light_Cone_Inherently_Unjust_Destiny.png/revision/latest?cb=20240417060129,,,"Robin? I heard she works best in follow up damage team especially with topaz, ratio and aventurine, I dont know how would she fit in other teams. ",Imaginary,https://static.wikia.nocookie.net/houkai-star-rail/images/2/2f/Type_Imaginary.png/revision/latest?cb=20220610120517,Preservation,https://static.wikia.nocookie.net/houkai-star-rail/images/3/37/Path_Preservation.png/revision/latest?cb=20240417235425,5,,,,,,Jing Yuan,https://static.wikia.nocookie.net/houkai-star-rail/images/4/48/Character_Jing_Yuan_Splash_Art.png/revision/latest/scale-to-width-down/1000?cb=20230210115809,
Aventurine,https://static.wikia.nocookie.net/houkai-star-rail/images/a/a9/Character_Aventurine_Splash_Art.png/revision/latest/scale-to-width-down/1000?cb=20240327104723,"Sustain-Tank, Shielder","Body Def or CD, Boots Speed or Def, Ring Def, Rope Def",Knight of Purity Palace (4pc),https://static.wikia.nocookie.net/houkai-star-rail/images/1/1f/Item_Knight_of_Purity_Palace.png/revision/latest?cb=20230810043606,Broken Keel,https://static.wikia.nocookie.net/houkai-star-rail/images/0/00/Item_Broken_Keel.png/revision/latest?cb=20230810042610,Inherently Unjust Destiny,https://static.wikia.nocookie.net/houkai-star-rail/images/f/f9/Light_Cone_Inherently_Unjust_Destiny.png/revision/latest?cb=20240417060129,,,,Imaginary,https://static.wikia.nocookie.net/houkai-star-rail/images/2/2f/Type_Imaginary.png/revision/latest?cb=20220610120517,Preservation,https://static.wikia.nocookie.net/houkai-star-rail/images/3/37/Path_Preservation.png/revision/latest?cb=20240417235425,5,,,,,,,,
Aventurine,https://static.wikia.nocookie.net/houkai-star-rail/images/a/a9/Character_Aventurine_Splash_Art.png/revision/latest/scale-to-width-down/1000?cb=20240327104723,"Sustain-Tank, Shielder","Body Def or CD, Boots Speed or Def, Ring Def, Rope Def",Knight of Purity Palace (4pc),https://static.wikia.nocookie.net/houkai-star-rail/images/1/1f/Item_Knight_of_Purity_Palace.png/revision/latest?cb=20230810043606,Broken Keel,https://static.wikia.nocookie.net/houkai-star-rail/images/0/00/Item_Broken_Keel.png/revision/latest?cb=20230810042610,Inherently Unjust Destiny,https://static.wikia.nocookie.net/houkai-star-rail/images/f/f9/Light_Cone_Inherently_Unjust_Destiny.png/revision/latest?cb=20240417060129,,,,Imaginary,https://static.wikia.nocookie.net/houkai-star-rail/images/2/2f/Type_Imaginary.png/revision/latest?cb=20220610120517,Preservation,https://static.wikia.nocookie.net/houkai-star-rail/images/3/37/Path_Preservation.png/revision/latest?cb=20240417235425,5,,,,,,Jingliu,https://static.wikia.nocookie.net/houkai-star-rail/images/9/97/Character_Jingliu_Splash_Art.png/revision/latest/scale-to-width-down/1000?cb=20240525000314,
Bailu,https://static.wikia.nocookie.net/houkai-star-rail/images/e/e9/Character_Bailu_Splash_Art.png/revision/latest/scale-to-width-down/1000?cb=20230210120736,Healer-Reviver,"Body Outgoing Healing, Boots Speed, Ring HP, Rope Energy",Longevous Disciple and Passerby of Wandering Cloud (4pc),https://static.wikia.nocookie.net/houkai-star-rail/images/4/4a/Item_Longevous_Disciple.png/revision/latest?cb=20230810043643,Giant Tree of Rapt Brooding,https://static.wikia.nocookie.net/houkai-star-rail/images/e/e3/Item_Giant_Tree_of_Rapt_Brooding.png/revision/latest?cb=20250226072651,Time Waits for No One,https://static.wikia.nocookie.net/houkai-star-rail/images/b/b1/Light_Cone_Time_Waits_for_No_One.png/revision/latest?cb=20230719030642,,," Bailu: she just needs HP and SPD. Remember she doesnt have a cleanse for CC so try not to take her into fights that have that often. Outgoing Healing body, SPD boots, HP orb, ER rope. Ending stats 5600+ HP, 145+ SPD. If you have Post OP Conversation LC that ones better or Quid Pro Quo but she should be faster for that one. ",Lightning,https://static.wikia.nocookie.net/houkai-star-rail/images/1/15/Type_Lightning.png/revision/latest?cb=20220610120726,Abundance,https://static.wikia.nocookie.net/houkai-star-rail/images/9/94/Path_Abundance.png/revision/latest?cb=20240417235352,5,,,,,,,,
Bailu,https://static.wikia.nocookie.net/houkai-star-rail/images/e/e9/Character_Bailu_Splash_Art.png/revision/latest/scale-to-width-down/1000?cb=20230210120736,Healer-Reviver,"Body Outgoing Healing, Boots Speed, Ring HP, Rope Energy",Longevous Disciple and Passerby of Wandering Cloud (4pc),https://static.wikia.nocookie.net/houkai-star-rail/images/4/4a/Item_Longevous_Disciple.png/revision/latest?cb=20230810043643,Giant Tree of Rapt Brooding,https://static.wikia.nocookie.net/houkai-star-rail/images/e/e3/Item_Giant_Tree_of_Rapt_Brooding.png/revision/latest?cb=20250226072651,Time Waits for No One,https://static.wikia.nocookie.net/houkai-star-rail/images/b/b1/Light_Cone_Time_Waits_for_No_One.png/revision/latest?cb=20230719030642,,,aaaa,Lightning,https://static.wikia.nocookie.net/houkai-star-rail/images/1/15/Type_Lightning.png/revision/latest?cb=20220610120726,Abundance,https://static.wikia.nocookie.net/houkai-star-rail/images/9/94/Path_Abundance.png/revision/latest?cb=20240417235352,5,,,,,,Kafka,https://static.wikia.nocookie.net/houkai-star-rail/images/9/95/Character_Kafka_Splash_Art.png/revision/latest/scale-to-width-down/1000?cb=20230809042240,
Bailu,https://static.wikia.nocookie.net/houkai-star-rail/images/e/e9/Character_Bailu_Splash_Art.png/revision/latest/scale-to-width-down/1000?cb=20230210120736,Healer-Reviver,"Body Outgoing Healing, Boots Speed, Ring HP, Rope Energy",Longevous Disciple and Passerby of Wandering Cloud (4pc),https://static.wikia.nocookie.net/houkai-star-rail/images/4/4a/Item_Longevous_Disciple.png/revision/latest?cb=20230810043643,Giant Tree of Rapt Brooding,https://static.wikia.nocookie.net/houkai-star-rail/images/e/e3/Item_Giant_Tree_of_Rapt_Brooding.png/revision/latest?cb=20250226072651,Time Waits for No One,https://static.wikia.nocookie.net/houkai-star-rail/images/b/b1/Light_Cone_Time_Waits_for_No_One.png/revision/latest?cb=20230719030642,,,aaaa,Lightning,https://static.wikia.nocookie.net/houkai-star-rail/images/1/15/Type_Lightning.png/revision/latest?cb=20220610120726,Abundance,https://static.wikia.nocookie.net/houkai-star-rail/images/9/94/Path_Abundance.png/revision/latest?cb=20240417235352,5,,,,,,,,
Bailu,https://static.wikia.nocookie.net/houkai-star-rail/images/e/e9/Character_Bailu_Splash_Art.png/revision/latest/scale-to-width-down/1000?cb=20230210120736,Healer-Reviver,"Body Outgoing Healing, Boots Speed, Ring HP, Rope Energy",Longevous Disciple and Passerby of Wandering Cloud (4pc),https://static.wikia.nocookie.net/houkai-star-rail/images/4/4a/Item_Longevous_Disciple.png/revision/latest?cb=20230810043643,Giant Tree of Rapt Brooding,https://static.wikia.nocookie.net/houkai-star-rail/images/e/e3/Item_Giant_Tree_of_Rapt_Brooding.png/revision/latest?cb=20250226072651,Time Waits for No One,https://static.wikia.nocookie.net/houkai-star-rail/images/b/b1/Light_Cone_Time_Waits_for_No_One.png/revision/latest?cb=20230719030642,,,aaaa,Lightning,https://static.wikia.nocookie.net/houkai-star-rail/images/1/15/Type_Lightning.png/revision/latest?cb=20220610120726,Abundance,https://static.wikia.nocookie.net/houkai-star-rail/images/9/94/Path_Abundance.png/revision/latest?cb=20240417235352,5,,,,,,Lingsha,https://static.wikia.nocookie.net/houkai-star-rail/images/c/c1/Character_Lingsha_Splash_Art.png/revision/latest/scale-to-width-down/1000?cb=20241120224130,
Bailu,https://static.wikia.nocookie.net/houkai-star-rail/images/e/e9/Character_Bailu_Splash_Art.png/revision/latest/scale-to-width-down/1000?cb=20230210120736,Healer-Reviver,"Body Outgoing Healing, Boots Speed, Ring HP, Rope Energy",Longevous Disciple and Passerby of Wandering Cloud (4pc),https://static.wikia.nocookie.net/houkai-star-rail/images/4/4a/Item_Longevous_Disciple.png/revision/latest?cb=20230810043643,Giant Tree of Rapt Brooding,https://static.wikia.nocookie.net/houkai-star-rail/images/e/e3/Item_Giant_Tree_of_Rapt_Brooding.png/revision/latest?cb=20250226072651,Time Waits for No One,https://static.wikia.nocookie.net/houkai-star-rail/images/b/b1/Light_Cone_Time_Waits_for_No_One.png/revision/latest?cb=20230719030642,,,aaaa,Lightning,https://static.wikia.nocookie.net/houkai-star-rail/images/1/15/Type_Lightning.png/revision/latest?cb=20220610120726,Abundance,https://static.wikia.nocookie.net/houkai-star-rail/images/9/94/Path_Abundance.png/revision/latest?cb=20240417235352,5,,,,,,,,
Bailu,https://static.wikia.nocookie.net/houkai-star-rail/images/e/e9/Character_Bailu_Splash_Art.png/revision/latest/scale-to-width-down/1000?cb=20230210120736,Healer-Reviver,"Body Outgoing Healing, Boots Speed, Ring HP, Rope Energy",Longevous Disciple and Passerby of Wandering Cloud (4pc),https://static.wikia.nocookie.net/houkai-star-rail/images/4/4a/Item_Longevous_Disciple.png/revision/latest?cb=20230810043643,Giant Tree of Rapt Brooding,https://static.wikia.nocookie.net/houkai-star-rail/images/e/e3/Item_Giant_Tree_of_Rapt_Brooding.png/revision/latest?cb=20250226072651,Time Waits for No One,https://static.wikia.nocookie.net/houkai-star-rail/images/b/b1/Light_Cone_Time_Waits_for_No_One.png/revision/latest?cb=20230719030642,,,aaaa,Lightning,https://static.wikia.nocookie.net/houkai-star-rail/images/1/15/Type_Lightning.png/revision/latest?cb=20220610120726,Abundance,https://static.wikia.nocookie.net/houkai-star-rail/images/9/94/Path_Abundance.png/revision/latest?cb=20240417235352,5,,,,,,Luka,https://static.wikia.nocookie.net/houkai-star-rail/images/5/51/Character_Luka_Splash_Art.png/revision/latest/scale-to-width-down/1000?cb=20230809042157,
Bailu,https://static.wikia.nocookie.net/houkai-star-rail/images/e/e9/Character_Bailu_Splash_Art.png/revision/latest/scale-to-width-down/1000?cb=20230210120736,Healer-Reviver,"Body Outgoing Healing, Boots Speed, Ring HP, Rope Energy",Longevous Disciple and Passerby of Wandering Cloud (4pc),https://static.wikia.nocookie.net/houkai-star-rail/images/4/4a/Item_Longevous_Disciple.png/revision/latest?cb=20230810043643,Giant Tree of Rapt Brooding,https://static.wikia.nocookie.net/houkai-star-rail/images/e/e3/Item_Giant_Tree_of_Rapt_Brooding.png/revision/latest?cb=20250226072651,Time Waits for No One,https://static.wikia.nocookie.net/houkai-star-rail/images/b/b1/Light_Cone_Time_Waits_for_No_One.png/revision/latest?cb=20230719030642,,,aaaa,Lightning,https://static.wikia.nocookie.net/houkai-star-rail/images/1/15/Type_Lightning.png/revision/latest?cb=20220610120726,Abundance,https://static.wikia.nocookie.net/houkai-star-rail/images/9/94/Path_Abundance.png/revision/latest?cb=20240417235352,5,,,,,,,,
Bailu,https://static.wikia.nocookie.net/houkai-star-rail/images/e/e9/Character_Bailu_Splash_Art.png/revision/latest/scale-to-width-down/1000?cb=20230210120736,Healer-Reviver,"Body Outgoing Healing, Boots Speed, Ring HP, Rope Energy",Longevous Disciple and Passerby of Wandering Cloud (4pc),https://static.wikia.nocookie.net/houkai-star-rail/images/4/4a/Item_Longevous_Disciple.png/revision/latest?cb=20230810043643,Giant Tree of Rapt Brooding,https://static.wikia.nocookie.net/houkai-star-rail/images/e/e3/Item_Giant_Tree_of_Rapt_Brooding.png/revision/latest?cb=20250226072651,Time Waits for No One,https://static.wikia.nocookie.net/houkai-star-rail/images/b/b1/Light_Cone_Time_Waits_for_No_One.png/revision/latest?cb=20230719030642,,,aaaa,Lightning,https://static.wikia.nocookie.net/houkai-star-rail/images/1/15/Type_Lightning.png/revision/latest?cb=20220610120726,Abundance,https://static.wikia.nocookie.net/houkai-star-rail/images/9/94/Path_Abundance.png/revision/latest?cb=20240417235352,5,,,,,,Luocha,https://static.wikia.nocookie.net/houkai-star-rail/images/a/a5/Character_Luocha_Splash_Art.png/revision/latest/scale-to-width-down/1000?cb=20230628091054,
Bailu,https://static.wikia.nocookie.net/houkai-star-rail/images/e/e9/Character_Bailu_Splash_Art.png/revision/latest/scale-to-width-down/1000?cb=20230210120736,Healer-Reviver,"Body Outgoing Healing, Boots Speed, Ring HP, Rope Energy",Longevous Disciple and Passerby of Wandering Cloud (4pc),https://static.wikia.nocookie.net/houkai-star-rail/images/4/4a/Item_Longevous_Disciple.png/revision/latest?cb=20230810043643,Giant Tree of Rapt Brooding,https://static.wikia.nocookie.net/houkai-star-rail/images/e/e3/Item_Giant_Tree_of_Rapt_Brooding.png/revision/latest?cb=20250226072651,Time Waits for No One,https://static.wikia.nocookie.net/houkai-star-rail/images/b/b1/Light_Cone_Time_Waits_for_No_One.png/revision/latest?cb=20230719030642,,,aaaa,Lightning,https://static.wikia.nocookie.net/houkai-star-rail/images/1/15/Type_Lightning.png/revision/latest?cb=20220610120726,Abundance,https://static.wikia.nocookie.net/houkai-star-rail/images/9/94/Path_Abundance.png/revision/latest?cb=20240417235352,5,,,,,,,,
Bailu,https://static.wikia.nocookie.net/houkai-star-rail/images/e/e9/Character_Bailu_Splash_Art.png/revision/latest/scale-to-width-down/1000?cb=20230210120736,Healer-Reviver,"Body Outgoing Healing, Boots Speed, Ring HP, Rope Energy",Longevous Disciple and Passerby of Wandering Cloud (4pc),https://static.wikia.nocookie.net/houkai-star-rail/images/4/4a/Item_Longevous_Disciple.png/revision/latest?cb=20230810043643,Giant Tree of Rapt Brooding,https://static.wikia.nocookie.net/houkai-star-rail/images/e/e3/Item_Giant_Tree_of_Rapt_Brooding.png/revision/latest?cb=20250226072651,Time Waits for No One,https://static.wikia.nocookie.net/houkai-star-rail/images/b/b1/Light_Cone_Time_Waits_for_No_One.png/revision/latest?cb=20230719030642,,,aaaa,Lightning,https://static.wikia.nocookie.net/houkai-star-rail/images/1/15/Type_Lightning.png/revision/latest?cb=20220610120726,Abundance,https://static.wikia.nocookie.net/houkai-star-rail/images/9/94/Path_Abundance.png/revision/latest?cb=20240417235352,5,,,,,,Lynx,https://static.wikia.nocookie.net/houkai-star-rail/images/3/3c/Character_Lynx_Splash_Art.png/revision/latest/scale-to-width-down/1000?cb=20230719101506,
Black Swan,https://static.wikia.nocookie.net/houkai-star-rail/images/f/fd/Character_Black_Swan_Splash_Art.png/revision/latest/scale-to-width-down/1000?cb=20240220023547,"Sub-DPS , Debuffer","Body HER or Atk, Boots Speed, Ring W Dmg, Rope Atk",Prisoner in Deep Confinement (4pc),https://static.wikia.nocookie.net/houkai-star-rail/images/b/b3/Item_Prisoner_in_Deep_Confinement.png/revision/latest?cb=20231115045305,Revelry by the Sea,https://starrail.honeyhunterworld.com/img/relic_set/revelry-by-the-sea-relic_set_icon.webp,Reforged Remembrance,https://static.wikia.nocookie.net/houkai-star-rail/images/f/f7/Light_Cone_Reforged_Remembrance.png/revision/latest?cb=20240206022354,,,aaaa,Quantum,https://static.wikia.nocookie.net/houkai-star-rail/images/5/54/Type_Quantum.png/revision/latest?cb=20240609183337,Nihility,https://static.wikia.nocookie.net/houkai-star-rail/images/4/45/Path_Nihility.png/revision/latest?cb=20240417235304,5,,,,,,,,
Black Swan,https://static.wikia.nocookie.net/houkai-star-rail/images/f/fd/Character_Black_Swan_Splash_Art.png/revision/latest/scale-to-width-down/1000?cb=20240220023547,"Sub-DPS , Debuffer","Body HER or Atk, Boots Speed, Ring W Dmg, Rope Atk",Prisoner in Deep Confinement (4pc),https://static.wikia.nocookie.net/houkai-star-rail/images/b/b3/Item_Prisoner_in_Deep_Confinement.png/revision/latest?cb=20231115045305,Revelry by the Sea,https://starrail.honeyhunterworld.com/img/relic_set/revelry-by-the-sea-relic_set_icon.webp,Reforged Remembrance,https://static.wikia.nocookie.net/houkai-star-rail/images/f/f7/Light_Cone_Reforged_Remembrance.png/revision/latest?cb=20240206022354,,,aaaa,Quantum,https://static.wikia.nocookie.net/houkai-star-rail/images/5/54/Type_Quantum.png/revision/latest?cb=20240609183337,Nihility,https://static.wikia.nocookie.net/houkai-star-rail/images/4/45/Path_Nihility.png/revision/latest?cb=20240417235304,5,,,,,,March 7th Ice,https://static.wikia.nocookie.net/houkai-star-rail/images/c/c7/Character_March_7th_%28Preservation%29_Splash_Art.png/revision/latest/scale-to-width-down/1000?cb=20230525090156,
Black Swan,https://static.wikia.nocookie.net/houkai-star-rail/images/f/fd/Character_Black_Swan_Splash_Art.png/revision/latest/scale-to-width-down/1000?cb=20240220023547,"Sub-DPS , Debuffer","Body HER or Atk, Boots Speed, Ring W Dmg, Rope Atk",Prisoner in Deep Confinement (4pc),https://static.wikia.nocookie.net/houkai-star-rail/images/b/b3/Item_Prisoner_in_Deep_Confinement.png/revision/latest?cb=20231115045305,Revelry by the Sea,https://starrail.honeyhunterworld.com/img/relic_set/revelry-by-the-sea-relic_set_icon.webp,Reforged Remembrance,https://static.wikia.nocookie.net/houkai-star-rail/images/f/f7/Light_Cone_Reforged_Remembrance.png/revision/latest?cb=20240206022354,,,aaaa,Quantum,https://static.wikia.nocookie.net/houkai-star-rail/images/5/54/Type_Quantum.png/revision/latest?cb=20240609183337,Nihility,https://static.wikia.nocookie.net/houkai-star-rail/images/4/45/Path_Nihility.png/revision/latest?cb=20240417235304,5,,,,,,,,
Black Swan,https://static.wikia.nocookie.net/houkai-star-rail/images/f/fd/Character_Black_Swan_Splash_Art.png/revision/latest/scale-to-width-down/1000?cb=20240220023547,"Sub-DPS , Debuffer","Body HER or Atk, Boots Speed, Ring W Dmg, Rope Atk",Prisoner in Deep Confinement (4pc),https://static.wikia.nocookie.net/houkai-star-rail/images/b/b3/Item_Prisoner_in_Deep_Confinement.png/revision/latest?cb=20231115045305,Revelry by the Sea,https://starrail.honeyhunterworld.com/img/relic_set/revelry-by-the-sea-relic_set_icon.webp,Reforged Remembrance,https://static.wikia.nocookie.net/houkai-star-rail/images/f/f7/Light_Cone_Reforged_Remembrance.png/revision/latest?cb=20240206022354,,,"Having black Swan with acheron is kinda hard ngl, cause she gonna waste your SP (yes, I do have Black Swan. She's collecting Dust rn) 
So i suggest acheron, pela, aventurine, cat

If you're wondering, this is my Acheron team",Quantum,https://static.wikia.nocookie.net/houkai-star-rail/images/5/54/Type_Quantum.png/revision/latest?cb=20240609183337,Nihility,https://static.wikia.nocookie.net/houkai-star-rail/images/4/45/Path_Nihility.png/revision/latest?cb=20240417235304,5,,,,,,March 7th Imaginary,https://static.wikia.nocookie.net/houkai-star-rail/images/b/b9/Character_March_7th_%28The_Hunt%29_Splash_Art.png/revision/latest/scale-to-width-down/1000?cb=20240724123019,
Black Swan,https://static.wikia.nocookie.net/houkai-star-rail/images/f/fd/Character_Black_Swan_Splash_Art.png/revision/latest/scale-to-width-down/1000?cb=20240220023547,"Sub-DPS , Debuffer","Body HER or Atk, Boots Speed, Ring W Dmg, Rope Atk",Prisoner in Deep Confinement (4pc),https://static.wikia.nocookie.net/houkai-star-rail/images/b/b3/Item_Prisoner_in_Deep_Confinement.png/revision/latest?cb=20231115045305,Revelry by the Sea,https://starrail.honeyhunterworld.com/img/relic_set/revelry-by-the-sea-relic_set_icon.webp,Reforged Remembrance,https://static.wikia.nocookie.net/houkai-star-rail/images/f/f7/Light_Cone_Reforged_Remembrance.png/revision/latest?cb=20240206022354,,,aaa,Quantum,https://static.wikia.nocookie.net/houkai-star-rail/images/5/54/Type_Quantum.png/revision/latest?cb=20240609183337,Nihility,https://static.wikia.nocookie.net/houkai-star-rail/images/4/45/Path_Nihility.png/revision/latest?cb=20240417235304,5,,,,,,,,
Black Swan,https://static.wikia.nocookie.net/houkai-star-rail/images/f/fd/Character_Black_Swan_Splash_Art.png/revision/latest/scale-to-width-down/1000?cb=20240220023547,"Sub-DPS , Debuffer","Body HER or Atk, Boots Speed, Ring W Dmg, Rope Atk",Prisoner in Deep Confinement (4pc),https://static.wikia.nocookie.net/houkai-star-rail/images/b/b3/Item_Prisoner_in_Deep_Confinement.png/revision/latest?cb=20231115045305,Revelry by the Sea,https://starrail.honeyhunterworld.com/img/relic_set/revelry-by-the-sea-relic_set_icon.webp,Reforged Remembrance,https://static.wikia.nocookie.net/houkai-star-rail/images/f/f7/Light_Cone_Reforged_Remembrance.png/revision/latest?cb=20240206022354,,,aaa,Quantum,https://static.wikia.nocookie.net/houkai-star-rail/images/5/54/Type_Quantum.png/revision/latest?cb=20240609183337,Nihility,https://static.wikia.nocookie.net/houkai-star-rail/images/4/45/Path_Nihility.png/revision/latest?cb=20240417235304,5,,,,,,Misha,https://static.wikia.nocookie.net/houkai-star-rail/images/5/5c/Character_Misha_Splash_Art.png/revision/latest/scale-to-width-down/1000?cb=20240206022717,
Black Swan,https://static.wikia.nocookie.net/houkai-star-rail/images/f/fd/Character_Black_Swan_Splash_Art.png/revision/latest/scale-to-width-down/1000?cb=20240220023547,"Sub-DPS , Debuffer","Body HER or Atk, Boots Speed, Ring W Dmg, Rope Atk",Prisoner in Deep Confinement (4pc),https://static.wikia.nocookie.net/houkai-star-rail/images/b/b3/Item_Prisoner_in_Deep_Confinement.png/revision/latest?cb=20231115045305,Revelry by the Sea,https://starrail.honeyhunterworld.com/img/relic_set/revelry-by-the-sea-relic_set_icon.webp,Reforged Remembrance,https://static.wikia.nocookie.net/houkai-star-rail/images/f/f7/Light_Cone_Reforged_Remembrance.png/revision/latest?cb=20240206022354,,,aaa,Quantum,https://static.wikia.nocookie.net/houkai-star-rail/images/5/54/Type_Quantum.png/revision/latest?cb=20240609183337,Nihility,https://static.wikia.nocookie.net/houkai-star-rail/images/4/45/Path_Nihility.png/revision/latest?cb=20240417235304,5,,,,,,,,
Black Swan,https://static.wikia.nocookie.net/houkai-star-rail/images/f/fd/Character_Black_Swan_Splash_Art.png/revision/latest/scale-to-width-down/1000?cb=20240220023547,"Sub-DPS , Debuffer","Body HER or Atk, Boots Speed, Ring W Dmg, Rope Atk",Prisoner in Deep Confinement (4pc),https://static.wikia.nocookie.net/houkai-star-rail/images/b/b3/Item_Prisoner_in_Deep_Confinement.png/revision/latest?cb=20231115045305,Revelry by the Sea,https://starrail.honeyhunterworld.com/img/relic_set/revelry-by-the-sea-relic_set_icon.webp,Reforged Remembrance,https://static.wikia.nocookie.net/houkai-star-rail/images/f/f7/Light_Cone_Reforged_Remembrance.png/revision/latest?cb=20240206022354,,,aaa,Quantum,https://static.wikia.nocookie.net/houkai-star-rail/images/5/54/Type_Quantum.png/revision/latest?cb=20240609183337,Nihility,https://static.wikia.nocookie.net/houkai-star-rail/images/4/45/Path_Nihility.png/revision/latest?cb=20240417235304,5,,,,,,Moze,https://static.wikia.nocookie.net/houkai-star-rail/images/8/81/Character_Moze_Splash_Art.png/revision/latest/scale-to-width-down/1000?cb=20240910181952,
Black Swan,https://static.wikia.nocookie.net/houkai-star-rail/images/f/fd/Character_Black_Swan_Splash_Art.png/revision/latest/scale-to-width-down/1000?cb=20240220023547,"Sub-DPS , Debuffer","Body HER or Atk, Boots Speed, Ring W Dmg, Rope Atk",Prisoner in Deep Confinement (4pc),https://static.wikia.nocookie.net/houkai-star-rail/images/b/b3/Item_Prisoner_in_Deep_Confinement.png/revision/latest?cb=20231115045305,Revelry by the Sea,https://starrail.honeyhunterworld.com/img/relic_set/revelry-by-the-sea-relic_set_icon.webp,Reforged Remembrance,https://static.wikia.nocookie.net/houkai-star-rail/images/f/f7/Light_Cone_Reforged_Remembrance.png/revision/latest?cb=20240206022354,,,aaa,Quantum,https://static.wikia.nocookie.net/houkai-star-rail/images/5/54/Type_Quantum.png/revision/latest?cb=20240609183337,Nihility,https://static.wikia.nocookie.net/houkai-star-rail/images/4/45/Path_Nihility.png/revision/latest?cb=20240417235304,5,,,,,,,,
Black Swan,https://static.wikia.nocookie.net/houkai-star-rail/images/f/fd/Character_Black_Swan_Splash_Art.png/revision/latest/scale-to-width-down/1000?cb=20240220023547,"Sub-DPS , Debuffer","Body HER or Atk, Boots Speed, Ring W Dmg, Rope Atk",Prisoner in Deep Confinement (4pc),https://static.wikia.nocookie.net/houkai-star-rail/images/b/b3/Item_Prisoner_in_Deep_Confinement.png/revision/latest?cb=20231115045305,Revelry by the Sea,https://starrail.honeyhunterworld.com/img/relic_set/revelry-by-the-sea-relic_set_icon.webp,Reforged Remembrance,https://static.wikia.nocookie.net/houkai-star-rail/images/f/f7/Light_Cone_Reforged_Remembrance.png/revision/latest?cb=20240206022354,,,aaa,Quantum,https://static.wikia.nocookie.net/houkai-star-rail/images/5/54/Type_Quantum.png/revision/latest?cb=20240609183337,Nihility,https://static.wikia.nocookie.net/houkai-star-rail/images/4/45/Path_Nihility.png/revision/latest?cb=20240417235304,5,,,,,,Mydei,https://static.wikia.nocookie.net/houkai-star-rail/images/6/67/Character_Mydei_Splash_Art.png/revision/latest/scale-to-width-down/1000?cb=20250226132305,
Blade,https://static.wikia.nocookie.net/houkai-star-rail/images/1/16/Character_Blade_Splash_Art.png/revision/latest/scale-to-width-down/1000?cb=20230501004859,"HP-scaling DPS, Crit Damage","Body CR or CD, Boots HP or Speed, Ring W Dmg or HP, Rope HP",Longevous Disciple and Passerby of Wandering Cloud (4pc),https://static.wikia.nocookie.net/houkai-star-rail/images/4/4a/Item_Longevous_Disciple.png/revision/latest?cb=20230810043643,Rutilant Arena,https://static.wikia.nocookie.net/houkai-star-rail/images/7/70/Item_Rutilant_Arena.png/revision/latest?cb=20230810044056,The Unreachable Side,https://static.wikia.nocookie.net/houkai-star-rail/images/b/b7/Light_Cone_The_Unreachable_Side.png/revision/latest?cb=20230719023309,,,"Blade: I say this as a Blade main, he has fallen off a lot. Without a proper support (because Hoyo is a coward ) hes just ok. Hes fine in SU/DU cuz hes tanky, MoC hes not strong enough for the cycle count. I use him more as a sustain in PF. If youre building him for fun go for it, if youre building him for meta hes gonna disappoint you. Now that thats outta the way: His style can be anxiety inducing cuz he drains HP but not like Jingliu 4% from allies or Jade drain 2%. His is 30% on his skill + 10% every enhanced basic and his ult will put him at 50% every time if hes above or below 50%. He scales off HP more. Your set is good, the planar is fine as long as you hit 70% Crit Rate which you did. Ending stats: 6k-7k HP, 70%+ Crit Rate, 150+ Crit DMG, SPD or HP boots depends on having Bronya/Sparkle/Jade. LC is good but superimpose it if you can. ",Wind,https://static.wikia.nocookie.net/houkai-star-rail/images/e/ec/Type_Wind.png/revision/latest?cb=20220610121015,Destruction,https://static.wikia.nocookie.net/houkai-star-rail/images/d/df/Path_Destruction.png/revision/latest?cb=20240417234659,5,,,,,,,,
Blade,https://static.wikia.nocookie.net/houkai-star-rail/images/1/16/Character_Blade_Splash_Art.png/revision/latest/scale-to-width-down/1000?cb=20230501004859,"HP-scaling DPS, Crit Damage","Body CR or CD, Boots HP or Speed, Ring W Dmg or HP, Rope HP",Longevous Disciple and Passerby of Wandering Cloud (4pc),https://static.wikia.nocookie.net/houkai-star-rail/images/4/4a/Item_Longevous_Disciple.png/revision/latest?cb=20230810043643,Rutilant Arena,https://static.wikia.nocookie.net/houkai-star-rail/images/7/70/Item_Rutilant_Arena.png/revision/latest?cb=20230810044056,The Unreachable Side,https://static.wikia.nocookie.net/houkai-star-rail/images/b/b7/Light_Cone_The_Unreachable_Side.png/revision/latest?cb=20230719023309,,," He's my first ever limited 5 star character and I like his style and kit so I already fallen in love with him ^^ ( Despite me being a male guy and no homo :P )
Yeah shame he doesnt do well in PF and other end game content but I use him from time to time in PF because of 2nd team requirements ",Wind,https://static.wikia.nocookie.net/houkai-star-rail/images/e/ec/Type_Wind.png/revision/latest?cb=20220610121015,Destruction,https://static.wikia.nocookie.net/houkai-star-rail/images/d/df/Path_Destruction.png/revision/latest?cb=20240417234659,5,,,,,,Natasha,https://static.wikia.nocookie.net/houkai-star-rail/images/7/7e/Character_Natasha_Splash_Art.png/revision/latest/scale-to-width-down/1000?cb=20240525042421,
Blade,https://static.wikia.nocookie.net/houkai-star-rail/images/1/16/Character_Blade_Splash_Art.png/revision/latest/scale-to-width-down/1000?cb=20230501004859,"HP-scaling DPS, Crit Damage","Body CR or CD, Boots HP or Speed, Ring W Dmg or HP, Rope HP",Longevous Disciple and Passerby of Wandering Cloud (4pc),https://static.wikia.nocookie.net/houkai-star-rail/images/4/4a/Item_Longevous_Disciple.png/revision/latest?cb=20230810043643,Rutilant Arena,https://static.wikia.nocookie.net/houkai-star-rail/images/7/70/Item_Rutilant_Arena.png/revision/latest?cb=20230810044056,The Unreachable Side,https://static.wikia.nocookie.net/houkai-star-rail/images/b/b7/Light_Cone_The_Unreachable_Side.png/revision/latest?cb=20230719023309,,,"For Bronya shes a bit nuanced and theres a few ways to play her. Her build will however always have a Crit DMG body, ER rope, and SPD boots. The nuance now comes between whether you run her hyperspeed (160+ SPD) or as -1 SPD (ran a little slower than the main DPS to double their turns).  
So if Bronya was run with Jingliu and Blade then both of them would reach 134 SPD for example and then Bronya would be run with 133 SPD. This is a little SP intensive and youll need a fast sustain to support Bronyas SP usage. 

 
160 SPD Bronya means Jingliu and Blade would be run slower (or at 134 SPD) and Bronya can basic attack to generate some SP every so often. ",Wind,https://static.wikia.nocookie.net/houkai-star-rail/images/e/ec/Type_Wind.png/revision/latest?cb=20220610121015,Destruction,https://static.wikia.nocookie.net/houkai-star-rail/images/d/df/Path_Destruction.png/revision/latest?cb=20240417234659,5,,,,,,,,
Blade,https://static.wikia.nocookie.net/houkai-star-rail/images/1/16/Character_Blade_Splash_Art.png/revision/latest/scale-to-width-down/1000?cb=20230501004859,"HP-scaling DPS, Crit Damage","Body CR or CD, Boots HP or Speed, Ring W Dmg or HP, Rope HP",Longevous Disciple and Passerby of Wandering Cloud (4pc),https://static.wikia.nocookie.net/houkai-star-rail/images/4/4a/Item_Longevous_Disciple.png/revision/latest?cb=20230810043643,Rutilant Arena,https://static.wikia.nocookie.net/houkai-star-rail/images/7/70/Item_Rutilant_Arena.png/revision/latest?cb=20230810044056,The Unreachable Side,https://static.wikia.nocookie.net/houkai-star-rail/images/b/b7/Light_Cone_The_Unreachable_Side.png/revision/latest?cb=20230719023309,,,aaa,Wind,https://static.wikia.nocookie.net/houkai-star-rail/images/e/ec/Type_Wind.png/revision/latest?cb=20220610121015,Destruction,https://static.wikia.nocookie.net/houkai-star-rail/images/d/df/Path_Destruction.png/revision/latest?cb=20240417234659,5,,,,,,Pela,https://static.wikia.nocookie.net/houkai-star-rail/images/c/c9/Character_Pela_Splash_Art.png/revision/latest/scale-to-width-down/1000?cb=20230525090100,
Blade,https://static.wikia.nocookie.net/houkai-star-rail/images/1/16/Character_Blade_Splash_Art.png/revision/latest/scale-to-width-down/1000?cb=20230501004859,"HP-scaling DPS, Crit Damage","Body CR or CD, Boots HP or Speed, Ring W Dmg or HP, Rope HP",Longevous Disciple and Passerby of Wandering Cloud (4pc),https://static.wikia.nocookie.net/houkai-star-rail/images/4/4a/Item_Longevous_Disciple.png/revision/latest?cb=20230810043643,Rutilant Arena,https://static.wikia.nocookie.net/houkai-star-rail/images/7/70/Item_Rutilant_Arena.png/revision/latest?cb=20230810044056,The Unreachable Side,https://static.wikia.nocookie.net/houkai-star-rail/images/b/b7/Light_Cone_The_Unreachable_Side.png/revision/latest?cb=20230719023309,,,aaa,Wind,https://static.wikia.nocookie.net/houkai-star-rail/images/e/ec/Type_Wind.png/revision/latest?cb=20220610121015,Destruction,https://static.wikia.nocookie.net/houkai-star-rail/images/d/df/Path_Destruction.png/revision/latest?cb=20240417234659,5,,,,,,,,
Blade,https://static.wikia.nocookie.net/houkai-star-rail/images/1/16/Character_Blade_Splash_Art.png/revision/latest/scale-to-width-down/1000?cb=20230501004859,"HP-scaling DPS, Crit Damage","Body CR or CD, Boots HP or Speed, Ring W Dmg or HP, Rope HP",Longevous Disciple and Passerby of Wandering Cloud (4pc),https://static.wikia.nocookie.net/houkai-star-rail/images/4/4a/Item_Longevous_Disciple.png/revision/latest?cb=20230810043643,Rutilant Arena,https://static.wikia.nocookie.net/houkai-star-rail/images/7/70/Item_Rutilant_Arena.png/revision/latest?cb=20230810044056,The Unreachable Side,https://static.wikia.nocookie.net/houkai-star-rail/images/b/b7/Light_Cone_The_Unreachable_Side.png/revision/latest?cb=20230719023309,,,aaa,Wind,https://static.wikia.nocookie.net/houkai-star-rail/images/e/ec/Type_Wind.png/revision/latest?cb=20220610121015,Destruction,https://static.wikia.nocookie.net/houkai-star-rail/images/d/df/Path_Destruction.png/revision/latest?cb=20240417234659,5,,,,,,Qingque,https://static.wikia.nocookie.net/houkai-star-rail/images/d/d1/Character_Qingque_Splash_Art.png/revision/latest/scale-to-width-down/1000?cb=20230210115335,
Blade,https://static.wikia.nocookie.net/houkai-star-rail/images/1/16/Character_Blade_Splash_Art.png/revision/latest/scale-to-width-down/1000?cb=20230501004859,"HP-scaling DPS, Crit Damage","Body CR or CD, Boots HP or Speed, Ring W Dmg or HP, Rope HP",Longevous Disciple and Passerby of Wandering Cloud (4pc),https://static.wikia.nocookie.net/houkai-star-rail/images/4/4a/Item_Longevous_Disciple.png/revision/latest?cb=20230810043643,Rutilant Arena,https://static.wikia.nocookie.net/houkai-star-rail/images/7/70/Item_Rutilant_Arena.png/revision/latest?cb=20230810044056,The Unreachable Side,https://static.wikia.nocookie.net/houkai-star-rail/images/b/b7/Light_Cone_The_Unreachable_Side.png/revision/latest?cb=20230719023309,,,aaa,Wind,https://static.wikia.nocookie.net/houkai-star-rail/images/e/ec/Type_Wind.png/revision/latest?cb=20220610121015,Destruction,https://static.wikia.nocookie.net/houkai-star-rail/images/d/df/Path_Destruction.png/revision/latest?cb=20240417234659,5,,,,,,,,
Blade,https://static.wikia.nocookie.net/houkai-star-rail/images/1/16/Character_Blade_Splash_Art.png/revision/latest/scale-to-width-down/1000?cb=20230501004859,"HP-scaling DPS, Crit Damage","Body CR or CD, Boots HP or Speed, Ring W Dmg or HP, Rope HP",Longevous Disciple and Passerby of Wandering Cloud (4pc),https://static.wikia.nocookie.net/houkai-star-rail/images/4/4a/Item_Longevous_Disciple.png/revision/latest?cb=20230810043643,Rutilant Arena,https://static.wikia.nocookie.net/houkai-star-rail/images/7/70/Item_Rutilant_Arena.png/revision/latest?cb=20230810044056,The Unreachable Side,https://static.wikia.nocookie.net/houkai-star-rail/images/b/b7/Light_Cone_The_Unreachable_Side.png/revision/latest?cb=20230719023309,,,aaa,Wind,https://static.wikia.nocookie.net/houkai-star-rail/images/e/ec/Type_Wind.png/revision/latest?cb=20220610121015,Destruction,https://static.wikia.nocookie.net/houkai-star-rail/images/d/df/Path_Destruction.png/revision/latest?cb=20240417234659,5,,,,,,Rappa,https://static.wikia.nocookie.net/houkai-star-rail/images/1/1c/Character_Rappa_Splash_Art.png/revision/latest/scale-to-width-down/1000?cb=20241120154734,
Blade,https://static.wikia.nocookie.net/houkai-star-rail/images/1/16/Character_Blade_Splash_Art.png/revision/latest/scale-to-width-down/1000?cb=20230501004859,"HP-scaling DPS, Crit Damage","Body CR or CD, Boots HP or Speed, Ring W Dmg or HP, Rope HP",Longevous Disciple and Passerby of Wandering Cloud (4pc),https://static.wikia.nocookie.net/houkai-star-rail/images/4/4a/Item_Longevous_Disciple.png/revision/latest?cb=20230810043643,Rutilant Arena,https://static.wikia.nocookie.net/houkai-star-rail/images/7/70/Item_Rutilant_Arena.png/revision/latest?cb=20230810044056,The Unreachable Side,https://static.wikia.nocookie.net/houkai-star-rail/images/b/b7/Light_Cone_The_Unreachable_Side.png/revision/latest?cb=20230719023309,,,aaa,Wind,https://static.wikia.nocookie.net/houkai-star-rail/images/e/ec/Type_Wind.png/revision/latest?cb=20220610121015,Destruction,https://static.wikia.nocookie.net/houkai-star-rail/images/d/df/Path_Destruction.png/revision/latest?cb=20240417234659,5,,,,,,,,
Blade,https://static.wikia.nocookie.net/houkai-star-rail/images/1/16/Character_Blade_Splash_Art.png/revision/latest/scale-to-width-down/1000?cb=20230501004859,"HP-scaling DPS, Crit Damage","Body CR or CD, Boots HP or Speed, Ring W Dmg or HP, Rope HP",Longevous Disciple and Passerby of Wandering Cloud (4pc),https://static.wikia.nocookie.net/houkai-star-rail/images/4/4a/Item_Longevous_Disciple.png/revision/latest?cb=20230810043643,Rutilant Arena,https://static.wikia.nocookie.net/houkai-star-rail/images/7/70/Item_Rutilant_Arena.png/revision/latest?cb=20230810044056,The Unreachable Side,https://static.wikia.nocookie.net/houkai-star-rail/images/b/b7/Light_Cone_The_Unreachable_Side.png/revision/latest?cb=20230719023309,,,aaa,Wind,https://static.wikia.nocookie.net/houkai-star-rail/images/e/ec/Type_Wind.png/revision/latest?cb=20220610121015,Destruction,https://static.wikia.nocookie.net/houkai-star-rail/images/d/df/Path_Destruction.png/revision/latest?cb=20240417234659,5,,,,,,Robin,https://static.wikia.nocookie.net/houkai-star-rail/images/9/92/Character_Robin_Splash_Art.png/revision/latest/scale-to-width-down/1000?cb=20240508021256,
Boothill,https://static.wikia.nocookie.net/houkai-star-rail/images/b/bb/Character_Boothill_Splash_Art.png/revision/latest/scale-to-width-down/1000?cb=20240624231026,Break Effect DPS,"Body should be crit rate. Break doesn't crit, so a massive amount of crit dmg isn't really going to benefit him. He just needs a small amount for before he breaks an enemy. Also he'd benefit more from the iron cavalry set for more break dmg.",Thief of Shooting Meteor,https://static.wikia.nocookie.net/houkai-star-rail/images/9/9c/Item_Thief_of_Shooting_Meteor.png/revision/latest?cb=20230810044423,Talia: Kingdom of Banditry,https://static.wikia.nocookie.net/houkai-star-rail/images/9/92/Item_Talia_Kingdom_of_Banditry.png/revision/latest?cb=20230810044336,Sailing Towards a Second Life,https://static.wikia.nocookie.net/houkai-star-rail/images/e/eb/Light_Cone_Sailing_Towards_a_Second_Life.png/revision/latest?cb=20240603054042,,,"Body should be crit rate. Break doesn't crit, so a massive amount of crit dmg isn't really going to benefit him. He just needs a small amount for before he breaks an enemy. Also he'd benefit more from the iron cavalry set for more break dmg. ",Physical,https://static.wikia.nocookie.net/houkai-star-rail/images/6/69/Type_Physical.png/revision/latest?cb=20220610120901,The Hunt,https://static.wikia.nocookie.net/houkai-star-rail/images/1/1c/Path_The_Hunt.png/revision/latest?cb=20240417235336,5,,,,,,,,
Boothill,https://static.wikia.nocookie.net/houkai-star-rail/images/b/bb/Character_Boothill_Splash_Art.png/revision/latest/scale-to-width-down/1000?cb=20240624231026,Break Effect DPS,"Body should be crit rate. Break doesn't crit, so a massive amount of crit dmg isn't really going to benefit him. He just needs a small amount for before he breaks an enemy. Also he'd benefit more from the iron cavalry set for more break dmg.",Thief of Shooting Meteor,https://static.wikia.nocookie.net/houkai-star-rail/images/9/9c/Item_Thief_of_Shooting_Meteor.png/revision/latest?cb=20230810044423,Talia: Kingdom of Banditry,https://static.wikia.nocookie.net/houkai-star-rail/images/9/92/Item_Talia_Kingdom_of_Banditry.png/revision/latest?cb=20230810044336,Sailing Towards a Second Life,https://static.wikia.nocookie.net/houkai-star-rail/images/e/eb/Light_Cone_Sailing_Towards_a_Second_Life.png/revision/latest?cb=20240603054042,,,"The phys dmg boost he gets from the orb is so minimal, I personally go for atk %, but if you're having an issue with him staying alive, you could go for def % or hp %. Good luck",Physical,https://static.wikia.nocookie.net/houkai-star-rail/images/6/69/Type_Physical.png/revision/latest?cb=20220610120901,The Hunt,https://static.wikia.nocookie.net/houkai-star-rail/images/1/1c/Path_The_Hunt.png/revision/latest?cb=20240417235336,5,,,,,,Ruan Mei,https://static.wikia.nocookie.net/houkai-star-rail/images/d/d5/Character_Ruan_Mei_Splash_Art.png/revision/latest/scale-to-width-down/1000?cb=20231227021137,
Boothill,https://static.wikia.nocookie.net/houkai-star-rail/images/b/bb/Character_Boothill_Splash_Art.png/revision/latest/scale-to-width-down/1000?cb=20240624231026,Break Effect DPS,"Body should be crit rate. Break doesn't crit, so a massive amount of crit dmg isn't really going to benefit him. He just needs a small amount for before he breaks an enemy. Also he'd benefit more from the iron cavalry set for more break dmg.",Thief of Shooting Meteor,https://static.wikia.nocookie.net/houkai-star-rail/images/9/9c/Item_Thief_of_Shooting_Meteor.png/revision/latest?cb=20230810044423,Talia: Kingdom of Banditry,https://static.wikia.nocookie.net/houkai-star-rail/images/9/92/Item_Talia_Kingdom_of_Banditry.png/revision/latest?cb=20230810044336,Sailing Towards a Second Life,https://static.wikia.nocookie.net/houkai-star-rail/images/e/eb/Light_Cone_Sailing_Towards_a_Second_Life.png/revision/latest?cb=20240603054042,,," I dunno. My Boothill is #13 on the rankings, and I go with a CR body, every build guide I see recommends it, & whenever I've lowered my CR, my relic rating has gone down ",Physical,https://static.wikia.nocookie.net/houkai-star-rail/images/6/69/Type_Physical.png/revision/latest?cb=20220610120901,The Hunt,https://static.wikia.nocookie.net/houkai-star-rail/images/1/1c/Path_The_Hunt.png/revision/latest?cb=20240417235336,5,,,,,,,,
Boothill,https://static.wikia.nocookie.net/houkai-star-rail/images/b/bb/Character_Boothill_Splash_Art.png/revision/latest/scale-to-width-down/1000?cb=20240624231026,Break Effect DPS,"Body should be crit rate. Break doesn't crit, so a massive amount of crit dmg isn't really going to benefit him. He just needs a small amount for before he breaks an enemy. Also he'd benefit more from the iron cavalry set for more break dmg.",Thief of Shooting Meteor,https://static.wikia.nocookie.net/houkai-star-rail/images/9/9c/Item_Thief_of_Shooting_Meteor.png/revision/latest?cb=20230810044423,Talia: Kingdom of Banditry,https://static.wikia.nocookie.net/houkai-star-rail/images/9/92/Item_Talia_Kingdom_of_Banditry.png/revision/latest?cb=20230810044336,Sailing Towards a Second Life,https://static.wikia.nocookie.net/houkai-star-rail/images/e/eb/Light_Cone_Sailing_Towards_a_Second_Life.png/revision/latest?cb=20240603054042,,,Biggest boost you get could out the gate: Super Break damage doesn't benefit from Damage %,Physical,https://static.wikia.nocookie.net/houkai-star-rail/images/6/69/Type_Physical.png/revision/latest?cb=20220610120901,The Hunt,https://static.wikia.nocookie.net/houkai-star-rail/images/1/1c/Path_The_Hunt.png/revision/latest?cb=20240417235336,5,,,,,,Sampo,https://static.wikia.nocookie.net/houkai-star-rail/images/6/65/Character_Sampo_Splash_Art.png/revision/latest/scale-to-width-down/1000?cb=20230525090046,
Boothill,https://static.wikia.nocookie.net/houkai-star-rail/images/b/bb/Character_Boothill_Splash_Art.png/revision/latest/scale-to-width-down/1000?cb=20240624231026,Break Effect DPS,"Body should be crit rate. Break doesn't crit, so a massive amount of crit dmg isn't really going to benefit him. He just needs a small amount for before he breaks an enemy. Also he'd benefit more from the iron cavalry set for more break dmg.",Thief of Shooting Meteor,https://static.wikia.nocookie.net/houkai-star-rail/images/9/9c/Item_Thief_of_Shooting_Meteor.png/revision/latest?cb=20230810044423,Talia: Kingdom of Banditry,https://static.wikia.nocookie.net/houkai-star-rail/images/9/92/Item_Talia_Kingdom_of_Banditry.png/revision/latest?cb=20230810044336,Sailing Towards a Second Life,https://static.wikia.nocookie.net/houkai-star-rail/images/e/eb/Light_Cone_Sailing_Towards_a_Second_Life.png/revision/latest?cb=20240603054042,,,"So you could drop the damage orb for HP or Def, and lose only a bit of his inconsequential non-Super Break dps",Physical,https://static.wikia.nocookie.net/houkai-star-rail/images/6/69/Type_Physical.png/revision/latest?cb=20220610120901,The Hunt,https://static.wikia.nocookie.net/houkai-star-rail/images/1/1c/Path_The_Hunt.png/revision/latest?cb=20240417235336,5,,,,,,,,
Boothill,https://static.wikia.nocookie.net/houkai-star-rail/images/b/bb/Character_Boothill_Splash_Art.png/revision/latest/scale-to-width-down/1000?cb=20240624231026,Break Effect DPS,"Body should be crit rate. Break doesn't crit, so a massive amount of crit dmg isn't really going to benefit him. He just needs a small amount for before he breaks an enemy. Also he'd benefit more from the iron cavalry set for more break dmg.",Thief of Shooting Meteor,https://static.wikia.nocookie.net/houkai-star-rail/images/9/9c/Item_Thief_of_Shooting_Meteor.png/revision/latest?cb=20230810044423,Talia: Kingdom of Banditry,https://static.wikia.nocookie.net/houkai-star-rail/images/9/92/Item_Talia_Kingdom_of_Banditry.png/revision/latest?cb=20230810044336,Sailing Towards a Second Life,https://static.wikia.nocookie.net/houkai-star-rail/images/e/eb/Light_Cone_Sailing_Towards_a_Second_Life.png/revision/latest?cb=20240603054042,,,"In a similar vein: Super Break can't crit and since you're not running super high crit chance, the crit damage chest could be swapped for something more defensive without losing out of big break damage",Physical,https://static.wikia.nocookie.net/houkai-star-rail/images/6/69/Type_Physical.png/revision/latest?cb=20220610120901,The Hunt,https://static.wikia.nocookie.net/houkai-star-rail/images/1/1c/Path_The_Hunt.png/revision/latest?cb=20240417235336,5,,,,,,Seele,https://static.wikia.nocookie.net/houkai-star-rail/images/5/58/Character_Seele_Splash_Art.png/revision/latest/scale-to-width-down/1000?cb=20240121123334,
Boothill,https://static.wikia.nocookie.net/houkai-star-rail/images/b/bb/Character_Boothill_Splash_Art.png/revision/latest/scale-to-width-down/1000?cb=20240624231026,Break Effect DPS,"Body should be crit rate. Break doesn't crit, so a massive amount of crit dmg isn't really going to benefit him. He just needs a small amount for before he breaks an enemy. Also he'd benefit more from the iron cavalry set for more break dmg.",Thief of Shooting Meteor,https://static.wikia.nocookie.net/houkai-star-rail/images/9/9c/Item_Thief_of_Shooting_Meteor.png/revision/latest?cb=20230810044423,Talia: Kingdom of Banditry,https://static.wikia.nocookie.net/houkai-star-rail/images/9/92/Item_Talia_Kingdom_of_Banditry.png/revision/latest?cb=20230810044336,Sailing Towards a Second Life,https://static.wikia.nocookie.net/houkai-star-rail/images/e/eb/Light_Cone_Sailing_Towards_a_Second_Life.png/revision/latest?cb=20240603054042,,,"if hes consistently dying you can change your chest, orb, or both to hp/def main stats. break dmg doesnt increase with crit or damage% stats so you wont lose much damage from boothill, only from his non-break damage which is inconsequential.",Physical,https://static.wikia.nocookie.net/houkai-star-rail/images/6/69/Type_Physical.png/revision/latest?cb=20220610120901,The Hunt,https://static.wikia.nocookie.net/houkai-star-rail/images/1/1c/Path_The_Hunt.png/revision/latest?cb=20240417235336,5,,,,,,,,
Boothill,https://static.wikia.nocookie.net/houkai-star-rail/images/b/bb/Character_Boothill_Splash_Art.png/revision/latest/scale-to-width-down/1000?cb=20240624231026,Break Effect DPS,"Body should be crit rate. Break doesn't crit, so a massive amount of crit dmg isn't really going to benefit him. He just needs a small amount for before he breaks an enemy. Also he'd benefit more from the iron cavalry set for more break dmg.",Thief of Shooting Meteor,https://static.wikia.nocookie.net/houkai-star-rail/images/9/9c/Item_Thief_of_Shooting_Meteor.png/revision/latest?cb=20230810044423,Talia: Kingdom of Banditry,https://static.wikia.nocookie.net/houkai-star-rail/images/9/92/Item_Talia_Kingdom_of_Banditry.png/revision/latest?cb=20230810044336,Sailing Towards a Second Life,https://static.wikia.nocookie.net/houkai-star-rail/images/e/eb/Light_Cone_Sailing_Towards_a_Second_Life.png/revision/latest?cb=20240603054042,,,"other than that the build looks good, though if you have the 4* moze lc i suggest using that instead of the herta 5* one for more break effect and spd. if you dont have that lc though, you can ignore that part.",Physical,https://static.wikia.nocookie.net/houkai-star-rail/images/6/69/Type_Physical.png/revision/latest?cb=20220610120901,The Hunt,https://static.wikia.nocookie.net/houkai-star-rail/images/1/1c/Path_The_Hunt.png/revision/latest?cb=20240417235336,5,,,,,,Serval,https://static.wikia.nocookie.net/houkai-star-rail/images/8/8a/Character_Serval_Splash_Art.png/revision/latest/scale-to-width-down/1000?cb=20230525090108,
Boothill,https://static.wikia.nocookie.net/houkai-star-rail/images/b/bb/Character_Boothill_Splash_Art.png/revision/latest/scale-to-width-down/1000?cb=20240624231026,Break Effect DPS,"Body should be crit rate. Break doesn't crit, so a massive amount of crit dmg isn't really going to benefit him. He just needs a small amount for before he breaks an enemy. Also he'd benefit more from the iron cavalry set for more break dmg.",Thief of Shooting Meteor,https://static.wikia.nocookie.net/houkai-star-rail/images/9/9c/Item_Thief_of_Shooting_Meteor.png/revision/latest?cb=20230810044423,Talia: Kingdom of Banditry,https://static.wikia.nocookie.net/houkai-star-rail/images/9/92/Item_Talia_Kingdom_of_Banditry.png/revision/latest?cb=20230810044336,Sailing Towards a Second Life,https://static.wikia.nocookie.net/houkai-star-rail/images/e/eb/Light_Cone_Sailing_Towards_a_Second_Life.png/revision/latest?cb=20240603054042,,,"Since Boothill taunts the enemy he uses his skill on, you need to make sure you break them before they hit you too much",Physical,https://static.wikia.nocookie.net/houkai-star-rail/images/6/69/Type_Physical.png/revision/latest?cb=20220610120901,The Hunt,https://static.wikia.nocookie.net/houkai-star-rail/images/1/1c/Path_The_Hunt.png/revision/latest?cb=20240417235336,5,,,,,,,,
Boothill,https://static.wikia.nocookie.net/houkai-star-rail/images/b/bb/Character_Boothill_Splash_Art.png/revision/latest/scale-to-width-down/1000?cb=20240624231026,Break Effect DPS,"Body should be crit rate. Break doesn't crit, so a massive amount of crit dmg isn't really going to benefit him. He just needs a small amount for before he breaks an enemy. Also he'd benefit more from the iron cavalry set for more break dmg.",Thief of Shooting Meteor,https://static.wikia.nocookie.net/houkai-star-rail/images/9/9c/Item_Thief_of_Shooting_Meteor.png/revision/latest?cb=20230810044423,Talia: Kingdom of Banditry,https://static.wikia.nocookie.net/houkai-star-rail/images/9/92/Item_Talia_Kingdom_of_Banditry.png/revision/latest?cb=20230810044336,Sailing Towards a Second Life,https://static.wikia.nocookie.net/houkai-star-rail/images/e/eb/Light_Cone_Sailing_Towards_a_Second_Life.png/revision/latest?cb=20240603054042,,,"I guess you could try to farm more HP and DEF stats, I wouldnt change his main stats. Speed always helps too.",Physical,https://static.wikia.nocookie.net/houkai-star-rail/images/6/69/Type_Physical.png/revision/latest?cb=20220610120901,The Hunt,https://static.wikia.nocookie.net/houkai-star-rail/images/1/1c/Path_The_Hunt.png/revision/latest?cb=20240417235336,5,,,,,,Silver Wolf,https://static.wikia.nocookie.net/houkai-star-rail/images/6/60/Character_Silver_Wolf_Splash_Art.png/revision/latest/scale-to-width-down/1000?cb=20230216230911,
Bronya,https://static.wikia.nocookie.net/houkai-star-rail/images/7/7c/Character_Bronya_Splash_Art.png/revision/latest/scale-to-width-down/1000?cb=20240121130128,"Atk-Crit Damage Buffer, Turn Manipulator","Body Crit Damage, Boots Speed, Ring HP%, Rope Energy",Messenger Traversing Hackerspace (4pc),https://static.wikia.nocookie.net/houkai-star-rail/images/a/ac/Item_Messenger_Traversing_Hackerspace.png/revision/latest?cb=20230810043745,Broken Keel,https://static.wikia.nocookie.net/houkai-star-rail/images/0/00/Item_Broken_Keel.png/revision/latest?cb=20230810042610,But the Battle Isn't Over,https://static.wikia.nocookie.net/houkai-star-rail/images/2/29/Light_Cone_But_the_Battle_Isn%27t_Over.png/revision/latest?cb=20230719030450,,,"For Bronya shes a bit nuanced and theres a few ways to play her. Her build will however always have a Crit DMG body, ER rope, and SPD boots. The nuance now comes between whether you run her hyperspeed (160+ SPD) or as -1 SPD (ran a little slower than the main DPS to double their turns).  
So if Bronya was run with Jingliu and Blade then both of them would reach 134 SPD for example and then Bronya would be run with 133 SPD. This is a little SP intensive and youll need a fast sustain to support Bronyas SP usage. 

 
160 SPD Bronya means Jingliu and Blade would be run slower (or at 134 SPD) and Bronya can basic attack to generate some SP every so often. ",Wind,https://static.wikia.nocookie.net/houkai-star-rail/images/e/ec/Type_Wind.png/revision/latest?cb=20220610121015,Harmony,https://static.wikia.nocookie.net/houkai-star-rail/images/7/7e/Path_Harmony.png/revision/latest?cb=20240417235441,5,,,,,,,,
Bronya,https://static.wikia.nocookie.net/houkai-star-rail/images/7/7c/Character_Bronya_Splash_Art.png/revision/latest/scale-to-width-down/1000?cb=20240121130128,"Atk-Crit Damage Buffer, Turn Manipulator","Body Crit Damage, Boots Speed, Ring HP%, Rope Energy",Messenger Traversing Hackerspace (4pc),https://static.wikia.nocookie.net/houkai-star-rail/images/a/ac/Item_Messenger_Traversing_Hackerspace.png/revision/latest?cb=20230810043745,Broken Keel,https://static.wikia.nocookie.net/houkai-star-rail/images/0/00/Item_Broken_Keel.png/revision/latest?cb=20230810042610,But the Battle Isn't Over,https://static.wikia.nocookie.net/houkai-star-rail/images/2/29/Light_Cone_But_the_Battle_Isn%27t_Over.png/revision/latest?cb=20230719030450,,,"So, Bronya can be categorized into two types, slow and fast.",Wind,https://static.wikia.nocookie.net/houkai-star-rail/images/e/ec/Type_Wind.png/revision/latest?cb=20220610121015,Harmony,https://static.wikia.nocookie.net/houkai-star-rail/images/7/7e/Path_Harmony.png/revision/latest?cb=20240417235441,5,,,,,,Sparkle,https://static.wikia.nocookie.net/houkai-star-rail/images/9/99/Character_Sparkle_Splash_Art.png/revision/latest/scale-to-width-down/1000?cb=20240327022635,
Bronya,https://static.wikia.nocookie.net/houkai-star-rail/images/7/7c/Character_Bronya_Splash_Art.png/revision/latest/scale-to-width-down/1000?cb=20240121130128,"Atk-Crit Damage Buffer, Turn Manipulator","Body Crit Damage, Boots Speed, Ring HP%, Rope Energy",Messenger Traversing Hackerspace (4pc),https://static.wikia.nocookie.net/houkai-star-rail/images/a/ac/Item_Messenger_Traversing_Hackerspace.png/revision/latest?cb=20230810043745,Broken Keel,https://static.wikia.nocookie.net/houkai-star-rail/images/0/00/Item_Broken_Keel.png/revision/latest?cb=20230810042610,But the Battle Isn't Over,https://static.wikia.nocookie.net/houkai-star-rail/images/2/29/Light_Cone_But_the_Battle_Isn%27t_Over.png/revision/latest?cb=20230719030450,,,Slow Bronya means we want her to be slower than our DPS so we can spam her skills. This works great if we pair her with Blade (low SP consuming). Being slower doesn't mean we don't need SPD. ,Wind,https://static.wikia.nocookie.net/houkai-star-rail/images/e/ec/Type_Wind.png/revision/latest?cb=20220610121015,Harmony,https://static.wikia.nocookie.net/houkai-star-rail/images/7/7e/Path_Harmony.png/revision/latest?cb=20240417235441,5,,,,,,,,
Bronya,https://static.wikia.nocookie.net/houkai-star-rail/images/7/7c/Character_Bronya_Splash_Art.png/revision/latest/scale-to-width-down/1000?cb=20240121130128,"Atk-Crit Damage Buffer, Turn Manipulator","Body Crit Damage, Boots Speed, Ring HP%, Rope Energy",Messenger Traversing Hackerspace (4pc),https://static.wikia.nocookie.net/houkai-star-rail/images/a/ac/Item_Messenger_Traversing_Hackerspace.png/revision/latest?cb=20230810043745,Broken Keel,https://static.wikia.nocookie.net/houkai-star-rail/images/0/00/Item_Broken_Keel.png/revision/latest?cb=20230810042610,But the Battle Isn't Over,https://static.wikia.nocookie.net/houkai-star-rail/images/2/29/Light_Cone_But_the_Battle_Isn%27t_Over.png/revision/latest?cb=20230719030450,,,"On the other hand, fast Bronya aims to reach high speed. CN analysis suggests 150-160 SPD for optimal use. In a fast Bronya setup, we want her to take action twice in one turn.",Wind,https://static.wikia.nocookie.net/houkai-star-rail/images/e/ec/Type_Wind.png/revision/latest?cb=20220610121015,Harmony,https://static.wikia.nocookie.net/houkai-star-rail/images/7/7e/Path_Harmony.png/revision/latest?cb=20240417235441,5,,,,,,Sunday,https://static.wikia.nocookie.net/houkai-star-rail/images/2/21/Character_Sunday_Splash_Art.png/revision/latest/scale-to-width-down/1000?cb=20241224161538,
Bronya,https://static.wikia.nocookie.net/houkai-star-rail/images/7/7c/Character_Bronya_Splash_Art.png/revision/latest/scale-to-width-down/1000?cb=20240121130128,"Atk-Crit Damage Buffer, Turn Manipulator","Body Crit Damage, Boots Speed, Ring HP%, Rope Energy",Messenger Traversing Hackerspace (4pc),https://static.wikia.nocookie.net/houkai-star-rail/images/a/ac/Item_Messenger_Traversing_Hackerspace.png/revision/latest?cb=20230810043745,Broken Keel,https://static.wikia.nocookie.net/houkai-star-rail/images/0/00/Item_Broken_Keel.png/revision/latest?cb=20230810042610,But the Battle Isn't Over,https://static.wikia.nocookie.net/houkai-star-rail/images/2/29/Light_Cone_But_the_Battle_Isn%27t_Over.png/revision/latest?cb=20230719030450,,," If you are using Seele i would recommend using slow, it will be hard to keep the fast Bronya phase with Seele",Wind,https://static.wikia.nocookie.net/houkai-star-rail/images/e/ec/Type_Wind.png/revision/latest?cb=20220610121015,Harmony,https://static.wikia.nocookie.net/houkai-star-rail/images/7/7e/Path_Harmony.png/revision/latest?cb=20240417235441,5,,,,,,,,
Bronya,https://static.wikia.nocookie.net/houkai-star-rail/images/7/7c/Character_Bronya_Splash_Art.png/revision/latest/scale-to-width-down/1000?cb=20240121130128,"Atk-Crit Damage Buffer, Turn Manipulator","Body Crit Damage, Boots Speed, Ring HP%, Rope Energy",Messenger Traversing Hackerspace (4pc),https://static.wikia.nocookie.net/houkai-star-rail/images/a/ac/Item_Messenger_Traversing_Hackerspace.png/revision/latest?cb=20230810043745,Broken Keel,https://static.wikia.nocookie.net/houkai-star-rail/images/0/00/Item_Broken_Keel.png/revision/latest?cb=20230810042610,But the Battle Isn't Over,https://static.wikia.nocookie.net/houkai-star-rail/images/2/29/Light_Cone_But_the_Battle_Isn%27t_Over.png/revision/latest?cb=20230719030450,,,"Depends on what kind of Bronya you want to make, fast: Eagle/Hacker and slow : Hacker. But if you have bad stats on those relics, just put random ones to get good stats (Crit Dmg and SPD)",Wind,https://static.wikia.nocookie.net/houkai-star-rail/images/e/ec/Type_Wind.png/revision/latest?cb=20220610121015,Harmony,https://static.wikia.nocookie.net/houkai-star-rail/images/7/7e/Path_Harmony.png/revision/latest?cb=20240417235441,5,,,,,,Sushang,https://static.wikia.nocookie.net/houkai-star-rail/images/7/72/Character_Sushang_Splash_Art.png/revision/latest/scale-to-width-down/1000?cb=20230210115023,
Bronya,https://static.wikia.nocookie.net/houkai-star-rail/images/7/7c/Character_Bronya_Splash_Art.png/revision/latest/scale-to-width-down/1000?cb=20240121130128,"Atk-Crit Damage Buffer, Turn Manipulator","Body Crit Damage, Boots Speed, Ring HP%, Rope Energy",Messenger Traversing Hackerspace (4pc),https://static.wikia.nocookie.net/houkai-star-rail/images/a/ac/Item_Messenger_Traversing_Hackerspace.png/revision/latest?cb=20230810043745,Broken Keel,https://static.wikia.nocookie.net/houkai-star-rail/images/0/00/Item_Broken_Keel.png/revision/latest?cb=20230810042610,But the Battle Isn't Over,https://static.wikia.nocookie.net/houkai-star-rail/images/2/29/Light_Cone_But_the_Battle_Isn%27t_Over.png/revision/latest?cb=20230719030450,,,"you can buy past and future from moc shop, that's the best f2p option!",Wind,https://static.wikia.nocookie.net/houkai-star-rail/images/e/ec/Type_Wind.png/revision/latest?cb=20220610121015,Harmony,https://static.wikia.nocookie.net/houkai-star-rail/images/7/7e/Path_Harmony.png/revision/latest?cb=20240417235441,5,,,,,,,,
Bronya,https://static.wikia.nocookie.net/houkai-star-rail/images/7/7c/Character_Bronya_Splash_Art.png/revision/latest/scale-to-width-down/1000?cb=20240121130128,"Atk-Crit Damage Buffer, Turn Manipulator","Body Crit Damage, Boots Speed, Ring HP%, Rope Energy",Messenger Traversing Hackerspace (4pc),https://static.wikia.nocookie.net/houkai-star-rail/images/a/ac/Item_Messenger_Traversing_Hackerspace.png/revision/latest?cb=20230810043745,Broken Keel,https://static.wikia.nocookie.net/houkai-star-rail/images/0/00/Item_Broken_Keel.png/revision/latest?cb=20230810042610,But the Battle Isn't Over,https://static.wikia.nocookie.net/houkai-star-rail/images/2/29/Light_Cone_But_the_Battle_Isn%27t_Over.png/revision/latest?cb=20230719030450,,,dance! dance! dance! If don't have sign,Wind,https://static.wikia.nocookie.net/houkai-star-rail/images/e/ec/Type_Wind.png/revision/latest?cb=20220610121015,Harmony,https://static.wikia.nocookie.net/houkai-star-rail/images/7/7e/Path_Harmony.png/revision/latest?cb=20240417235441,5,,,,,,The Herta,https://static.wikia.nocookie.net/houkai-star-rail/images/4/42/Character_The_Herta_Splash_Art.png/revision/latest/scale-to-width-down/1000?cb=20250121214107,
Bronya,https://static.wikia.nocookie.net/houkai-star-rail/images/7/7c/Character_Bronya_Splash_Art.png/revision/latest/scale-to-width-down/1000?cb=20240121130128,"Atk-Crit Damage Buffer, Turn Manipulator","Body Crit Damage, Boots Speed, Ring HP%, Rope Energy",Messenger Traversing Hackerspace (4pc),https://static.wikia.nocookie.net/houkai-star-rail/images/a/ac/Item_Messenger_Traversing_Hackerspace.png/revision/latest?cb=20230810043745,Broken Keel,https://static.wikia.nocookie.net/houkai-star-rail/images/0/00/Item_Broken_Keel.png/revision/latest?cb=20230810042610,But the Battle Isn't Over,https://static.wikia.nocookie.net/houkai-star-rail/images/2/29/Light_Cone_But_the_Battle_Isn%27t_Over.png/revision/latest?cb=20230719030450,,,"If I can, I would use Bronya Hyperspeed",Wind,https://static.wikia.nocookie.net/houkai-star-rail/images/e/ec/Type_Wind.png/revision/latest?cb=20220610121015,Harmony,https://static.wikia.nocookie.net/houkai-star-rail/images/7/7e/Path_Harmony.png/revision/latest?cb=20240417235441,5,,,,,,,,
Bronya,https://static.wikia.nocookie.net/houkai-star-rail/images/7/7c/Character_Bronya_Splash_Art.png/revision/latest/scale-to-width-down/1000?cb=20240121130128,"Atk-Crit Damage Buffer, Turn Manipulator","Body Crit Damage, Boots Speed, Ring HP%, Rope Energy",Messenger Traversing Hackerspace (4pc),https://static.wikia.nocookie.net/houkai-star-rail/images/a/ac/Item_Messenger_Traversing_Hackerspace.png/revision/latest?cb=20230810043745,Broken Keel,https://static.wikia.nocookie.net/houkai-star-rail/images/0/00/Item_Broken_Keel.png/revision/latest?cb=20230810042610,But the Battle Isn't Over,https://static.wikia.nocookie.net/houkai-star-rail/images/2/29/Light_Cone_But_the_Battle_Isn%27t_Over.png/revision/latest?cb=20230719030450,,,"I don't think so, it can even break speed rotation",Wind,https://static.wikia.nocookie.net/houkai-star-rail/images/e/ec/Type_Wind.png/revision/latest?cb=20220610121015,Harmony,https://static.wikia.nocookie.net/houkai-star-rail/images/7/7e/Path_Harmony.png/revision/latest?cb=20240417235441,5,,,,,,Tingyun,https://static.wikia.nocookie.net/houkai-star-rail/images/5/5b/Character_Tingyun_Splash_Art.png/revision/latest/scale-to-width-down/1000?cb=20230210115502,
Castorice,https://static.wikia.nocookie.net/houkai-star-rail/images/9/94/Character_Castorice_Splash_Art.png/revision/latest/scale-to-width-down/1000?cb=20250409035111,HP-scaling DPS,"Body CD, Boots HP, Ring HP or Quantum Dmg, Rope HP. Priority CR/CD and HP",Poet of Mourning Collapse (4pc),https://static.wikia.nocookie.net/houkai-star-rail/images/8/8d/Item_Poet_of_Mourning_Collapse.png/revision/latest?cb=20250115231118,Bone Collection's Serene Demesne,https://static.wikia.nocookie.net/houkai-star-rail/images/c/c3/Item_Bone_Collection%27s_Serene_Demesne.png/revision/latest?cb=20250226072613,Make Farewells More Beautiful,https://static.wikia.nocookie.net/houkai-star-rail/images/5/58/Light_Cone_Make_Farewells_More_Beautiful.png/revision/latest?cb=20250409035459,Castorice; Tribbie; Chipher; Hyacine,,"Looking forward to updates, very good!",Quantum,https://static.wikia.nocookie.net/houkai-star-rail/images/5/54/Type_Quantum.png/revision/latest?cb=20240609183337,Remembrance,https://static.wikia.nocookie.net/houkai-star-rail/images/2/2f/Path_Remembrance.png/revision/latest?cb=20240417235320,5,,,,,,,,
Castorice,https://static.wikia.nocookie.net/houkai-star-rail/images/9/94/Character_Castorice_Splash_Art.png/revision/latest/scale-to-width-down/1000?cb=20250409035111,HP-scaling DPS,"Body CD, Boots HP, Ring HP or Quantum Dmg, Rope HP. Priority CR/CD and HP",Poet of Mourning Collapse (4pc),https://static.wikia.nocookie.net/houkai-star-rail/images/8/8d/Item_Poet_of_Mourning_Collapse.png/revision/latest?cb=20250115231118,Bone Collection's Serene Demesne,https://static.wikia.nocookie.net/houkai-star-rail/images/c/c3/Item_Bone_Collection%27s_Serene_Demesne.png/revision/latest?cb=20250226072613,Make Farewells More Beautiful,https://static.wikia.nocookie.net/houkai-star-rail/images/5/58/Light_Cone_Make_Farewells_More_Beautiful.png/revision/latest?cb=20250409035459,Castorice; Tribbie; Chipher; Hyacine,,"q dmg boost is okay, but pollux's dmg come from castorices max hp, which scales of 40% of cas' max hp at max lvl, so its advisable to use hp%",Quantum,https://static.wikia.nocookie.net/houkai-star-rail/images/5/54/Type_Quantum.png/revision/latest?cb=20240609183337,Remembrance,https://static.wikia.nocookie.net/houkai-star-rail/images/2/2f/Path_Remembrance.png/revision/latest?cb=20240417235320,5,,,,,,Topaz & Numby,https://static.wikia.nocookie.net/houkai-star-rail/images/9/9d/Character_Topaz_and_Numby_Splash_Art.png/revision/latest/scale-to-width-down/1000?cb=20231030040101,
Castorice,https://static.wikia.nocookie.net/houkai-star-rail/images/9/94/Character_Castorice_Splash_Art.png/revision/latest/scale-to-width-down/1000?cb=20250409035111,HP-scaling DPS,"Body CD, Boots HP, Ring HP or Quantum Dmg, Rope HP. Priority CR/CD and HP",Poet of Mourning Collapse (4pc),https://static.wikia.nocookie.net/houkai-star-rail/images/8/8d/Item_Poet_of_Mourning_Collapse.png/revision/latest?cb=20250115231118,Bone Collection's Serene Demesne,https://static.wikia.nocookie.net/houkai-star-rail/images/c/c3/Item_Bone_Collection%27s_Serene_Demesne.png/revision/latest?cb=20250226072613,Make Farewells More Beautiful,https://static.wikia.nocookie.net/houkai-star-rail/images/5/58/Light_Cone_Make_Farewells_More_Beautiful.png/revision/latest?cb=20250409035459,Castorice; Tribbie; Chipher; Hyacine,,Relic set buff crit rate,Quantum,https://static.wikia.nocookie.net/houkai-star-rail/images/5/54/Type_Quantum.png/revision/latest?cb=20240609183337,Remembrance,https://static.wikia.nocookie.net/houkai-star-rail/images/2/2f/Path_Remembrance.png/revision/latest?cb=20240417235320,5,,,,,,,,
Castorice,https://static.wikia.nocookie.net/houkai-star-rail/images/9/94/Character_Castorice_Splash_Art.png/revision/latest/scale-to-width-down/1000?cb=20250409035111,HP-scaling DPS,"Body CD, Boots HP, Ring HP or Quantum Dmg, Rope HP. Priority CR/CD and HP",Poet of Mourning Collapse (4pc),https://static.wikia.nocookie.net/houkai-star-rail/images/8/8d/Item_Poet_of_Mourning_Collapse.png/revision/latest?cb=20250115231118,Bone Collection's Serene Demesne,https://static.wikia.nocookie.net/houkai-star-rail/images/c/c3/Item_Bone_Collection%27s_Serene_Demesne.png/revision/latest?cb=20250226072613,Make Farewells More Beautiful,https://static.wikia.nocookie.net/houkai-star-rail/images/5/58/Light_Cone_Make_Farewells_More_Beautiful.png/revision/latest?cb=20250409035459,Castorice; Tribbie; Chipher; Hyacine,,I heard it's better to prioritize firstly getting her LC to +1 rather than her eidolon,Quantum,https://static.wikia.nocookie.net/houkai-star-rail/images/5/54/Type_Quantum.png/revision/latest?cb=20240609183337,Remembrance,https://static.wikia.nocookie.net/houkai-star-rail/images/2/2f/Path_Remembrance.png/revision/latest?cb=20240417235320,5,,,,,,Trailblazer Physical,https://static.wikia.nocookie.net/houkai-star-rail/images/6/6f/Character_Trailblazer_%28F%29_Destruction_Splash_Art.png/revision/latest/scale-to-width-down/1000?cb=20230501005741,
Castorice,https://static.wikia.nocookie.net/houkai-star-rail/images/9/94/Character_Castorice_Splash_Art.png/revision/latest/scale-to-width-down/1000?cb=20250409035111,HP-scaling DPS,"Body CD, Boots HP, Ring HP or Quantum Dmg, Rope HP. Priority CR/CD and HP",Poet of Mourning Collapse (4pc),https://static.wikia.nocookie.net/houkai-star-rail/images/8/8d/Item_Poet_of_Mourning_Collapse.png/revision/latest?cb=20250115231118,Bone Collection's Serene Demesne,https://static.wikia.nocookie.net/houkai-star-rail/images/c/c3/Item_Bone_Collection%27s_Serene_Demesne.png/revision/latest?cb=20250226072613,Make Farewells More Beautiful,https://static.wikia.nocookie.net/houkai-star-rail/images/5/58/Light_Cone_Make_Farewells_More_Beautiful.png/revision/latest?cb=20250409035459,Castorice; Tribbie; Chipher; Hyacine,,"bc she needs so many hp, and her light cone can give her 30% hp and 30% res pen or def pen ",Quantum,https://static.wikia.nocookie.net/houkai-star-rail/images/5/54/Type_Quantum.png/revision/latest?cb=20240609183337,Remembrance,https://static.wikia.nocookie.net/houkai-star-rail/images/2/2f/Path_Remembrance.png/revision/latest?cb=20240417235320,5,,,,,,,,
Castorice,https://static.wikia.nocookie.net/houkai-star-rail/images/9/94/Character_Castorice_Splash_Art.png/revision/latest/scale-to-width-down/1000?cb=20250409035111,HP-scaling DPS,"Body CD, Boots HP, Ring HP or Quantum Dmg, Rope HP. Priority CR/CD and HP",Poet of Mourning Collapse (4pc),https://static.wikia.nocookie.net/houkai-star-rail/images/8/8d/Item_Poet_of_Mourning_Collapse.png/revision/latest?cb=20250115231118,Bone Collection's Serene Demesne,https://static.wikia.nocookie.net/houkai-star-rail/images/c/c3/Item_Bone_Collection%27s_Serene_Demesne.png/revision/latest?cb=20250226072613,Make Farewells More Beautiful,https://static.wikia.nocookie.net/houkai-star-rail/images/5/58/Light_Cone_Make_Farewells_More_Beautiful.png/revision/latest?cb=20250409035459,Castorice; Tribbie; Chipher; Hyacine,,"This is really helpful. I just pulled her a few days ago and beyond leveling her, I wasnt sure what to do next",Quantum,https://static.wikia.nocookie.net/houkai-star-rail/images/5/54/Type_Quantum.png/revision/latest?cb=20240609183337,Remembrance,https://static.wikia.nocookie.net/houkai-star-rail/images/2/2f/Path_Remembrance.png/revision/latest?cb=20240417235320,5,,,,,,Trailblazer Fire,https://static.wikia.nocookie.net/houkai-star-rail/images/1/17/Character_Trailblazer_%28F%29_Preservation_Splash_Art.png/revision/latest/scale-to-width-down/1000?cb=20230501005729,
Castorice,https://static.wikia.nocookie.net/houkai-star-rail/images/9/94/Character_Castorice_Splash_Art.png/revision/latest/scale-to-width-down/1000?cb=20250409035111,HP-scaling DPS,"Body CD, Boots HP, Ring HP or Quantum Dmg, Rope HP. Priority CR/CD and HP",Poet of Mourning Collapse (4pc),https://static.wikia.nocookie.net/houkai-star-rail/images/8/8d/Item_Poet_of_Mourning_Collapse.png/revision/latest?cb=20250115231118,Bone Collection's Serene Demesne,https://static.wikia.nocookie.net/houkai-star-rail/images/c/c3/Item_Bone_Collection%27s_Serene_Demesne.png/revision/latest?cb=20250226072613,Make Farewells More Beautiful,https://static.wikia.nocookie.net/houkai-star-rail/images/5/58/Light_Cone_Make_Farewells_More_Beautiful.png/revision/latest?cb=20250409035459,Castorice; Tribbie; Chipher; Hyacine,,"Also, its a pretty post design. 10/10. My eyes would eye this again.",Quantum,https://static.wikia.nocookie.net/houkai-star-rail/images/5/54/Type_Quantum.png/revision/latest?cb=20240609183337,Remembrance,https://static.wikia.nocookie.net/houkai-star-rail/images/2/2f/Path_Remembrance.png/revision/latest?cb=20240417235320,5,,,,,,,,
Castorice,https://static.wikia.nocookie.net/houkai-star-rail/images/9/94/Character_Castorice_Splash_Art.png/revision/latest/scale-to-width-down/1000?cb=20250409035111,HP-scaling DPS,"Body CD, Boots HP, Ring HP or Quantum Dmg, Rope HP. Priority CR/CD and HP",Poet of Mourning Collapse (4pc),https://static.wikia.nocookie.net/houkai-star-rail/images/8/8d/Item_Poet_of_Mourning_Collapse.png/revision/latest?cb=20250115231118,Bone Collection's Serene Demesne,https://static.wikia.nocookie.net/houkai-star-rail/images/c/c3/Item_Bone_Collection%27s_Serene_Demesne.png/revision/latest?cb=20250226072613,Make Farewells More Beautiful,https://static.wikia.nocookie.net/houkai-star-rail/images/5/58/Light_Cone_Make_Farewells_More_Beautiful.png/revision/latest?cb=20250409035459,Castorice; Tribbie; Chipher; Hyacine,," If you're planning to use MCNV lc along with the Poet relic, it's recommended to be below S2 since: 
MCNV S1 = 6%, while S2 = 7.5% spd boost

while the 4pc set effect of Poet has ""lower spd = higher crit rate boost"", that's why it also have a -8% spd. If spd is lower or equal to 95 then the c.rate boost you can get is 32%, but if her spd is above 95 but lower or equal to 110 then c.rate boost is only at 20%. Higher than that (specifically higher than the -8% spd stat) will negate the relic's effect. And the relics' substats haven't been included yet.",Quantum,https://static.wikia.nocookie.net/houkai-star-rail/images/5/54/Type_Quantum.png/revision/latest?cb=20240609183337,Remembrance,https://static.wikia.nocookie.net/houkai-star-rail/images/2/2f/Path_Remembrance.png/revision/latest?cb=20240417235320,5,,,,,,Trailblazer Imaginary,https://static.wikia.nocookie.net/houkai-star-rail/images/0/0a/Character_Trailblazer_%28F%29_Harmony_Splash_Art.png/revision/latest/scale-to-width-down/1000?cb=20240508064117,
Castorice,https://static.wikia.nocookie.net/houkai-star-rail/images/9/94/Character_Castorice_Splash_Art.png/revision/latest/scale-to-width-down/1000?cb=20250409035111,HP-scaling DPS,"Body CD, Boots HP, Ring HP or Quantum Dmg, Rope HP. Priority CR/CD and HP",Poet of Mourning Collapse (4pc),https://static.wikia.nocookie.net/houkai-star-rail/images/8/8d/Item_Poet_of_Mourning_Collapse.png/revision/latest?cb=20250115231118,Bone Collection's Serene Demesne,https://static.wikia.nocookie.net/houkai-star-rail/images/c/c3/Item_Bone_Collection%27s_Serene_Demesne.png/revision/latest?cb=20250226072613,Make Farewells More Beautiful,https://static.wikia.nocookie.net/houkai-star-rail/images/5/58/Light_Cone_Make_Farewells_More_Beautiful.png/revision/latest?cb=20250409035459,Castorice; Tribbie; Chipher; Hyacine,,"Plus, Cas has already a base spd stat of 95 to begin with.

 
I tried doing this ""S1 MCNV + 4pc Poet"", and it almost cancelled the relic's effect making my dmg much lower. Though, I'm not sure yet what will happen and how much dmg you can do if MCNV is use with the alternative relic.",Quantum,https://static.wikia.nocookie.net/houkai-star-rail/images/5/54/Type_Quantum.png/revision/latest?cb=20240609183337,Remembrance,https://static.wikia.nocookie.net/houkai-star-rail/images/2/2f/Path_Remembrance.png/revision/latest?cb=20240417235320,5,,,,,,,,
Castorice,https://static.wikia.nocookie.net/houkai-star-rail/images/9/94/Character_Castorice_Splash_Art.png/revision/latest/scale-to-width-down/1000?cb=20250409035111,HP-scaling DPS,"Body CD, Boots HP, Ring HP or Quantum Dmg, Rope HP. Priority CR/CD and HP",Poet of Mourning Collapse (4pc),https://static.wikia.nocookie.net/houkai-star-rail/images/8/8d/Item_Poet_of_Mourning_Collapse.png/revision/latest?cb=20250115231118,Bone Collection's Serene Demesne,https://static.wikia.nocookie.net/houkai-star-rail/images/c/c3/Item_Bone_Collection%27s_Serene_Demesne.png/revision/latest?cb=20250226072613,Make Farewells More Beautiful,https://static.wikia.nocookie.net/houkai-star-rail/images/5/58/Light_Cone_Make_Farewells_More_Beautiful.png/revision/latest?cb=20250409035459,Castorice; Tribbie; Chipher; Hyacine,,signed is like a god,Quantum,https://static.wikia.nocookie.net/houkai-star-rail/images/5/54/Type_Quantum.png/revision/latest?cb=20240609183337,Remembrance,https://static.wikia.nocookie.net/houkai-star-rail/images/2/2f/Path_Remembrance.png/revision/latest?cb=20240417235320,5,,,,,,Trailblazer Ice,https://static.wikia.nocookie.net/houkai-star-rail/images/1/15/Character_Trailblazer_%28F%29_Remembrance_Splash_Art.png/revision/latest/scale-to-width-down/1000?cb=20250117063309,
Cipher,https://static.wikia.nocookie.net/houkai-star-rail/images/0/0d/Character_Cipher_Splash_Art.png/revision/latest/scale-to-width-down/1000?cb=20250527140832,Allies Record Damage Based True Damage,"Body CD, Boots Spd, Ring Q dmg, Rope Energy or Atk",Pioneer Diver of Dead Waters,https://static.wikia.nocookie.net/houkai-star-rail/images/5/5a/Item_Izumo_Gensei_and_Takama_Divine_Realm.png/revision/latest?cb=20250315152543,"Lushaka, the Sunken Seas",https://static.wikia.nocookie.net/houkai-star-rail/images/6/6b/Item_Lushaka%2C_the_Sunken_Seas.png/revision/latest?cb=20240911203817,Lies Dance on the Breeze,https://static.wikia.nocookie.net/houkai-star-rail/images/4/47/Light_Cone_Lies_Dance_on_the_Breeze.png/revision/latest?cb=20250611051742,Castorice; Tribbie; Chipher; Hyacine,,"Cipher is def better than pela, your team is fine",Quantum,https://static.wikia.nocookie.net/houkai-star-rail/images/5/54/Type_Quantum.png/revision/latest?cb=20240609183337,Nihility,https://static.wikia.nocookie.net/houkai-star-rail/images/4/45/Path_Nihility.png/revision/latest?cb=20240417235304,5,,,,,,,,
Cipher,https://static.wikia.nocookie.net/houkai-star-rail/images/0/0d/Character_Cipher_Splash_Art.png/revision/latest/scale-to-width-down/1000?cb=20250527140832,Allies Record Damage Based True Damage,"Body CD, Boots Spd, Ring Q dmg, Rope Energy or Atk",Pioneer Diver of Dead Waters,https://static.wikia.nocookie.net/houkai-star-rail/images/5/5a/Item_Izumo_Gensei_and_Takama_Divine_Realm.png/revision/latest?cb=20250315152543,"Lushaka, the Sunken Seas",https://static.wikia.nocookie.net/houkai-star-rail/images/6/6b/Item_Lushaka%2C_the_Sunken_Seas.png/revision/latest?cb=20240911203817,Lies Dance on the Breeze,https://static.wikia.nocookie.net/houkai-star-rail/images/4/47/Light_Cone_Lies_Dance_on_the_Breeze.png/revision/latest?cb=20250611051742,Castorice; Tribbie; Chipher; Hyacine,,"Having black Swan with acheron is kinda hard ngl, cause she gonna waste your SP (yes, I do have Black Swan. She's collecting Dust rn) 
So i suggest acheron, pela, aventurine, cat

If you're wondering, this is my Acheron team",Quantum,https://static.wikia.nocookie.net/houkai-star-rail/images/5/54/Type_Quantum.png/revision/latest?cb=20240609183337,Nihility,https://static.wikia.nocookie.net/houkai-star-rail/images/4/45/Path_Nihility.png/revision/latest?cb=20240417235304,5,,,,,,Tribbie,https://static.wikia.nocookie.net/houkai-star-rail/images/e/eb/Character_Tribbie_Splash_Art.png/revision/latest/scale-to-width-down/1000?cb=20250309185506,
Cipher,https://static.wikia.nocookie.net/houkai-star-rail/images/0/0d/Character_Cipher_Splash_Art.png/revision/latest/scale-to-width-down/1000?cb=20250527140832,Allies Record Damage Based True Damage,"Body CD, Boots Spd, Ring Q dmg, Rope Energy or Atk",Pioneer Diver of Dead Waters,https://static.wikia.nocookie.net/houkai-star-rail/images/5/5a/Item_Izumo_Gensei_and_Takama_Divine_Realm.png/revision/latest?cb=20250315152543,"Lushaka, the Sunken Seas",https://static.wikia.nocookie.net/houkai-star-rail/images/6/6b/Item_Lushaka%2C_the_Sunken_Seas.png/revision/latest?cb=20240911203817,Lies Dance on the Breeze,https://static.wikia.nocookie.net/houkai-star-rail/images/4/47/Light_Cone_Lies_Dance_on_the_Breeze.png/revision/latest?cb=20250611051742,Castorice; Tribbie; Chipher; Hyacine,," Aven's sig LC isn't that big of an upgrade over Trend LC if you're only pulling it just to make Acheron's stack generation faster. It might be the same as Trend LC if not only slightly faster (to the point that it doesn't even matter). I'd suggest saving your pulls for future characters instead  Cipher isn't out yet but from what we know in 'dreamland', at E0S1 she's a good teammate for Acheron.",Quantum,https://static.wikia.nocookie.net/houkai-star-rail/images/5/54/Type_Quantum.png/revision/latest?cb=20240609183337,Nihility,https://static.wikia.nocookie.net/houkai-star-rail/images/4/45/Path_Nihility.png/revision/latest?cb=20240417235304,5,,,,,,,,
Cipher,https://static.wikia.nocookie.net/houkai-star-rail/images/0/0d/Character_Cipher_Splash_Art.png/revision/latest/scale-to-width-down/1000?cb=20250527140832,Allies Record Damage Based True Damage,"Body CD, Boots Spd, Ring Q dmg, Rope Energy or Atk",Pioneer Diver of Dead Waters,https://static.wikia.nocookie.net/houkai-star-rail/images/5/5a/Item_Izumo_Gensei_and_Takama_Divine_Realm.png/revision/latest?cb=20250315152543,"Lushaka, the Sunken Seas",https://static.wikia.nocookie.net/houkai-star-rail/images/6/6b/Item_Lushaka%2C_the_Sunken_Seas.png/revision/latest?cb=20240911203817,Lies Dance on the Breeze,https://static.wikia.nocookie.net/houkai-star-rail/images/4/47/Light_Cone_Lies_Dance_on_the_Breeze.png/revision/latest?cb=20250611051742,Castorice; Tribbie; Chipher; Hyacine,,aaa,Quantum,https://static.wikia.nocookie.net/houkai-star-rail/images/5/54/Type_Quantum.png/revision/latest?cb=20240609183337,Nihility,https://static.wikia.nocookie.net/houkai-star-rail/images/4/45/Path_Nihility.png/revision/latest?cb=20240417235304,5,,,,,,Welt,https://static.wikia.nocookie.net/houkai-star-rail/images/1/11/Character_Welt_Splash_Art.png/revision/latest/scale-to-width-down/1000?cb=20230525090017,
Cipher,https://static.wikia.nocookie.net/houkai-star-rail/images/0/0d/Character_Cipher_Splash_Art.png/revision/latest/scale-to-width-down/1000?cb=20250527140832,Allies Record Damage Based True Damage,"Body CD, Boots Spd, Ring Q dmg, Rope Energy or Atk",Pioneer Diver of Dead Waters,https://static.wikia.nocookie.net/houkai-star-rail/images/5/5a/Item_Izumo_Gensei_and_Takama_Divine_Realm.png/revision/latest?cb=20250315152543,"Lushaka, the Sunken Seas",https://static.wikia.nocookie.net/houkai-star-rail/images/6/6b/Item_Lushaka%2C_the_Sunken_Seas.png/revision/latest?cb=20240911203817,Lies Dance on the Breeze,https://static.wikia.nocookie.net/houkai-star-rail/images/4/47/Light_Cone_Lies_Dance_on_the_Breeze.png/revision/latest?cb=20250611051742,Castorice; Tribbie; Chipher; Hyacine,,aaa,Quantum,https://static.wikia.nocookie.net/houkai-star-rail/images/5/54/Type_Quantum.png/revision/latest?cb=20240609183337,Nihility,https://static.wikia.nocookie.net/houkai-star-rail/images/4/45/Path_Nihility.png/revision/latest?cb=20240417235304,5,,,,,,,,
Cipher,https://static.wikia.nocookie.net/houkai-star-rail/images/0/0d/Character_Cipher_Splash_Art.png/revision/latest/scale-to-width-down/1000?cb=20250527140832,Allies Record Damage Based True Damage,"Body CD, Boots Spd, Ring Q dmg, Rope Energy or Atk",Pioneer Diver of Dead Waters,https://static.wikia.nocookie.net/houkai-star-rail/images/5/5a/Item_Izumo_Gensei_and_Takama_Divine_Realm.png/revision/latest?cb=20250315152543,"Lushaka, the Sunken Seas",https://static.wikia.nocookie.net/houkai-star-rail/images/6/6b/Item_Lushaka%2C_the_Sunken_Seas.png/revision/latest?cb=20240911203817,Lies Dance on the Breeze,https://static.wikia.nocookie.net/houkai-star-rail/images/4/47/Light_Cone_Lies_Dance_on_the_Breeze.png/revision/latest?cb=20250611051742,Castorice; Tribbie; Chipher; Hyacine,,aaa,Quantum,https://static.wikia.nocookie.net/houkai-star-rail/images/5/54/Type_Quantum.png/revision/latest?cb=20240609183337,Nihility,https://static.wikia.nocookie.net/houkai-star-rail/images/4/45/Path_Nihility.png/revision/latest?cb=20240417235304,5,,,,,,Xueyi,https://static.wikia.nocookie.net/houkai-star-rail/images/b/bc/Character_Xueyi_Splash_Art.png/revision/latest/scale-to-width-down/1000?cb=20231227045314,
Cipher,https://static.wikia.nocookie.net/houkai-star-rail/images/0/0d/Character_Cipher_Splash_Art.png/revision/latest/scale-to-width-down/1000?cb=20250527140832,Allies Record Damage Based True Damage,"Body CD, Boots Spd, Ring Q dmg, Rope Energy or Atk",Pioneer Diver of Dead Waters,https://static.wikia.nocookie.net/houkai-star-rail/images/5/5a/Item_Izumo_Gensei_and_Takama_Divine_Realm.png/revision/latest?cb=20250315152543,"Lushaka, the Sunken Seas",https://static.wikia.nocookie.net/houkai-star-rail/images/6/6b/Item_Lushaka%2C_the_Sunken_Seas.png/revision/latest?cb=20240911203817,Lies Dance on the Breeze,https://static.wikia.nocookie.net/houkai-star-rail/images/4/47/Light_Cone_Lies_Dance_on_the_Breeze.png/revision/latest?cb=20250611051742,Castorice; Tribbie; Chipher; Hyacine,,aaa,Quantum,https://static.wikia.nocookie.net/houkai-star-rail/images/5/54/Type_Quantum.png/revision/latest?cb=20240609183337,Nihility,https://static.wikia.nocookie.net/houkai-star-rail/images/4/45/Path_Nihility.png/revision/latest?cb=20240417235304,5,,,,,,,,
Cipher,https://static.wikia.nocookie.net/houkai-star-rail/images/0/0d/Character_Cipher_Splash_Art.png/revision/latest/scale-to-width-down/1000?cb=20250527140832,Allies Record Damage Based True Damage,"Body CD, Boots Spd, Ring Q dmg, Rope Energy or Atk",Pioneer Diver of Dead Waters,https://static.wikia.nocookie.net/houkai-star-rail/images/5/5a/Item_Izumo_Gensei_and_Takama_Divine_Realm.png/revision/latest?cb=20250315152543,"Lushaka, the Sunken Seas",https://static.wikia.nocookie.net/houkai-star-rail/images/6/6b/Item_Lushaka%2C_the_Sunken_Seas.png/revision/latest?cb=20240911203817,Lies Dance on the Breeze,https://static.wikia.nocookie.net/houkai-star-rail/images/4/47/Light_Cone_Lies_Dance_on_the_Breeze.png/revision/latest?cb=20250611051742,Castorice; Tribbie; Chipher; Hyacine,,aaa,Quantum,https://static.wikia.nocookie.net/houkai-star-rail/images/5/54/Type_Quantum.png/revision/latest?cb=20240609183337,Nihility,https://static.wikia.nocookie.net/houkai-star-rail/images/4/45/Path_Nihility.png/revision/latest?cb=20240417235304,5,,,,,,Yanqing,https://static.wikia.nocookie.net/houkai-star-rail/images/6/6d/Character_Yanqing_Splash_Art.png/revision/latest/scale-to-width-down/1000?cb=20230210121516,
Cipher,https://static.wikia.nocookie.net/houkai-star-rail/images/0/0d/Character_Cipher_Splash_Art.png/revision/latest/scale-to-width-down/1000?cb=20250527140832,Allies Record Damage Based True Damage,"Body CD, Boots Spd, Ring Q dmg, Rope Energy or Atk",Pioneer Diver of Dead Waters,https://static.wikia.nocookie.net/houkai-star-rail/images/5/5a/Item_Izumo_Gensei_and_Takama_Divine_Realm.png/revision/latest?cb=20250315152543,"Lushaka, the Sunken Seas",https://static.wikia.nocookie.net/houkai-star-rail/images/6/6b/Item_Lushaka%2C_the_Sunken_Seas.png/revision/latest?cb=20240911203817,Lies Dance on the Breeze,https://static.wikia.nocookie.net/houkai-star-rail/images/4/47/Light_Cone_Lies_Dance_on_the_Breeze.png/revision/latest?cb=20250611051742,Castorice; Tribbie; Chipher; Hyacine,,aaa,Quantum,https://static.wikia.nocookie.net/houkai-star-rail/images/5/54/Type_Quantum.png/revision/latest?cb=20240609183337,Nihility,https://static.wikia.nocookie.net/houkai-star-rail/images/4/45/Path_Nihility.png/revision/latest?cb=20240417235304,5,,,,,,,,
Cipher,https://static.wikia.nocookie.net/houkai-star-rail/images/0/0d/Character_Cipher_Splash_Art.png/revision/latest/scale-to-width-down/1000?cb=20250527140832,Allies Record Damage Based True Damage,"Body CD, Boots Spd, Ring Q dmg, Rope Energy or Atk",Pioneer Diver of Dead Waters,https://static.wikia.nocookie.net/houkai-star-rail/images/5/5a/Item_Izumo_Gensei_and_Takama_Divine_Realm.png/revision/latest?cb=20250315152543,"Lushaka, the Sunken Seas",https://static.wikia.nocookie.net/houkai-star-rail/images/6/6b/Item_Lushaka%2C_the_Sunken_Seas.png/revision/latest?cb=20240911203817,Lies Dance on the Breeze,https://static.wikia.nocookie.net/houkai-star-rail/images/4/47/Light_Cone_Lies_Dance_on_the_Breeze.png/revision/latest?cb=20250611051742,Castorice; Tribbie; Chipher; Hyacine,,aaa,Quantum,https://static.wikia.nocookie.net/houkai-star-rail/images/5/54/Type_Quantum.png/revision/latest?cb=20240609183337,Nihility,https://static.wikia.nocookie.net/houkai-star-rail/images/4/45/Path_Nihility.png/revision/latest?cb=20240417235304,5,,,,,,Yukong,https://static.wikia.nocookie.net/houkai-star-rail/images/0/04/Character_Yukong_Splash_Art.png/revision/latest/scale-to-width-down/1000?cb=20230628090836,
Clara,https://static.wikia.nocookie.net/houkai-star-rail/images/c/c2/Character_Clara_Splash_Art.png/revision/latest/scale-to-width-down/1000?cb=20230216231958,Counterattacks-Trigger Sustain Damage,"Body CR or CD, Boots Atk, Ring P Dmg, Rope Atk",Champion of Streetwise Boxing (4pc),https://static.wikia.nocookie.net/houkai-star-rail/images/b/b9/Item_Champion_of_Streetwise_Boxing.png/revision/latest?cb=20230810042737,Inert Salsotto,https://static.wikia.nocookie.net/houkai-star-rail/images/f/f5/Item_Inert_Salsotto.png/revision/latest?cb=20230810043523,Something Irreplaceable,https://static.wikia.nocookie.net/houkai-star-rail/images/7/7a/Light_Cone_Something_Irreplaceable.png/revision/latest?cb=20230719030434,,,So you use one harmony limited character ( Robin I think ) + clara + herta + one tank or healer? Good job on getting 40k points ^^,Physical,https://static.wikia.nocookie.net/houkai-star-rail/images/6/69/Type_Physical.png/revision/latest?cb=20220610120901,Destruction,https://static.wikia.nocookie.net/houkai-star-rail/images/d/df/Path_Destruction.png/revision/latest?cb=20240417234659,5,,,,,,,,
Clara,https://static.wikia.nocookie.net/houkai-star-rail/images/c/c2/Character_Clara_Splash_Art.png/revision/latest/scale-to-width-down/1000?cb=20230216231958,Counterattacks-Trigger Sustain Damage,"Body CR or CD, Boots Atk, Ring P Dmg, Rope Atk",Champion of Streetwise Boxing (4pc),https://static.wikia.nocookie.net/houkai-star-rail/images/b/b9/Item_Champion_of_Streetwise_Boxing.png/revision/latest?cb=20230810042737,Inert Salsotto,https://static.wikia.nocookie.net/houkai-star-rail/images/f/f5/Item_Inert_Salsotto.png/revision/latest?cb=20230810043523,Something Irreplaceable,https://static.wikia.nocookie.net/houkai-star-rail/images/7/7a/Light_Cone_Something_Irreplaceable.png/revision/latest?cb=20230719030434,,,aaa,Physical,https://static.wikia.nocookie.net/houkai-star-rail/images/6/69/Type_Physical.png/revision/latest?cb=20220610120901,Destruction,https://static.wikia.nocookie.net/houkai-star-rail/images/d/df/Path_Destruction.png/revision/latest?cb=20240417234659,5,,,,,,Yunli,https://static.wikia.nocookie.net/houkai-star-rail/images/7/72/Character_Yunli_Splash_Art.png/revision/latest/scale-to-width-down/1000?cb=20241007221656,
Clara,https://static.wikia.nocookie.net/houkai-star-rail/images/c/c2/Character_Clara_Splash_Art.png/revision/latest/scale-to-width-down/1000?cb=20230216231958,Counterattacks-Trigger Sustain Damage,"Body CR or CD, Boots Atk, Ring P Dmg, Rope Atk",Champion of Streetwise Boxing (4pc),https://static.wikia.nocookie.net/houkai-star-rail/images/b/b9/Item_Champion_of_Streetwise_Boxing.png/revision/latest?cb=20230810042737,Inert Salsotto,https://static.wikia.nocookie.net/houkai-star-rail/images/f/f5/Item_Inert_Salsotto.png/revision/latest?cb=20230810043523,Something Irreplaceable,https://static.wikia.nocookie.net/houkai-star-rail/images/7/7a/Light_Cone_Something_Irreplaceable.png/revision/latest?cb=20230719030434,,,aaa,Physical,https://static.wikia.nocookie.net/houkai-star-rail/images/6/69/Type_Physical.png/revision/latest?cb=20220610120901,Destruction,https://static.wikia.nocookie.net/houkai-star-rail/images/d/df/Path_Destruction.png/revision/latest?cb=20240417234659,5,,,,,,,,
Clara,https://static.wikia.nocookie.net/houkai-star-rail/images/c/c2/Character_Clara_Splash_Art.png/revision/latest/scale-to-width-down/1000?cb=20230216231958,Counterattacks-Trigger Sustain Damage,"Body CR or CD, Boots Atk, Ring P Dmg, Rope Atk",Champion of Streetwise Boxing (4pc),https://static.wikia.nocookie.net/houkai-star-rail/images/b/b9/Item_Champion_of_Streetwise_Boxing.png/revision/latest?cb=20230810042737,Inert Salsotto,https://static.wikia.nocookie.net/houkai-star-rail/images/f/f5/Item_Inert_Salsotto.png/revision/latest?cb=20230810043523,Something Irreplaceable,https://static.wikia.nocookie.net/houkai-star-rail/images/7/7a/Light_Cone_Something_Irreplaceable.png/revision/latest?cb=20230719030434,,,aaa,Physical,https://static.wikia.nocookie.net/houkai-star-rail/images/6/69/Type_Physical.png/revision/latest?cb=20220610120901,Destruction,https://static.wikia.nocookie.net/houkai-star-rail/images/d/df/Path_Destruction.png/revision/latest?cb=20240417234659,5,,,,,,,,
Clara,https://static.wikia.nocookie.net/houkai-star-rail/images/c/c2/Character_Clara_Splash_Art.png/revision/latest/scale-to-width-down/1000?cb=20230216231958,Counterattacks-Trigger Sustain Damage,"Body CR or CD, Boots Atk, Ring P Dmg, Rope Atk",Champion of Streetwise Boxing (4pc),https://static.wikia.nocookie.net/houkai-star-rail/images/b/b9/Item_Champion_of_Streetwise_Boxing.png/revision/latest?cb=20230810042737,Inert Salsotto,https://static.wikia.nocookie.net/houkai-star-rail/images/f/f5/Item_Inert_Salsotto.png/revision/latest?cb=20230810043523,Something Irreplaceable,https://static.wikia.nocookie.net/houkai-star-rail/images/7/7a/Light_Cone_Something_Irreplaceable.png/revision/latest?cb=20230719030434,,,aaa,Physical,https://static.wikia.nocookie.net/houkai-star-rail/images/6/69/Type_Physical.png/revision/latest?cb=20220610120901,Destruction,https://static.wikia.nocookie.net/houkai-star-rail/images/d/df/Path_Destruction.png/revision/latest?cb=20240417234659,5,,,,,,,,
Clara,https://static.wikia.nocookie.net/houkai-star-rail/images/c/c2/Character_Clara_Splash_Art.png/revision/latest/scale-to-width-down/1000?cb=20230216231958,Counterattacks-Trigger Sustain Damage,"Body CR or CD, Boots Atk, Ring P Dmg, Rope Atk",Champion of Streetwise Boxing (4pc),https://static.wikia.nocookie.net/houkai-star-rail/images/b/b9/Item_Champion_of_Streetwise_Boxing.png/revision/latest?cb=20230810042737,Inert Salsotto,https://static.wikia.nocookie.net/houkai-star-rail/images/f/f5/Item_Inert_Salsotto.png/revision/latest?cb=20230810043523,Something Irreplaceable,https://static.wikia.nocookie.net/houkai-star-rail/images/7/7a/Light_Cone_Something_Irreplaceable.png/revision/latest?cb=20230719030434,,,aaa,Physical,https://static.wikia.nocookie.net/houkai-star-rail/images/6/69/Type_Physical.png/revision/latest?cb=20220610120901,Destruction,https://static.wikia.nocookie.net/houkai-star-rail/images/d/df/Path_Destruction.png/revision/latest?cb=20240417234659,5,,,,,,,,
Clara,https://static.wikia.nocookie.net/houkai-star-rail/images/c/c2/Character_Clara_Splash_Art.png/revision/latest/scale-to-width-down/1000?cb=20230216231958,Counterattacks-Trigger Sustain Damage,"Body CR or CD, Boots Atk, Ring P Dmg, Rope Atk",Champion of Streetwise Boxing (4pc),https://static.wikia.nocookie.net/houkai-star-rail/images/b/b9/Item_Champion_of_Streetwise_Boxing.png/revision/latest?cb=20230810042737,Inert Salsotto,https://static.wikia.nocookie.net/houkai-star-rail/images/f/f5/Item_Inert_Salsotto.png/revision/latest?cb=20230810043523,Something Irreplaceable,https://static.wikia.nocookie.net/houkai-star-rail/images/7/7a/Light_Cone_Something_Irreplaceable.png/revision/latest?cb=20230719030434,,,aaa,Physical,https://static.wikia.nocookie.net/houkai-star-rail/images/6/69/Type_Physical.png/revision/latest?cb=20220610120901,Destruction,https://static.wikia.nocookie.net/houkai-star-rail/images/d/df/Path_Destruction.png/revision/latest?cb=20240417234659,5,,,,,,,,
Clara,https://static.wikia.nocookie.net/houkai-star-rail/images/c/c2/Character_Clara_Splash_Art.png/revision/latest/scale-to-width-down/1000?cb=20230216231958,Counterattacks-Trigger Sustain Damage,"Body CR or CD, Boots Atk, Ring P Dmg, Rope Atk",Champion of Streetwise Boxing (4pc),https://static.wikia.nocookie.net/houkai-star-rail/images/b/b9/Item_Champion_of_Streetwise_Boxing.png/revision/latest?cb=20230810042737,Inert Salsotto,https://static.wikia.nocookie.net/houkai-star-rail/images/f/f5/Item_Inert_Salsotto.png/revision/latest?cb=20230810043523,Something Irreplaceable,https://static.wikia.nocookie.net/houkai-star-rail/images/7/7a/Light_Cone_Something_Irreplaceable.png/revision/latest?cb=20230719030434,,,aaa,Physical,https://static.wikia.nocookie.net/houkai-star-rail/images/6/69/Type_Physical.png/revision/latest?cb=20220610120901,Destruction,https://static.wikia.nocookie.net/houkai-star-rail/images/d/df/Path_Destruction.png/revision/latest?cb=20240417234659,5,,,,Picture Link  Element ,ele,,,
Clara,https://static.wikia.nocookie.net/houkai-star-rail/images/c/c2/Character_Clara_Splash_Art.png/revision/latest/scale-to-width-down/1000?cb=20230216231958,Counterattacks-Trigger Sustain Damage,"Body CR or CD, Boots Atk, Ring P Dmg, Rope Atk",Champion of Streetwise Boxing (4pc),https://static.wikia.nocookie.net/houkai-star-rail/images/b/b9/Item_Champion_of_Streetwise_Boxing.png/revision/latest?cb=20230810042737,Inert Salsotto,https://static.wikia.nocookie.net/houkai-star-rail/images/f/f5/Item_Inert_Salsotto.png/revision/latest?cb=20230810043523,Something Irreplaceable,https://static.wikia.nocookie.net/houkai-star-rail/images/7/7a/Light_Cone_Something_Irreplaceable.png/revision/latest?cb=20230719030434,,,aaa,Physical,https://static.wikia.nocookie.net/houkai-star-rail/images/6/69/Type_Physical.png/revision/latest?cb=20220610120901,Destruction,https://static.wikia.nocookie.net/houkai-star-rail/images/d/df/Path_Destruction.png/revision/latest?cb=20240417234659,5,,,,,,,,
Clara,https://static.wikia.nocookie.net/houkai-star-rail/images/c/c2/Character_Clara_Splash_Art.png/revision/latest/scale-to-width-down/1000?cb=20230216231958,Counterattacks-Trigger Sustain Damage,"Body CR or CD, Boots Atk, Ring P Dmg, Rope Atk",Champion of Streetwise Boxing (4pc),https://static.wikia.nocookie.net/houkai-star-rail/images/b/b9/Item_Champion_of_Streetwise_Boxing.png/revision/latest?cb=20230810042737,Inert Salsotto,https://static.wikia.nocookie.net/houkai-star-rail/images/f/f5/Item_Inert_Salsotto.png/revision/latest?cb=20230810043523,Something Irreplaceable,https://static.wikia.nocookie.net/houkai-star-rail/images/7/7a/Light_Cone_Something_Irreplaceable.png/revision/latest?cb=20230719030434,,,aaa,Physical,https://static.wikia.nocookie.net/houkai-star-rail/images/6/69/Type_Physical.png/revision/latest?cb=20220610120901,Destruction,https://static.wikia.nocookie.net/houkai-star-rail/images/d/df/Path_Destruction.png/revision/latest?cb=20240417234659,5,,,,https://static.wikia.nocookie.net/houkai-star-rail/images/f/f0/Type_Fire.png/revision/latest?cb=20220610120131,Fire,,,
Dan Heng Imbibitor Lunae,https://static.wikia.nocookie.net/houkai-star-rail/images/2/2c/Character_Dan_Heng_%E2%80%A2_Imbibitor_Lunae_Splash_Art.png/revision/latest/scale-to-width-down/1000?cb=20230818234313,Atk-Crit Scaling Sustain Damage,"Body CD, Boots Speed, Ring I Dmg, Rope Atk",Wastelander of Banditry Desert,https://static.wikia.nocookie.net/houkai-star-rail/images/a/aa/Item_Wastelander_of_Banditry_Desert.png/revision/latest?cb=20230810044507,Space Sealing Station,https://static.wikia.nocookie.net/houkai-star-rail/images/7/78/Item_Space_Sealing_Station.png/revision/latest?cb=20230810044159,Brighter Than the Sun,https://static.wikia.nocookie.net/houkai-star-rail/images/d/d0/Light_Cone_Brighter_Than_the_Sun.png/revision/latest?cb=20230830022603,,,"As for teams shes (Robin )the best support for all FuA characters so Ratio, Topaz, Fei, etc. She also fits in very well into other teams like DoT or regular hypercarry teams like Seele/DHIL",Imaginary,https://static.wikia.nocookie.net/houkai-star-rail/images/2/2f/Type_Imaginary.png/revision/latest?cb=20220610120517,Destruction,https://static.wikia.nocookie.net/houkai-star-rail/images/d/df/Path_Destruction.png/revision/latest?cb=20240417234659,5,,,,https://static.wikia.nocookie.net/houkai-star-rail/images/3/35/Type_Ice.png/revision/latest?cb=20220610120329,Ice,,,
Dan Heng Imbibitor Lunae,https://static.wikia.nocookie.net/houkai-star-rail/images/2/2c/Character_Dan_Heng_%E2%80%A2_Imbibitor_Lunae_Splash_Art.png/revision/latest/scale-to-width-down/1000?cb=20230818234313,Atk-Crit Scaling Sustain Damage,"Body CD, Boots Speed, Ring I Dmg, Rope Atk",Wastelander of Banditry Desert,https://static.wikia.nocookie.net/houkai-star-rail/images/a/aa/Item_Wastelander_of_Banditry_Desert.png/revision/latest?cb=20230810044507,Space Sealing Station,https://static.wikia.nocookie.net/houkai-star-rail/images/7/78/Item_Space_Sealing_Station.png/revision/latest?cb=20230810044159,Brighter Than the Sun,https://static.wikia.nocookie.net/houkai-star-rail/images/d/d0/Light_Cone_Brighter_Than_the_Sun.png/revision/latest?cb=20230830022603,,,aaa,Imaginary,https://static.wikia.nocookie.net/houkai-star-rail/images/2/2f/Type_Imaginary.png/revision/latest?cb=20220610120517,Destruction,https://static.wikia.nocookie.net/houkai-star-rail/images/d/df/Path_Destruction.png/revision/latest?cb=20240417234659,5,,,,https://static.wikia.nocookie.net/houkai-star-rail/images/1/15/Type_Lightning.png/revision/latest?cb=20220610120726,Lightning,,,
Dan Heng Imbibitor Lunae,https://static.wikia.nocookie.net/houkai-star-rail/images/2/2c/Character_Dan_Heng_%E2%80%A2_Imbibitor_Lunae_Splash_Art.png/revision/latest/scale-to-width-down/1000?cb=20230818234313,Atk-Crit Scaling Sustain Damage,"Body CD, Boots Speed, Ring I Dmg, Rope Atk",Wastelander of Banditry Desert,https://static.wikia.nocookie.net/houkai-star-rail/images/a/aa/Item_Wastelander_of_Banditry_Desert.png/revision/latest?cb=20230810044507,Space Sealing Station,https://static.wikia.nocookie.net/houkai-star-rail/images/7/78/Item_Space_Sealing_Station.png/revision/latest?cb=20230810044159,Brighter Than the Sun,https://static.wikia.nocookie.net/houkai-star-rail/images/d/d0/Light_Cone_Brighter_Than_the_Sun.png/revision/latest?cb=20230830022603,,,aaa,Imaginary,https://static.wikia.nocookie.net/houkai-star-rail/images/2/2f/Type_Imaginary.png/revision/latest?cb=20220610120517,Destruction,https://static.wikia.nocookie.net/houkai-star-rail/images/d/df/Path_Destruction.png/revision/latest?cb=20240417234659,5,,,,https://static.wikia.nocookie.net/houkai-star-rail/images/e/ec/Type_Wind.png/revision/latest?cb=20220610121015,Wind,,,
Dan Heng Imbibitor Lunae,https://static.wikia.nocookie.net/houkai-star-rail/images/2/2c/Character_Dan_Heng_%E2%80%A2_Imbibitor_Lunae_Splash_Art.png/revision/latest/scale-to-width-down/1000?cb=20230818234313,Atk-Crit Scaling Sustain Damage,"Body CD, Boots Speed, Ring I Dmg, Rope Atk",Wastelander of Banditry Desert,https://static.wikia.nocookie.net/houkai-star-rail/images/a/aa/Item_Wastelander_of_Banditry_Desert.png/revision/latest?cb=20230810044507,Space Sealing Station,https://static.wikia.nocookie.net/houkai-star-rail/images/7/78/Item_Space_Sealing_Station.png/revision/latest?cb=20230810044159,Brighter Than the Sun,https://static.wikia.nocookie.net/houkai-star-rail/images/d/d0/Light_Cone_Brighter_Than_the_Sun.png/revision/latest?cb=20230830022603,,,aaa,Imaginary,https://static.wikia.nocookie.net/houkai-star-rail/images/2/2f/Type_Imaginary.png/revision/latest?cb=20220610120517,Destruction,https://static.wikia.nocookie.net/houkai-star-rail/images/d/df/Path_Destruction.png/revision/latest?cb=20240417234659,5,,,,https://static.wikia.nocookie.net/houkai-star-rail/images/5/54/Type_Quantum.png/revision/latest?cb=20240609183337,Quantum,,,
Dan Heng Imbibitor Lunae,https://static.wikia.nocookie.net/houkai-star-rail/images/2/2c/Character_Dan_Heng_%E2%80%A2_Imbibitor_Lunae_Splash_Art.png/revision/latest/scale-to-width-down/1000?cb=20230818234313,Atk-Crit Scaling Sustain Damage,"Body CD, Boots Speed, Ring I Dmg, Rope Atk",Wastelander of Banditry Desert,https://static.wikia.nocookie.net/houkai-star-rail/images/a/aa/Item_Wastelander_of_Banditry_Desert.png/revision/latest?cb=20230810044507,Space Sealing Station,https://static.wikia.nocookie.net/houkai-star-rail/images/7/78/Item_Space_Sealing_Station.png/revision/latest?cb=20230810044159,Brighter Than the Sun,https://static.wikia.nocookie.net/houkai-star-rail/images/d/d0/Light_Cone_Brighter_Than_the_Sun.png/revision/latest?cb=20230830022603,,,aaa,Imaginary,https://static.wikia.nocookie.net/houkai-star-rail/images/2/2f/Type_Imaginary.png/revision/latest?cb=20220610120517,Destruction,https://static.wikia.nocookie.net/houkai-star-rail/images/d/df/Path_Destruction.png/revision/latest?cb=20240417234659,5,,,,https://static.wikia.nocookie.net/houkai-star-rail/images/2/2f/Type_Imaginary.png/revision/latest?cb=20220610120517,Imaginary,,,
Dan Heng Imbibitor Lunae,https://static.wikia.nocookie.net/houkai-star-rail/images/2/2c/Character_Dan_Heng_%E2%80%A2_Imbibitor_Lunae_Splash_Art.png/revision/latest/scale-to-width-down/1000?cb=20230818234313,Atk-Crit Scaling Sustain Damage,"Body CD, Boots Speed, Ring I Dmg, Rope Atk",Wastelander of Banditry Desert,https://static.wikia.nocookie.net/houkai-star-rail/images/a/aa/Item_Wastelander_of_Banditry_Desert.png/revision/latest?cb=20230810044507,Space Sealing Station,https://static.wikia.nocookie.net/houkai-star-rail/images/7/78/Item_Space_Sealing_Station.png/revision/latest?cb=20230810044159,Brighter Than the Sun,https://static.wikia.nocookie.net/houkai-star-rail/images/d/d0/Light_Cone_Brighter_Than_the_Sun.png/revision/latest?cb=20230830022603,,,aaa,Imaginary,https://static.wikia.nocookie.net/houkai-star-rail/images/2/2f/Type_Imaginary.png/revision/latest?cb=20220610120517,Destruction,https://static.wikia.nocookie.net/houkai-star-rail/images/d/df/Path_Destruction.png/revision/latest?cb=20240417234659,5,,,,https://static.wikia.nocookie.net/houkai-star-rail/images/6/69/Type_Physical.png/revision/latest?cb=20220610120901,Physical,,,
Dan Heng Imbibitor Lunae,https://static.wikia.nocookie.net/houkai-star-rail/images/2/2c/Character_Dan_Heng_%E2%80%A2_Imbibitor_Lunae_Splash_Art.png/revision/latest/scale-to-width-down/1000?cb=20230818234313,Atk-Crit Scaling Sustain Damage,"Body CD, Boots Speed, Ring I Dmg, Rope Atk",Wastelander of Banditry Desert,https://static.wikia.nocookie.net/houkai-star-rail/images/a/aa/Item_Wastelander_of_Banditry_Desert.png/revision/latest?cb=20230810044507,Space Sealing Station,https://static.wikia.nocookie.net/houkai-star-rail/images/7/78/Item_Space_Sealing_Station.png/revision/latest?cb=20230810044159,Brighter Than the Sun,https://static.wikia.nocookie.net/houkai-star-rail/images/d/d0/Light_Cone_Brighter_Than_the_Sun.png/revision/latest?cb=20230830022603,,,aaa,Imaginary,https://static.wikia.nocookie.net/houkai-star-rail/images/2/2f/Type_Imaginary.png/revision/latest?cb=20220610120517,Destruction,https://static.wikia.nocookie.net/houkai-star-rail/images/d/df/Path_Destruction.png/revision/latest?cb=20240417234659,5,,,,,,,,
Dan Heng Imbibitor Lunae,https://static.wikia.nocookie.net/houkai-star-rail/images/2/2c/Character_Dan_Heng_%E2%80%A2_Imbibitor_Lunae_Splash_Art.png/revision/latest/scale-to-width-down/1000?cb=20230818234313,Atk-Crit Scaling Sustain Damage,"Body CD, Boots Speed, Ring I Dmg, Rope Atk",Wastelander of Banditry Desert,https://static.wikia.nocookie.net/houkai-star-rail/images/a/aa/Item_Wastelander_of_Banditry_Desert.png/revision/latest?cb=20230810044507,Space Sealing Station,https://static.wikia.nocookie.net/houkai-star-rail/images/7/78/Item_Space_Sealing_Station.png/revision/latest?cb=20230810044159,Brighter Than the Sun,https://static.wikia.nocookie.net/houkai-star-rail/images/d/d0/Light_Cone_Brighter_Than_the_Sun.png/revision/latest?cb=20230830022603,,,aaa,Imaginary,https://static.wikia.nocookie.net/houkai-star-rail/images/2/2f/Type_Imaginary.png/revision/latest?cb=20220610120517,Destruction,https://static.wikia.nocookie.net/houkai-star-rail/images/d/df/Path_Destruction.png/revision/latest?cb=20240417234659,5,,,,,,,,
Dan Heng Imbibitor Lunae,https://static.wikia.nocookie.net/houkai-star-rail/images/2/2c/Character_Dan_Heng_%E2%80%A2_Imbibitor_Lunae_Splash_Art.png/revision/latest/scale-to-width-down/1000?cb=20230818234313,Atk-Crit Scaling Sustain Damage,"Body CD, Boots Speed, Ring I Dmg, Rope Atk",Wastelander of Banditry Desert,https://static.wikia.nocookie.net/houkai-star-rail/images/a/aa/Item_Wastelander_of_Banditry_Desert.png/revision/latest?cb=20230810044507,Space Sealing Station,https://static.wikia.nocookie.net/houkai-star-rail/images/7/78/Item_Space_Sealing_Station.png/revision/latest?cb=20230810044159,Brighter Than the Sun,https://static.wikia.nocookie.net/houkai-star-rail/images/d/d0/Light_Cone_Brighter_Than_the_Sun.png/revision/latest?cb=20230830022603,,,aaa,Imaginary,https://static.wikia.nocookie.net/houkai-star-rail/images/2/2f/Type_Imaginary.png/revision/latest?cb=20220610120517,Destruction,https://static.wikia.nocookie.net/houkai-star-rail/images/d/df/Path_Destruction.png/revision/latest?cb=20240417234659,5,,,,,,,,
Dan Heng Imbibitor Lunae,https://static.wikia.nocookie.net/houkai-star-rail/images/2/2c/Character_Dan_Heng_%E2%80%A2_Imbibitor_Lunae_Splash_Art.png/revision/latest/scale-to-width-down/1000?cb=20230818234313,Atk-Crit Scaling Sustain Damage,"Body CD, Boots Speed, Ring I Dmg, Rope Atk",Wastelander of Banditry Desert,https://static.wikia.nocookie.net/houkai-star-rail/images/a/aa/Item_Wastelander_of_Banditry_Desert.png/revision/latest?cb=20230810044507,Space Sealing Station,https://static.wikia.nocookie.net/houkai-star-rail/images/7/78/Item_Space_Sealing_Station.png/revision/latest?cb=20230810044159,Brighter Than the Sun,https://static.wikia.nocookie.net/houkai-star-rail/images/d/d0/Light_Cone_Brighter_Than_the_Sun.png/revision/latest?cb=20230830022603,,,aaa,Imaginary,https://static.wikia.nocookie.net/houkai-star-rail/images/2/2f/Type_Imaginary.png/revision/latest?cb=20220610120517,Destruction,https://static.wikia.nocookie.net/houkai-star-rail/images/d/df/Path_Destruction.png/revision/latest?cb=20240417234659,5,,,,Picture Link Path,pathhh,,,
Dr.Ratio,https://static.wikia.nocookie.net/houkai-star-rail/images/5/56/Character_Dr._Ratio_Splash_Art.png/revision/latest/scale-to-width-down/1000?cb=20231227132629,"Atk-Crit Damage, FuA","Body CD or CR, Boots Atk or Speed, Ring I Dmg or Atk, Rope Atk",Pioneer Diver of Dead Waters,https://static.wikia.nocookie.net/houkai-star-rail/images/5/5a/Item_Izumo_Gensei_and_Takama_Divine_Realm.png/revision/latest?cb=20250315152543,Inert Salsotto,https://static.wikia.nocookie.net/houkai-star-rail/images/f/f5/Item_Inert_Salsotto.png/revision/latest?cb=20230810043523,Baptism of Pure Thought,https://static.wikia.nocookie.net/houkai-star-rail/images/5/5a/Light_Cone_Baptism_of_Pure_Thought.png/revision/latest?cb=20240117041243,,,"Ratio, Jiaoqiu, Tingyun, Aventurine
These 3 teams work for MoC or AS.",Imaginary,https://static.wikia.nocookie.net/houkai-star-rail/images/2/2f/Type_Imaginary.png/revision/latest?cb=20220610120517,The Hunt,https://static.wikia.nocookie.net/houkai-star-rail/images/1/1c/Path_The_Hunt.png/revision/latest?cb=20240417235336,5,,,,https://static.wikia.nocookie.net/houkai-star-rail/images/d/df/Path_Destruction.png/revision/latest?cb=20240417234659,Destruction,,,
Dr.Ratio,https://static.wikia.nocookie.net/houkai-star-rail/images/5/56/Character_Dr._Ratio_Splash_Art.png/revision/latest/scale-to-width-down/1000?cb=20231227132629,"Atk-Crit Damage, FuA","Body CD or CR, Boots Atk or Speed, Ring I Dmg or Atk, Rope Atk",Pioneer Diver of Dead Waters,https://static.wikia.nocookie.net/houkai-star-rail/images/5/5a/Item_Izumo_Gensei_and_Takama_Divine_Realm.png/revision/latest?cb=20250315152543,Inert Salsotto,https://static.wikia.nocookie.net/houkai-star-rail/images/f/f5/Item_Inert_Salsotto.png/revision/latest?cb=20230810043523,Baptism of Pure Thought,https://static.wikia.nocookie.net/houkai-star-rail/images/5/5a/Light_Cone_Baptism_of_Pure_Thought.png/revision/latest?cb=20240117041243,,,"Robin? I heard she works best in follow up damage team especially with topaz, ratio and aventurine, I dont know how would she fit in other teams. ",Imaginary,https://static.wikia.nocookie.net/houkai-star-rail/images/2/2f/Type_Imaginary.png/revision/latest?cb=20220610120517,The Hunt,https://static.wikia.nocookie.net/houkai-star-rail/images/1/1c/Path_The_Hunt.png/revision/latest?cb=20240417235336,5,,,,https://static.wikia.nocookie.net/houkai-star-rail/images/1/1c/Path_The_Hunt.png/revision/latest?cb=20240417235336,The Hunt,,,
Dr.Ratio,https://static.wikia.nocookie.net/houkai-star-rail/images/5/56/Character_Dr._Ratio_Splash_Art.png/revision/latest/scale-to-width-down/1000?cb=20231227132629,"Atk-Crit Damage, FuA","Body CD or CR, Boots Atk or Speed, Ring I Dmg or Atk, Rope Atk",Pioneer Diver of Dead Waters,https://static.wikia.nocookie.net/houkai-star-rail/images/5/5a/Item_Izumo_Gensei_and_Takama_Divine_Realm.png/revision/latest?cb=20250315152543,Inert Salsotto,https://static.wikia.nocookie.net/houkai-star-rail/images/f/f5/Item_Inert_Salsotto.png/revision/latest?cb=20230810043523, Cruising the Stellar Sea,https://static.wikia.nocookie.net/houkai-star-rail/images/2/2a/Light_Cone_Cruising_in_the_Stellar_Sea.png/revision/latest?cb=20230719030715,,,"Ratio: Sets are good, main stats arent. Crit body, IMG orb. LC is better off as Cruising the Stellar Sea. He should be ran with a debuffer so Pela/Jiaoqiu/Moze/Topaz. He has 2 things to be aware of: 1 Summation that increases his Crit for how many debuffs are on a target and Deduction that increases DMG for how many debuffs are on the target. Summation is permanent in battle at 6 stacks. Deduction isnt permanent and will change depending on the debuff amount on the target, max 5 debuffs. Ending stats: 3k ATK, 70-85% Crit Rate, 150+ Crit DMG, 134 SPD, traces to 8.",Imaginary,https://static.wikia.nocookie.net/houkai-star-rail/images/2/2f/Type_Imaginary.png/revision/latest?cb=20220610120517,The Hunt,https://static.wikia.nocookie.net/houkai-star-rail/images/1/1c/Path_The_Hunt.png/revision/latest?cb=20240417235336,5,,,,https://static.wikia.nocookie.net/houkai-star-rail/images/5/53/Path_Erudition.png/revision/latest?cb=20240417235548,Erudition,,,
Dr.Ratio,https://static.wikia.nocookie.net/houkai-star-rail/images/5/56/Character_Dr._Ratio_Splash_Art.png/revision/latest/scale-to-width-down/1000?cb=20231227132629,"Atk-Crit Damage, FuA","Body CD or CR, Boots Atk or Speed, Ring I Dmg or Atk, Rope Atk",Pioneer Diver of Dead Waters,https://static.wikia.nocookie.net/houkai-star-rail/images/5/5a/Item_Izumo_Gensei_and_Takama_Divine_Realm.png/revision/latest?cb=20250315152543,Inert Salsotto,https://static.wikia.nocookie.net/houkai-star-rail/images/f/f5/Item_Inert_Salsotto.png/revision/latest?cb=20230810043523, Cruising the Stellar Sea,https://static.wikia.nocookie.net/houkai-star-rail/images/2/2a/Light_Cone_Cruising_in_the_Stellar_Sea.png/revision/latest?cb=20230719030715,,,"As for teams shes (Robin )the best support for all FuA characters so Ratio, Topaz, Fei, etc. She also fits in very well into other teams like DoT or regular hypercarry teams like Seele/DHIL",Imaginary,https://static.wikia.nocookie.net/houkai-star-rail/images/2/2f/Type_Imaginary.png/revision/latest?cb=20220610120517,The Hunt,https://static.wikia.nocookie.net/houkai-star-rail/images/1/1c/Path_The_Hunt.png/revision/latest?cb=20240417235336,5,,,,https://static.wikia.nocookie.net/houkai-star-rail/images/7/7e/Path_Harmony.png/revision/latest?cb=20240417235441,Harmony,,,
Dr.Ratio,https://static.wikia.nocookie.net/houkai-star-rail/images/5/56/Character_Dr._Ratio_Splash_Art.png/revision/latest/scale-to-width-down/1000?cb=20231227132629,"Atk-Crit Damage, FuA","Body CD or CR, Boots Atk or Speed, Ring I Dmg or Atk, Rope Atk",Pioneer Diver of Dead Waters,https://static.wikia.nocookie.net/houkai-star-rail/images/5/5a/Item_Izumo_Gensei_and_Takama_Divine_Realm.png/revision/latest?cb=20250315152543,Inert Salsotto,https://static.wikia.nocookie.net/houkai-star-rail/images/f/f5/Item_Inert_Salsotto.png/revision/latest?cb=20230810043523,Baptism of Pure Thought,https://static.wikia.nocookie.net/houkai-star-rail/images/5/5a/Light_Cone_Baptism_of_Pure_Thought.png/revision/latest?cb=20240117041243,,,aaa,Imaginary,https://static.wikia.nocookie.net/houkai-star-rail/images/2/2f/Type_Imaginary.png/revision/latest?cb=20220610120517,The Hunt,https://static.wikia.nocookie.net/houkai-star-rail/images/1/1c/Path_The_Hunt.png/revision/latest?cb=20240417235336,5,,,,https://static.wikia.nocookie.net/houkai-star-rail/images/4/45/Path_Nihility.png/revision/latest?cb=20240417235304,Nihility,,,
Dr.Ratio,https://static.wikia.nocookie.net/houkai-star-rail/images/5/56/Character_Dr._Ratio_Splash_Art.png/revision/latest/scale-to-width-down/1000?cb=20231227132629,"Atk-Crit Damage, FuA","Body CD or CR, Boots Atk or Speed, Ring I Dmg or Atk, Rope Atk",Pioneer Diver of Dead Waters,https://static.wikia.nocookie.net/houkai-star-rail/images/5/5a/Item_Izumo_Gensei_and_Takama_Divine_Realm.png/revision/latest?cb=20250315152543,Inert Salsotto,https://static.wikia.nocookie.net/houkai-star-rail/images/f/f5/Item_Inert_Salsotto.png/revision/latest?cb=20230810043523,Baptism of Pure Thought,https://static.wikia.nocookie.net/houkai-star-rail/images/5/5a/Light_Cone_Baptism_of_Pure_Thought.png/revision/latest?cb=20240117041243,,,aaa,Imaginary,https://static.wikia.nocookie.net/houkai-star-rail/images/2/2f/Type_Imaginary.png/revision/latest?cb=20220610120517,The Hunt,https://static.wikia.nocookie.net/houkai-star-rail/images/1/1c/Path_The_Hunt.png/revision/latest?cb=20240417235336,5,,,,https://static.wikia.nocookie.net/houkai-star-rail/images/3/37/Path_Preservation.png/revision/latest?cb=20240417235425,Preservation,,,
Dr.Ratio,https://static.wikia.nocookie.net/houkai-star-rail/images/5/56/Character_Dr._Ratio_Splash_Art.png/revision/latest/scale-to-width-down/1000?cb=20231227132629,"Atk-Crit Damage, FuA","Body CD or CR, Boots Atk or Speed, Ring I Dmg or Atk, Rope Atk",Pioneer Diver of Dead Waters,https://static.wikia.nocookie.net/houkai-star-rail/images/5/5a/Item_Izumo_Gensei_and_Takama_Divine_Realm.png/revision/latest?cb=20250315152543,Inert Salsotto,https://static.wikia.nocookie.net/houkai-star-rail/images/f/f5/Item_Inert_Salsotto.png/revision/latest?cb=20230810043523,Baptism of Pure Thought,https://static.wikia.nocookie.net/houkai-star-rail/images/5/5a/Light_Cone_Baptism_of_Pure_Thought.png/revision/latest?cb=20240117041243,,,aaa,Imaginary,https://static.wikia.nocookie.net/houkai-star-rail/images/2/2f/Type_Imaginary.png/revision/latest?cb=20220610120517,The Hunt,https://static.wikia.nocookie.net/houkai-star-rail/images/1/1c/Path_The_Hunt.png/revision/latest?cb=20240417235336,5,,,,https://static.wikia.nocookie.net/houkai-star-rail/images/9/94/Path_Abundance.png/revision/latest?cb=20240417235352,Abundance,,,
Dr.Ratio,https://static.wikia.nocookie.net/houkai-star-rail/images/5/56/Character_Dr._Ratio_Splash_Art.png/revision/latest/scale-to-width-down/1000?cb=20231227132629,"Atk-Crit Damage, FuA","Body CD or CR, Boots Atk or Speed, Ring I Dmg or Atk, Rope Atk",Pioneer Diver of Dead Waters,https://static.wikia.nocookie.net/houkai-star-rail/images/5/5a/Item_Izumo_Gensei_and_Takama_Divine_Realm.png/revision/latest?cb=20250315152543,Inert Salsotto,https://static.wikia.nocookie.net/houkai-star-rail/images/f/f5/Item_Inert_Salsotto.png/revision/latest?cb=20230810043523,Baptism of Pure Thought,https://static.wikia.nocookie.net/houkai-star-rail/images/5/5a/Light_Cone_Baptism_of_Pure_Thought.png/revision/latest?cb=20240117041243,,,aaa,Imaginary,https://static.wikia.nocookie.net/houkai-star-rail/images/2/2f/Type_Imaginary.png/revision/latest?cb=20220610120517,The Hunt,https://static.wikia.nocookie.net/houkai-star-rail/images/1/1c/Path_The_Hunt.png/revision/latest?cb=20240417235336,5,,,,https://static.wikia.nocookie.net/houkai-star-rail/images/2/2f/Path_Remembrance.png/revision/latest?cb=20240417235320,Remembrance,,,
Dr.Ratio,https://static.wikia.nocookie.net/houkai-star-rail/images/5/56/Character_Dr._Ratio_Splash_Art.png/revision/latest/scale-to-width-down/1000?cb=20231227132629,"Atk-Crit Damage, FuA","Body CD or CR, Boots Atk or Speed, Ring I Dmg or Atk, Rope Atk",Pioneer Diver of Dead Waters,https://static.wikia.nocookie.net/houkai-star-rail/images/5/5a/Item_Izumo_Gensei_and_Takama_Divine_Realm.png/revision/latest?cb=20250315152543,Inert Salsotto,https://static.wikia.nocookie.net/houkai-star-rail/images/f/f5/Item_Inert_Salsotto.png/revision/latest?cb=20230810043523,Baptism of Pure Thought,https://static.wikia.nocookie.net/houkai-star-rail/images/5/5a/Light_Cone_Baptism_of_Pure_Thought.png/revision/latest?cb=20240117041243,,,aaa,Imaginary,https://static.wikia.nocookie.net/houkai-star-rail/images/2/2f/Type_Imaginary.png/revision/latest?cb=20220610120517,The Hunt,https://static.wikia.nocookie.net/houkai-star-rail/images/1/1c/Path_The_Hunt.png/revision/latest?cb=20240417235336,5,,,,,,,,
Dr.Ratio,https://static.wikia.nocookie.net/houkai-star-rail/images/5/56/Character_Dr._Ratio_Splash_Art.png/revision/latest/scale-to-width-down/1000?cb=20231227132629,"Atk-Crit Damage, FuA","Body CD or CR, Boots Atk or Speed, Ring I Dmg or Atk, Rope Atk",Pioneer Diver of Dead Waters,https://static.wikia.nocookie.net/houkai-star-rail/images/5/5a/Item_Izumo_Gensei_and_Takama_Divine_Realm.png/revision/latest?cb=20250315152543,Inert Salsotto,https://static.wikia.nocookie.net/houkai-star-rail/images/f/f5/Item_Inert_Salsotto.png/revision/latest?cb=20230810043523,Baptism of Pure Thought,https://static.wikia.nocookie.net/houkai-star-rail/images/5/5a/Light_Cone_Baptism_of_Pure_Thought.png/revision/latest?cb=20240117041243,,,aaa,Imaginary,https://static.wikia.nocookie.net/houkai-star-rail/images/2/2f/Type_Imaginary.png/revision/latest?cb=20220610120517,The Hunt,https://static.wikia.nocookie.net/houkai-star-rail/images/1/1c/Path_The_Hunt.png/revision/latest?cb=20240417235336,5,,,,,,,,
Feixiao,https://static.wikia.nocookie.net/houkai-star-rail/images/6/61/Character_Feixiao_Splash_Art.png/revision/latest/scale-to-width-down/1000?cb=20241007220552,"Atk-Crit Damage, FuA","Body CR or CD, Boots Atk or Speed, Ring Atk or W Dmg, Rope Atk",The Wind-Soaring Valorous,https://static.wikia.nocookie.net/houkai-star-rail/images/1/1e/Item_The_Wind-Soaring_Valorous.png/revision/latest?cb=20240621174651,"Duran, Dynasty of Running Wolves",https://static.wikia.nocookie.net/houkai-star-rail/images/d/d5/Item_Duran%2C_Dynasty_of_Running_Wolves.png/revision/latest?cb=20240621175207,I Venture Forth to Hunt,https://static.wikia.nocookie.net/houkai-star-rail/images/1/13/Light_Cone_I_Venture_Forth_to_Hunt.png/revision/latest?cb=20240910183947,Feixiao; Topaz; Robin; Aventurine,,aaa,Wind,https://static.wikia.nocookie.net/houkai-star-rail/images/e/ec/Type_Wind.png/revision/latest?cb=20220610121015,The Hunt,https://static.wikia.nocookie.net/houkai-star-rail/images/1/1c/Path_The_Hunt.png/revision/latest?cb=20240417235336,5,,,,,,,,
Feixiao,https://static.wikia.nocookie.net/houkai-star-rail/images/6/61/Character_Feixiao_Splash_Art.png/revision/latest/scale-to-width-down/1000?cb=20241007220552,"Atk-Crit Damage, FuA","Body CR or CD, Boots Atk or Speed, Ring Atk or W Dmg, Rope Atk",The Wind-Soaring Valorous,https://static.wikia.nocookie.net/houkai-star-rail/images/1/1e/Item_The_Wind-Soaring_Valorous.png/revision/latest?cb=20240621174651,"Duran, Dynasty of Running Wolves",https://static.wikia.nocookie.net/houkai-star-rail/images/d/d5/Item_Duran%2C_Dynasty_of_Running_Wolves.png/revision/latest?cb=20240621175207,I Venture Forth to Hunt,https://static.wikia.nocookie.net/houkai-star-rail/images/1/13/Light_Cone_I_Venture_Forth_to_Hunt.png/revision/latest?cb=20240910183947,Feixiao; Topaz; Robin; Aventurine,,aaa,Wind,https://static.wikia.nocookie.net/houkai-star-rail/images/e/ec/Type_Wind.png/revision/latest?cb=20220610121015,The Hunt,https://static.wikia.nocookie.net/houkai-star-rail/images/1/1c/Path_The_Hunt.png/revision/latest?cb=20240417235336,5,,,,,,,,
Feixiao,https://static.wikia.nocookie.net/houkai-star-rail/images/6/61/Character_Feixiao_Splash_Art.png/revision/latest/scale-to-width-down/1000?cb=20241007220552,"Atk-Crit Damage, FuA","Body CR or CD, Boots Atk or Speed, Ring Atk or W Dmg, Rope Atk",The Wind-Soaring Valorous,https://static.wikia.nocookie.net/houkai-star-rail/images/1/1e/Item_The_Wind-Soaring_Valorous.png/revision/latest?cb=20240621174651,"Duran, Dynasty of Running Wolves",https://static.wikia.nocookie.net/houkai-star-rail/images/d/d5/Item_Duran%2C_Dynasty_of_Running_Wolves.png/revision/latest?cb=20240621175207,I Venture Forth to Hunt,https://static.wikia.nocookie.net/houkai-star-rail/images/1/13/Light_Cone_I_Venture_Forth_to_Hunt.png/revision/latest?cb=20240910183947,Feixiao; Topaz; Robin; Aventurine,,aaa,Wind,https://static.wikia.nocookie.net/houkai-star-rail/images/e/ec/Type_Wind.png/revision/latest?cb=20220610121015,The Hunt,https://static.wikia.nocookie.net/houkai-star-rail/images/1/1c/Path_The_Hunt.png/revision/latest?cb=20240417235336,5,,,,,,,,
Feixiao,https://static.wikia.nocookie.net/houkai-star-rail/images/6/61/Character_Feixiao_Splash_Art.png/revision/latest/scale-to-width-down/1000?cb=20241007220552,"Atk-Crit Damage, FuA","Body CR or CD, Boots Atk or Speed, Ring Atk or W Dmg, Rope Atk",The Wind-Soaring Valorous,https://static.wikia.nocookie.net/houkai-star-rail/images/1/1e/Item_The_Wind-Soaring_Valorous.png/revision/latest?cb=20240621174651,"Duran, Dynasty of Running Wolves",https://static.wikia.nocookie.net/houkai-star-rail/images/d/d5/Item_Duran%2C_Dynasty_of_Running_Wolves.png/revision/latest?cb=20240621175207,I Venture Forth to Hunt,https://static.wikia.nocookie.net/houkai-star-rail/images/1/13/Light_Cone_I_Venture_Forth_to_Hunt.png/revision/latest?cb=20240910183947,Feixiao; Topaz; Robin; Aventurine,,aaa,Wind,https://static.wikia.nocookie.net/houkai-star-rail/images/e/ec/Type_Wind.png/revision/latest?cb=20220610121015,The Hunt,https://static.wikia.nocookie.net/houkai-star-rail/images/1/1c/Path_The_Hunt.png/revision/latest?cb=20240417235336,5,,,,,,,,
Feixiao,https://static.wikia.nocookie.net/houkai-star-rail/images/6/61/Character_Feixiao_Splash_Art.png/revision/latest/scale-to-width-down/1000?cb=20241007220552,"Atk-Crit Damage, FuA","Body CR or CD, Boots Atk or Speed, Ring Atk or W Dmg, Rope Atk",The Wind-Soaring Valorous,https://static.wikia.nocookie.net/houkai-star-rail/images/1/1e/Item_The_Wind-Soaring_Valorous.png/revision/latest?cb=20240621174651,"Duran, Dynasty of Running Wolves",https://static.wikia.nocookie.net/houkai-star-rail/images/d/d5/Item_Duran%2C_Dynasty_of_Running_Wolves.png/revision/latest?cb=20240621175207,I Venture Forth to Hunt,https://static.wikia.nocookie.net/houkai-star-rail/images/1/13/Light_Cone_I_Venture_Forth_to_Hunt.png/revision/latest?cb=20240910183947,Feixiao; Topaz; Robin; Aventurine,,aaa,Wind,https://static.wikia.nocookie.net/houkai-star-rail/images/e/ec/Type_Wind.png/revision/latest?cb=20220610121015,The Hunt,https://static.wikia.nocookie.net/houkai-star-rail/images/1/1c/Path_The_Hunt.png/revision/latest?cb=20240417235336,5,,,,,,,,
Feixiao,https://static.wikia.nocookie.net/houkai-star-rail/images/6/61/Character_Feixiao_Splash_Art.png/revision/latest/scale-to-width-down/1000?cb=20241007220552,"Atk-Crit Damage, FuA","Body CR or CD, Boots Atk or Speed, Ring Atk or W Dmg, Rope Atk",The Wind-Soaring Valorous,https://static.wikia.nocookie.net/houkai-star-rail/images/1/1e/Item_The_Wind-Soaring_Valorous.png/revision/latest?cb=20240621174651,"Duran, Dynasty of Running Wolves",https://static.wikia.nocookie.net/houkai-star-rail/images/d/d5/Item_Duran%2C_Dynasty_of_Running_Wolves.png/revision/latest?cb=20240621175207,I Venture Forth to Hunt,https://static.wikia.nocookie.net/houkai-star-rail/images/1/13/Light_Cone_I_Venture_Forth_to_Hunt.png/revision/latest?cb=20240910183947,Feixiao; Topaz; Robin; Aventurine,,aaa,Wind,https://static.wikia.nocookie.net/houkai-star-rail/images/e/ec/Type_Wind.png/revision/latest?cb=20220610121015,The Hunt,https://static.wikia.nocookie.net/houkai-star-rail/images/1/1c/Path_The_Hunt.png/revision/latest?cb=20240417235336,5,,,,,,,,
Feixiao,https://static.wikia.nocookie.net/houkai-star-rail/images/6/61/Character_Feixiao_Splash_Art.png/revision/latest/scale-to-width-down/1000?cb=20241007220552,"Atk-Crit Damage, FuA","Body CR or CD, Boots Atk or Speed, Ring Atk or W Dmg, Rope Atk",The Wind-Soaring Valorous,https://static.wikia.nocookie.net/houkai-star-rail/images/1/1e/Item_The_Wind-Soaring_Valorous.png/revision/latest?cb=20240621174651,"Duran, Dynasty of Running Wolves",https://static.wikia.nocookie.net/houkai-star-rail/images/d/d5/Item_Duran%2C_Dynasty_of_Running_Wolves.png/revision/latest?cb=20240621175207,I Venture Forth to Hunt,https://static.wikia.nocookie.net/houkai-star-rail/images/1/13/Light_Cone_I_Venture_Forth_to_Hunt.png/revision/latest?cb=20240910183947,Feixiao; Topaz; Robin; Aventurine,,aaa,Wind,https://static.wikia.nocookie.net/houkai-star-rail/images/e/ec/Type_Wind.png/revision/latest?cb=20220610121015,The Hunt,https://static.wikia.nocookie.net/houkai-star-rail/images/1/1c/Path_The_Hunt.png/revision/latest?cb=20240417235336,5,,,,,,,,
Feixiao,https://static.wikia.nocookie.net/houkai-star-rail/images/6/61/Character_Feixiao_Splash_Art.png/revision/latest/scale-to-width-down/1000?cb=20241007220552,"Atk-Crit Damage, FuA","Body CR or CD, Boots Atk or Speed, Ring Atk or W Dmg, Rope Atk",The Wind-Soaring Valorous,https://static.wikia.nocookie.net/houkai-star-rail/images/1/1e/Item_The_Wind-Soaring_Valorous.png/revision/latest?cb=20240621174651,"Duran, Dynasty of Running Wolves",https://static.wikia.nocookie.net/houkai-star-rail/images/d/d5/Item_Duran%2C_Dynasty_of_Running_Wolves.png/revision/latest?cb=20240621175207,I Venture Forth to Hunt,https://static.wikia.nocookie.net/houkai-star-rail/images/1/13/Light_Cone_I_Venture_Forth_to_Hunt.png/revision/latest?cb=20240910183947,Feixiao; Topaz; Robin; Aventurine,,aaa,Wind,https://static.wikia.nocookie.net/houkai-star-rail/images/e/ec/Type_Wind.png/revision/latest?cb=20220610121015,The Hunt,https://static.wikia.nocookie.net/houkai-star-rail/images/1/1c/Path_The_Hunt.png/revision/latest?cb=20240417235336,5,,,,,,,,
Feixiao,https://static.wikia.nocookie.net/houkai-star-rail/images/6/61/Character_Feixiao_Splash_Art.png/revision/latest/scale-to-width-down/1000?cb=20241007220552,"Atk-Crit Damage, FuA","Body CR or CD, Boots Atk or Speed, Ring Atk or W Dmg, Rope Atk",The Wind-Soaring Valorous,https://static.wikia.nocookie.net/houkai-star-rail/images/1/1e/Item_The_Wind-Soaring_Valorous.png/revision/latest?cb=20240621174651,"Duran, Dynasty of Running Wolves",https://static.wikia.nocookie.net/houkai-star-rail/images/d/d5/Item_Duran%2C_Dynasty_of_Running_Wolves.png/revision/latest?cb=20240621175207,I Venture Forth to Hunt,https://static.wikia.nocookie.net/houkai-star-rail/images/1/13/Light_Cone_I_Venture_Forth_to_Hunt.png/revision/latest?cb=20240910183947,Feixiao; Topaz; Robin; Aventurine,,aaa,Wind,https://static.wikia.nocookie.net/houkai-star-rail/images/e/ec/Type_Wind.png/revision/latest?cb=20220610121015,The Hunt,https://static.wikia.nocookie.net/houkai-star-rail/images/1/1c/Path_The_Hunt.png/revision/latest?cb=20240417235336,5,,,,,,,,
Feixiao,https://static.wikia.nocookie.net/houkai-star-rail/images/6/61/Character_Feixiao_Splash_Art.png/revision/latest/scale-to-width-down/1000?cb=20241007220552,"Atk-Crit Damage, FuA","Body CR or CD, Boots Atk or Speed, Ring Atk or W Dmg, Rope Atk",The Wind-Soaring Valorous,https://static.wikia.nocookie.net/houkai-star-rail/images/1/1e/Item_The_Wind-Soaring_Valorous.png/revision/latest?cb=20240621174651,"Duran, Dynasty of Running Wolves",https://static.wikia.nocookie.net/houkai-star-rail/images/d/d5/Item_Duran%2C_Dynasty_of_Running_Wolves.png/revision/latest?cb=20240621175207,I Venture Forth to Hunt,https://static.wikia.nocookie.net/houkai-star-rail/images/1/13/Light_Cone_I_Venture_Forth_to_Hunt.png/revision/latest?cb=20240910183947,Feixiao; Topaz; Robin; Aventurine,,aaa,Wind,https://static.wikia.nocookie.net/houkai-star-rail/images/e/ec/Type_Wind.png/revision/latest?cb=20220610121015,The Hunt,https://static.wikia.nocookie.net/houkai-star-rail/images/1/1c/Path_The_Hunt.png/revision/latest?cb=20240417235336,5,,,,,,,,
Firefly,https://static.wikia.nocookie.net/houkai-star-rail/images/3/38/Character_Firefly_Splash_Art.png/revision/latest/scale-to-width-down/1000?cb=20241007220547,Break Effect DPS,"Body Atk, Boots Speed, Ring Atk, Rope BE",Iron Cavalry Against the Scourge,https://static.wikia.nocookie.net/houkai-star-rail/images/4/49/Item_Iron_Cavalry_Against_the_Scourge.png/revision/latest?cb=20240621174923,Forge of the Kalpagni Lanter,https://static.wikia.nocookie.net/houkai-star-rail/images/b/bb/Item_Forge_of_the_Kalpagni_Lantern.png/revision/latest?cb=20240621030153,Whereabouts Should Dreams Rest,https://static.wikia.nocookie.net/houkai-star-rail/images/0/0e/Light_Cone_Whereabouts_Should_Dreams_Rest.png/revision/latest?cb=20240607171003,Firefly; Ruan Mei; HTB; Gallagher,,"Firefly, HTB, Asta, Gallagher",Fire,https://static.wikia.nocookie.net/houkai-star-rail/images/f/f0/Type_Fire.png/revision/latest?cb=20220610120131,Destruction,https://static.wikia.nocookie.net/houkai-star-rail/images/d/df/Path_Destruction.png/revision/latest?cb=20240417234659,5,,,,,,,,
Firefly,https://static.wikia.nocookie.net/houkai-star-rail/images/3/38/Character_Firefly_Splash_Art.png/revision/latest/scale-to-width-down/1000?cb=20241007220547,Break Effect DPS,"Body Atk, Boots Speed, Ring Atk, Rope BE",Iron Cavalry Against the Scourge,https://static.wikia.nocookie.net/houkai-star-rail/images/4/49/Item_Iron_Cavalry_Against_the_Scourge.png/revision/latest?cb=20240621174923,Forge of the Kalpagni Lanter,https://static.wikia.nocookie.net/houkai-star-rail/images/b/bb/Item_Forge_of_the_Kalpagni_Lantern.png/revision/latest?cb=20240621030153,Whereabouts Should Dreams Rest,https://static.wikia.nocookie.net/houkai-star-rail/images/0/0e/Light_Cone_Whereabouts_Should_Dreams_Rest.png/revision/latest?cb=20240607171003,Firefly; Ruan Mei; HTB; Gallagher,,"As for firefly team, I really tried with harmony protag they are only good when harmony protag gets his ultimate active, asta needs to use her skill for more stacks of her buffs and gallagher well he needs to heal a bit and by the time firefly turn comes up I am always empty with skill points",Fire,https://static.wikia.nocookie.net/houkai-star-rail/images/f/f0/Type_Fire.png/revision/latest?cb=20220610120131,Destruction,https://static.wikia.nocookie.net/houkai-star-rail/images/d/df/Path_Destruction.png/revision/latest?cb=20240417234659,5,,,,,,,,
Firefly,https://static.wikia.nocookie.net/houkai-star-rail/images/3/38/Character_Firefly_Splash_Art.png/revision/latest/scale-to-width-down/1000?cb=20241007220547,Break Effect DPS,"Body Atk, Boots Speed, Ring Atk, Rope BE",Iron Cavalry Against the Scourge,https://static.wikia.nocookie.net/houkai-star-rail/images/4/49/Item_Iron_Cavalry_Against_the_Scourge.png/revision/latest?cb=20240621174923,Forge of the Kalpagni Lanter,https://static.wikia.nocookie.net/houkai-star-rail/images/b/bb/Item_Forge_of_the_Kalpagni_Lantern.png/revision/latest?cb=20240621030153,Whereabouts Should Dreams Rest,https://static.wikia.nocookie.net/houkai-star-rail/images/0/0e/Light_Cone_Whereabouts_Should_Dreams_Rest.png/revision/latest?cb=20240607171003,Firefly; Ruan Mei; HTB; Gallagher,, Last thing is the healing in Fireflys team. This is telling me youre not killing/breaking fast enough which says the builds arent very good. Gallagher is normally built very fast here for the SP because his healing doesnt matter because theres so much break and delay that you shouldnt have to be constantly healing. Asta is also very tanky since she gets a self DEF buff with her stacks. If shes below E4 then yea shes gonna be harder to work with but you shouldnt need to constantly use her skill since shell get double the stacks with either basic or skill if she hits a fire weak enemy which Firefly guarantees. ,Fire,https://static.wikia.nocookie.net/houkai-star-rail/images/f/f0/Type_Fire.png/revision/latest?cb=20220610120131,Destruction,https://static.wikia.nocookie.net/houkai-star-rail/images/d/df/Path_Destruction.png/revision/latest?cb=20240417234659,5,,,,,,,,
Firefly,https://static.wikia.nocookie.net/houkai-star-rail/images/3/38/Character_Firefly_Splash_Art.png/revision/latest/scale-to-width-down/1000?cb=20241007220547,Break Effect DPS,"Body Atk, Boots Speed, Ring Atk, Rope BE",Iron Cavalry Against the Scourge,https://static.wikia.nocookie.net/houkai-star-rail/images/4/49/Item_Iron_Cavalry_Against_the_Scourge.png/revision/latest?cb=20240621174923,Forge of the Kalpagni Lanter,https://static.wikia.nocookie.net/houkai-star-rail/images/b/bb/Item_Forge_of_the_Kalpagni_Lantern.png/revision/latest?cb=20240621030153,Whereabouts Should Dreams Rest,https://static.wikia.nocookie.net/houkai-star-rail/images/0/0e/Light_Cone_Whereabouts_Should_Dreams_Rest.png/revision/latest?cb=20240607171003,Firefly; Ruan Mei; HTB; Gallagher,,"Also common theme your characters are very slow so their SPD does need to be raised on pretty much all of them. Starting with Fireflys team Ill go thru them: 
Gallagher: hes on Talia planar so he has to hit 145 SPD to activate it. Asta will get him this SPD but unless you have 100% uptime on her ult its best not to solely rely on it. 160 SPD is preferred on him so hes an SP printer. ER rope is good, body should be Outgoing Healing, Orb doesnt matter what main stat as long as the subs include SPD > BE, boots SPD. The LC is fine, a lot of people use Multiplication (3*) on him to make him generate more SP. At the end, his stats should be 100-120% BE, 145-160+ SPD. You can swap him to the Kaplangi planar which has some SPD and BE. Raise talent+skill to 8, unlock the others",Fire,https://static.wikia.nocookie.net/houkai-star-rail/images/f/f0/Type_Fire.png/revision/latest?cb=20220610120131,Destruction,https://static.wikia.nocookie.net/houkai-star-rail/images/d/df/Path_Destruction.png/revision/latest?cb=20240417234659,5,,,,,,,,
Firefly,https://static.wikia.nocookie.net/houkai-star-rail/images/3/38/Character_Firefly_Splash_Art.png/revision/latest/scale-to-width-down/1000?cb=20241007220547,Break Effect DPS,"Body Atk, Boots Speed, Ring Atk, Rope BE",Iron Cavalry Against the Scourge,https://static.wikia.nocookie.net/houkai-star-rail/images/4/49/Item_Iron_Cavalry_Against_the_Scourge.png/revision/latest?cb=20240621174923,Forge of the Kalpagni Lanter,https://static.wikia.nocookie.net/houkai-star-rail/images/b/bb/Item_Forge_of_the_Kalpagni_Lantern.png/revision/latest?cb=20240621030153,Fall of an Aeon,On the Fall of an Aeon,Firefly; Ruan Mei; HTB; Gallagher,,"Firefly: get her traces to 8-10, planar and relic set are good with correct main stats. The LC should be switched to Fall of an Aeon as this is her best. ",Fire,https://static.wikia.nocookie.net/houkai-star-rail/images/f/f0/Type_Fire.png/revision/latest?cb=20220610120131,Destruction,https://static.wikia.nocookie.net/houkai-star-rail/images/d/df/Path_Destruction.png/revision/latest?cb=20240417234659,5,,,,,,,,
Firefly,https://static.wikia.nocookie.net/houkai-star-rail/images/3/38/Character_Firefly_Splash_Art.png/revision/latest/scale-to-width-down/1000?cb=20241007220547,Break Effect DPS,"Body Atk, Boots Speed, Ring Atk, Rope BE",Iron Cavalry Against the Scourge,https://static.wikia.nocookie.net/houkai-star-rail/images/4/49/Item_Iron_Cavalry_Against_the_Scourge.png/revision/latest?cb=20240621174923,Forge of the Kalpagni Lanter,https://static.wikia.nocookie.net/houkai-star-rail/images/b/bb/Item_Forge_of_the_Kalpagni_Lantern.png/revision/latest?cb=20240621030153,Whereabouts Should Dreams Rest,https://static.wikia.nocookie.net/houkai-star-rail/images/0/0e/Light_Cone_Whereabouts_Should_Dreams_Rest.png/revision/latest?cb=20240607171003,Firefly; Ruan Mei; HTB; Gallagher,,"Fireflys main stats should be ATK body, SPD boots, ATK orb, BE rope which you had so their right. The issues would be in now finding the main stat with BE and SPD substats",Fire,https://static.wikia.nocookie.net/houkai-star-rail/images/f/f0/Type_Fire.png/revision/latest?cb=20220610120131,Destruction,https://static.wikia.nocookie.net/houkai-star-rail/images/d/df/Path_Destruction.png/revision/latest?cb=20240417234659,5,,,,,,,,
Firefly,https://static.wikia.nocookie.net/houkai-star-rail/images/3/38/Character_Firefly_Splash_Art.png/revision/latest/scale-to-width-down/1000?cb=20241007220547,Break Effect DPS,"Body Atk, Boots Speed, Ring Atk, Rope BE",Iron Cavalry Against the Scourge,https://static.wikia.nocookie.net/houkai-star-rail/images/4/49/Item_Iron_Cavalry_Against_the_Scourge.png/revision/latest?cb=20240621174923,Forge of the Kalpagni Lanter,https://static.wikia.nocookie.net/houkai-star-rail/images/b/bb/Item_Forge_of_the_Kalpagni_Lantern.png/revision/latest?cb=20240621030153,Whereabouts Should Dreams Rest,https://static.wikia.nocookie.net/houkai-star-rail/images/0/0e/Light_Cone_Whereabouts_Should_Dreams_Rest.png/revision/latest?cb=20240607171003,Firefly; Ruan Mei; HTB; Gallagher,,aaa,Fire,https://static.wikia.nocookie.net/houkai-star-rail/images/f/f0/Type_Fire.png/revision/latest?cb=20220610120131,Destruction,https://static.wikia.nocookie.net/houkai-star-rail/images/d/df/Path_Destruction.png/revision/latest?cb=20240417234659,5,,,,,,,,
Firefly,https://static.wikia.nocookie.net/houkai-star-rail/images/3/38/Character_Firefly_Splash_Art.png/revision/latest/scale-to-width-down/1000?cb=20241007220547,Break Effect DPS,"Body Atk, Boots Speed, Ring Atk, Rope BE",Iron Cavalry Against the Scourge,https://static.wikia.nocookie.net/houkai-star-rail/images/4/49/Item_Iron_Cavalry_Against_the_Scourge.png/revision/latest?cb=20240621174923,Forge of the Kalpagni Lanter,https://static.wikia.nocookie.net/houkai-star-rail/images/b/bb/Item_Forge_of_the_Kalpagni_Lantern.png/revision/latest?cb=20240621030153,Whereabouts Should Dreams Rest,https://static.wikia.nocookie.net/houkai-star-rail/images/0/0e/Light_Cone_Whereabouts_Should_Dreams_Rest.png/revision/latest?cb=20240607171003,Firefly; Ruan Mei; HTB; Gallagher,,aaa,Fire,https://static.wikia.nocookie.net/houkai-star-rail/images/f/f0/Type_Fire.png/revision/latest?cb=20220610120131,Destruction,https://static.wikia.nocookie.net/houkai-star-rail/images/d/df/Path_Destruction.png/revision/latest?cb=20240417234659,5,,,,,,,,
Firefly,https://static.wikia.nocookie.net/houkai-star-rail/images/3/38/Character_Firefly_Splash_Art.png/revision/latest/scale-to-width-down/1000?cb=20241007220547,Break Effect DPS,"Body Atk, Boots Speed, Ring Atk, Rope BE",Iron Cavalry Against the Scourge,https://static.wikia.nocookie.net/houkai-star-rail/images/4/49/Item_Iron_Cavalry_Against_the_Scourge.png/revision/latest?cb=20240621174923,Forge of the Kalpagni Lanter,https://static.wikia.nocookie.net/houkai-star-rail/images/b/bb/Item_Forge_of_the_Kalpagni_Lantern.png/revision/latest?cb=20240621030153,Whereabouts Should Dreams Rest,https://static.wikia.nocookie.net/houkai-star-rail/images/0/0e/Light_Cone_Whereabouts_Should_Dreams_Rest.png/revision/latest?cb=20240607171003,Firefly; Ruan Mei; HTB; Gallagher,,aaa,Fire,https://static.wikia.nocookie.net/houkai-star-rail/images/f/f0/Type_Fire.png/revision/latest?cb=20220610120131,Destruction,https://static.wikia.nocookie.net/houkai-star-rail/images/d/df/Path_Destruction.png/revision/latest?cb=20240417234659,5,,,,,,,,
Firefly,https://static.wikia.nocookie.net/houkai-star-rail/images/3/38/Character_Firefly_Splash_Art.png/revision/latest/scale-to-width-down/1000?cb=20241007220547,Break Effect DPS,"Body Atk, Boots Speed, Ring Atk, Rope BE",Iron Cavalry Against the Scourge,https://static.wikia.nocookie.net/houkai-star-rail/images/4/49/Item_Iron_Cavalry_Against_the_Scourge.png/revision/latest?cb=20240621174923,Forge of the Kalpagni Lanter,https://static.wikia.nocookie.net/houkai-star-rail/images/b/bb/Item_Forge_of_the_Kalpagni_Lantern.png/revision/latest?cb=20240621030153,Whereabouts Should Dreams Rest,https://static.wikia.nocookie.net/houkai-star-rail/images/0/0e/Light_Cone_Whereabouts_Should_Dreams_Rest.png/revision/latest?cb=20240607171003,Firefly; Ruan Mei; HTB; Gallagher,,aaa,Fire,https://static.wikia.nocookie.net/houkai-star-rail/images/f/f0/Type_Fire.png/revision/latest?cb=20220610120131,Destruction,https://static.wikia.nocookie.net/houkai-star-rail/images/d/df/Path_Destruction.png/revision/latest?cb=20240417234659,5,,,,,,,,
Fu Xuan,https://static.wikia.nocookie.net/houkai-star-rail/images/3/3e/Character_Fu_Xuan_Splash_Art.png/revision/latest/scale-to-width-down/1000?cb=20230928224921,Sustain-Tank,"Bocy HP, Bootas Speed, Ring HP, Rope HP",Longevous Disciple,https://static.wikia.nocookie.net/houkai-star-rail/images/4/4a/Item_Longevous_Disciple.png/revision/latest?cb=20230810043643,Fleet of the Ageless,https://static.wikia.nocookie.net/houkai-star-rail/images/a/a1/Item_Fleet_of_the_Ageless.png/revision/latest?cb=20230810043104,She Already Shut Her Eyes,https://static.wikia.nocookie.net/houkai-star-rail/images/0/0a/Light_Cone_She_Already_Shut_Her_Eyes.png/revision/latest?cb=20230920055423,Fu Xuan; Silver Wolf; Seele; Sparkle,,Better against enemies who have really nasty CC like the Aurumatons (have to spam skill every turn though),Quantum,https://static.wikia.nocookie.net/houkai-star-rail/images/5/54/Type_Quantum.png/revision/latest?cb=20240609183337,Preservation,https://static.wikia.nocookie.net/houkai-star-rail/images/3/37/Path_Preservation.png/revision/latest?cb=20240417235425,5,,,,,,,,
Fu Xuan,https://static.wikia.nocookie.net/houkai-star-rail/images/3/3e/Character_Fu_Xuan_Splash_Art.png/revision/latest/scale-to-width-down/1000?cb=20230928224921,Sustain-Tank,"Bocy HP, Bootas Speed, Ring HP, Rope HP",Longevous Disciple,https://static.wikia.nocookie.net/houkai-star-rail/images/4/4a/Item_Longevous_Disciple.png/revision/latest?cb=20230810043643,Fleet of the Ageless,https://static.wikia.nocookie.net/houkai-star-rail/images/a/a1/Item_Fleet_of_the_Ageless.png/revision/latest?cb=20230810043104,She Already Shut Her Eyes,https://static.wikia.nocookie.net/houkai-star-rail/images/0/0a/Light_Cone_She_Already_Shut_Her_Eyes.png/revision/latest?cb=20230920055423,Fu Xuan; Silver Wolf; Seele; Sparkle,,Extra 12% Crit Rate for team,Quantum,https://static.wikia.nocookie.net/houkai-star-rail/images/5/54/Type_Quantum.png/revision/latest?cb=20240609183337,Preservation,https://static.wikia.nocookie.net/houkai-star-rail/images/3/37/Path_Preservation.png/revision/latest?cb=20240417235425,5,,,,,,,,
Fu Xuan,https://static.wikia.nocookie.net/houkai-star-rail/images/3/3e/Character_Fu_Xuan_Splash_Art.png/revision/latest/scale-to-width-down/1000?cb=20230928224921,Sustain-Tank,"Bocy HP, Bootas Speed, Ring HP, Rope HP",Longevous Disciple,https://static.wikia.nocookie.net/houkai-star-rail/images/4/4a/Item_Longevous_Disciple.png/revision/latest?cb=20230810043643,Fleet of the Ageless,https://static.wikia.nocookie.net/houkai-star-rail/images/a/a1/Item_Fleet_of_the_Ageless.png/revision/latest?cb=20230810043104,She Already Shut Her Eyes,https://static.wikia.nocookie.net/houkai-star-rail/images/0/0a/Light_Cone_She_Already_Shut_Her_Eyes.png/revision/latest?cb=20230920055423,Fu Xuan; Silver Wolf; Seele; Sparkle,,"f you don't have enough crit rate, then Fu is the better choice. If the enemy you're fighting has constant CC (ex. the sun/moon beast enemies in Amphoreus) then it might be better to bring Fu for comfort instead.",Quantum,https://static.wikia.nocookie.net/houkai-star-rail/images/5/54/Type_Quantum.png/revision/latest?cb=20240609183337,Preservation,https://static.wikia.nocookie.net/houkai-star-rail/images/3/37/Path_Preservation.png/revision/latest?cb=20240417235425,5,,,,,,,,
Fu Xuan,https://static.wikia.nocookie.net/houkai-star-rail/images/3/3e/Character_Fu_Xuan_Splash_Art.png/revision/latest/scale-to-width-down/1000?cb=20230928224921,Sustain-Tank,"Bocy HP, Bootas Speed, Ring HP, Rope HP",Longevous Disciple,https://static.wikia.nocookie.net/houkai-star-rail/images/4/4a/Item_Longevous_Disciple.png/revision/latest?cb=20230810043643,Fleet of the Ageless,https://static.wikia.nocookie.net/houkai-star-rail/images/a/a1/Item_Fleet_of_the_Ageless.png/revision/latest?cb=20230810043104,She Already Shut Her Eyes,https://static.wikia.nocookie.net/houkai-star-rail/images/0/0a/Light_Cone_She_Already_Shut_Her_Eyes.png/revision/latest?cb=20230920055423,Fu Xuan; Silver Wolf; Seele; Sparkle,,aaa,Quantum,https://static.wikia.nocookie.net/houkai-star-rail/images/5/54/Type_Quantum.png/revision/latest?cb=20240609183337,Preservation,https://static.wikia.nocookie.net/houkai-star-rail/images/3/37/Path_Preservation.png/revision/latest?cb=20240417235425,5,,,,,,,,
Fu Xuan,https://static.wikia.nocookie.net/houkai-star-rail/images/3/3e/Character_Fu_Xuan_Splash_Art.png/revision/latest/scale-to-width-down/1000?cb=20230928224921,Sustain-Tank,"Bocy HP, Bootas Speed, Ring HP, Rope HP",Longevous Disciple,https://static.wikia.nocookie.net/houkai-star-rail/images/4/4a/Item_Longevous_Disciple.png/revision/latest?cb=20230810043643,Fleet of the Ageless,https://static.wikia.nocookie.net/houkai-star-rail/images/a/a1/Item_Fleet_of_the_Ageless.png/revision/latest?cb=20230810043104,She Already Shut Her Eyes,https://static.wikia.nocookie.net/houkai-star-rail/images/0/0a/Light_Cone_She_Already_Shut_Her_Eyes.png/revision/latest?cb=20230920055423,Fu Xuan; Silver Wolf; Seele; Sparkle,,aaa,Quantum,https://static.wikia.nocookie.net/houkai-star-rail/images/5/54/Type_Quantum.png/revision/latest?cb=20240609183337,Preservation,https://static.wikia.nocookie.net/houkai-star-rail/images/3/37/Path_Preservation.png/revision/latest?cb=20240417235425,5,,,,,,,,
Fu Xuan,https://static.wikia.nocookie.net/houkai-star-rail/images/3/3e/Character_Fu_Xuan_Splash_Art.png/revision/latest/scale-to-width-down/1000?cb=20230928224921,Sustain-Tank,"Bocy HP, Bootas Speed, Ring HP, Rope HP",Longevous Disciple,https://static.wikia.nocookie.net/houkai-star-rail/images/4/4a/Item_Longevous_Disciple.png/revision/latest?cb=20230810043643,Fleet of the Ageless,https://static.wikia.nocookie.net/houkai-star-rail/images/a/a1/Item_Fleet_of_the_Ageless.png/revision/latest?cb=20230810043104,She Already Shut Her Eyes,https://static.wikia.nocookie.net/houkai-star-rail/images/0/0a/Light_Cone_She_Already_Shut_Her_Eyes.png/revision/latest?cb=20230920055423,Fu Xuan; Silver Wolf; Seele; Sparkle,,aaa,Quantum,https://static.wikia.nocookie.net/houkai-star-rail/images/5/54/Type_Quantum.png/revision/latest?cb=20240609183337,Preservation,https://static.wikia.nocookie.net/houkai-star-rail/images/3/37/Path_Preservation.png/revision/latest?cb=20240417235425,5,,,,,,,,
Fu Xuan,https://static.wikia.nocookie.net/houkai-star-rail/images/3/3e/Character_Fu_Xuan_Splash_Art.png/revision/latest/scale-to-width-down/1000?cb=20230928224921,Sustain-Tank,"Bocy HP, Bootas Speed, Ring HP, Rope HP",Longevous Disciple,https://static.wikia.nocookie.net/houkai-star-rail/images/4/4a/Item_Longevous_Disciple.png/revision/latest?cb=20230810043643,Fleet of the Ageless,https://static.wikia.nocookie.net/houkai-star-rail/images/a/a1/Item_Fleet_of_the_Ageless.png/revision/latest?cb=20230810043104,She Already Shut Her Eyes,https://static.wikia.nocookie.net/houkai-star-rail/images/0/0a/Light_Cone_She_Already_Shut_Her_Eyes.png/revision/latest?cb=20230920055423,Fu Xuan; Silver Wolf; Seele; Sparkle,,aaa,Quantum,https://static.wikia.nocookie.net/houkai-star-rail/images/5/54/Type_Quantum.png/revision/latest?cb=20240609183337,Preservation,https://static.wikia.nocookie.net/houkai-star-rail/images/3/37/Path_Preservation.png/revision/latest?cb=20240417235425,5,,,,,,,,
Fu Xuan,https://static.wikia.nocookie.net/houkai-star-rail/images/3/3e/Character_Fu_Xuan_Splash_Art.png/revision/latest/scale-to-width-down/1000?cb=20230928224921,Sustain-Tank,"Bocy HP, Bootas Speed, Ring HP, Rope HP",Longevous Disciple,https://static.wikia.nocookie.net/houkai-star-rail/images/4/4a/Item_Longevous_Disciple.png/revision/latest?cb=20230810043643,Fleet of the Ageless,https://static.wikia.nocookie.net/houkai-star-rail/images/a/a1/Item_Fleet_of_the_Ageless.png/revision/latest?cb=20230810043104,She Already Shut Her Eyes,https://static.wikia.nocookie.net/houkai-star-rail/images/0/0a/Light_Cone_She_Already_Shut_Her_Eyes.png/revision/latest?cb=20230920055423,Fu Xuan; Silver Wolf; Seele; Sparkle,,aaa,Quantum,https://static.wikia.nocookie.net/houkai-star-rail/images/5/54/Type_Quantum.png/revision/latest?cb=20240609183337,Preservation,https://static.wikia.nocookie.net/houkai-star-rail/images/3/37/Path_Preservation.png/revision/latest?cb=20240417235425,5,,,,,,,,
Fu Xuan,https://static.wikia.nocookie.net/houkai-star-rail/images/3/3e/Character_Fu_Xuan_Splash_Art.png/revision/latest/scale-to-width-down/1000?cb=20230928224921,Sustain-Tank,"Bocy HP, Bootas Speed, Ring HP, Rope HP",Longevous Disciple,https://static.wikia.nocookie.net/houkai-star-rail/images/4/4a/Item_Longevous_Disciple.png/revision/latest?cb=20230810043643,Fleet of the Ageless,https://static.wikia.nocookie.net/houkai-star-rail/images/a/a1/Item_Fleet_of_the_Ageless.png/revision/latest?cb=20230810043104,She Already Shut Her Eyes,https://static.wikia.nocookie.net/houkai-star-rail/images/0/0a/Light_Cone_She_Already_Shut_Her_Eyes.png/revision/latest?cb=20230920055423,Fu Xuan; Silver Wolf; Seele; Sparkle,,aaa,Quantum,https://static.wikia.nocookie.net/houkai-star-rail/images/5/54/Type_Quantum.png/revision/latest?cb=20240609183337,Preservation,https://static.wikia.nocookie.net/houkai-star-rail/images/3/37/Path_Preservation.png/revision/latest?cb=20240417235425,5,,,,,,,,
Fu Xuan,https://static.wikia.nocookie.net/houkai-star-rail/images/3/3e/Character_Fu_Xuan_Splash_Art.png/revision/latest/scale-to-width-down/1000?cb=20230928224921,Sustain-Tank,"Bocy HP, Bootas Speed, Ring HP, Rope HP",Longevous Disciple,https://static.wikia.nocookie.net/houkai-star-rail/images/4/4a/Item_Longevous_Disciple.png/revision/latest?cb=20230810043643,Fleet of the Ageless,https://static.wikia.nocookie.net/houkai-star-rail/images/a/a1/Item_Fleet_of_the_Ageless.png/revision/latest?cb=20230810043104,She Already Shut Her Eyes,https://static.wikia.nocookie.net/houkai-star-rail/images/0/0a/Light_Cone_She_Already_Shut_Her_Eyes.png/revision/latest?cb=20230920055423,Fu Xuan; Silver Wolf; Seele; Sparkle,,aaa,Quantum,https://static.wikia.nocookie.net/houkai-star-rail/images/5/54/Type_Quantum.png/revision/latest?cb=20240609183337,Preservation,https://static.wikia.nocookie.net/houkai-star-rail/images/3/37/Path_Preservation.png/revision/latest?cb=20240417235425,5,,,,,,,,
Fugue,https://static.wikia.nocookie.net/houkai-star-rail/images/4/4c/Character_Fugue_Splash_Art.png/revision/latest/scale-to-width-down/1000?cb=20241122125941,Break Effect support,"Body HER, Boots Speed, Ring HP, Rope BE or Energy",Iron Cavalry Against the Scourge,https://static.wikia.nocookie.net/houkai-star-rail/images/4/49/Item_Iron_Cavalry_Against_the_Scourge.png/revision/latest?cb=20240621174923,Forge of the Kalpagni Lanter,https://static.wikia.nocookie.net/houkai-star-rail/images/b/bb/Item_Forge_of_the_Kalpagni_Lantern.png/revision/latest?cb=20240621030153,Long Road Leads Home,https://static.wikia.nocookie.net/houkai-star-rail/images/b/b1/Light_Cone_Long_Road_Leads_Home.png/revision/latest?cb=20241225050057,,,aaa,Fire,https://static.wikia.nocookie.net/houkai-star-rail/images/f/f0/Type_Fire.png/revision/latest?cb=20220610120131,Nihility,https://static.wikia.nocookie.net/houkai-star-rail/images/4/45/Path_Nihility.png/revision/latest?cb=20240417235304,5,,,,,,,,
Fugue,https://static.wikia.nocookie.net/houkai-star-rail/images/4/4c/Character_Fugue_Splash_Art.png/revision/latest/scale-to-width-down/1000?cb=20241122125941,Break Effect support,"Body HER, Boots Speed, Ring HP, Rope BE or Energy",Iron Cavalry Against the Scourge,https://static.wikia.nocookie.net/houkai-star-rail/images/4/49/Item_Iron_Cavalry_Against_the_Scourge.png/revision/latest?cb=20240621174923,Forge of the Kalpagni Lanter,https://static.wikia.nocookie.net/houkai-star-rail/images/b/bb/Item_Forge_of_the_Kalpagni_Lantern.png/revision/latest?cb=20240621030153,Long Road Leads Home,https://static.wikia.nocookie.net/houkai-star-rail/images/b/b1/Light_Cone_Long_Road_Leads_Home.png/revision/latest?cb=20241225050057,,,aaa,Fire,https://static.wikia.nocookie.net/houkai-star-rail/images/f/f0/Type_Fire.png/revision/latest?cb=20220610120131,Nihility,https://static.wikia.nocookie.net/houkai-star-rail/images/4/45/Path_Nihility.png/revision/latest?cb=20240417235304,5,,,,,,,,
Fugue,https://static.wikia.nocookie.net/houkai-star-rail/images/4/4c/Character_Fugue_Splash_Art.png/revision/latest/scale-to-width-down/1000?cb=20241122125941,Break Effect support,"Body HER, Boots Speed, Ring HP, Rope BE or Energy",Iron Cavalry Against the Scourge,https://static.wikia.nocookie.net/houkai-star-rail/images/4/49/Item_Iron_Cavalry_Against_the_Scourge.png/revision/latest?cb=20240621174923,Forge of the Kalpagni Lanter,https://static.wikia.nocookie.net/houkai-star-rail/images/b/bb/Item_Forge_of_the_Kalpagni_Lantern.png/revision/latest?cb=20240621030153,Long Road Leads Home,https://static.wikia.nocookie.net/houkai-star-rail/images/b/b1/Light_Cone_Long_Road_Leads_Home.png/revision/latest?cb=20241225050057,,,aaa,Fire,https://static.wikia.nocookie.net/houkai-star-rail/images/f/f0/Type_Fire.png/revision/latest?cb=20220610120131,Nihility,https://static.wikia.nocookie.net/houkai-star-rail/images/4/45/Path_Nihility.png/revision/latest?cb=20240417235304,5,,,,,,,,
Fugue,https://static.wikia.nocookie.net/houkai-star-rail/images/4/4c/Character_Fugue_Splash_Art.png/revision/latest/scale-to-width-down/1000?cb=20241122125941,Break Effect support,"Body HER, Boots Speed, Ring HP, Rope BE or Energy",Iron Cavalry Against the Scourge,https://static.wikia.nocookie.net/houkai-star-rail/images/4/49/Item_Iron_Cavalry_Against_the_Scourge.png/revision/latest?cb=20240621174923,Forge of the Kalpagni Lanter,https://static.wikia.nocookie.net/houkai-star-rail/images/b/bb/Item_Forge_of_the_Kalpagni_Lantern.png/revision/latest?cb=20240621030153,Long Road Leads Home,https://static.wikia.nocookie.net/houkai-star-rail/images/b/b1/Light_Cone_Long_Road_Leads_Home.png/revision/latest?cb=20241225050057,,,aaa,Fire,https://static.wikia.nocookie.net/houkai-star-rail/images/f/f0/Type_Fire.png/revision/latest?cb=20220610120131,Nihility,https://static.wikia.nocookie.net/houkai-star-rail/images/4/45/Path_Nihility.png/revision/latest?cb=20240417235304,5,,,,,,,,
Fugue,https://static.wikia.nocookie.net/houkai-star-rail/images/4/4c/Character_Fugue_Splash_Art.png/revision/latest/scale-to-width-down/1000?cb=20241122125941,Break Effect support,"Body HER, Boots Speed, Ring HP, Rope BE or Energy",Iron Cavalry Against the Scourge,https://static.wikia.nocookie.net/houkai-star-rail/images/4/49/Item_Iron_Cavalry_Against_the_Scourge.png/revision/latest?cb=20240621174923,Forge of the Kalpagni Lanter,https://static.wikia.nocookie.net/houkai-star-rail/images/b/bb/Item_Forge_of_the_Kalpagni_Lantern.png/revision/latest?cb=20240621030153,Long Road Leads Home,https://static.wikia.nocookie.net/houkai-star-rail/images/b/b1/Light_Cone_Long_Road_Leads_Home.png/revision/latest?cb=20241225050057,,,aaa,Fire,https://static.wikia.nocookie.net/houkai-star-rail/images/f/f0/Type_Fire.png/revision/latest?cb=20220610120131,Nihility,https://static.wikia.nocookie.net/houkai-star-rail/images/4/45/Path_Nihility.png/revision/latest?cb=20240417235304,5,,,,,,,,
Fugue,https://static.wikia.nocookie.net/houkai-star-rail/images/4/4c/Character_Fugue_Splash_Art.png/revision/latest/scale-to-width-down/1000?cb=20241122125941,Break Effect support,"Body HER, Boots Speed, Ring HP, Rope BE or Energy",Iron Cavalry Against the Scourge,https://static.wikia.nocookie.net/houkai-star-rail/images/4/49/Item_Iron_Cavalry_Against_the_Scourge.png/revision/latest?cb=20240621174923,Forge of the Kalpagni Lanter,https://static.wikia.nocookie.net/houkai-star-rail/images/b/bb/Item_Forge_of_the_Kalpagni_Lantern.png/revision/latest?cb=20240621030153,Long Road Leads Home,https://static.wikia.nocookie.net/houkai-star-rail/images/b/b1/Light_Cone_Long_Road_Leads_Home.png/revision/latest?cb=20241225050057,,,aaa,Fire,https://static.wikia.nocookie.net/houkai-star-rail/images/f/f0/Type_Fire.png/revision/latest?cb=20220610120131,Nihility,https://static.wikia.nocookie.net/houkai-star-rail/images/4/45/Path_Nihility.png/revision/latest?cb=20240417235304,5,,,,,,,,
Fugue,https://static.wikia.nocookie.net/houkai-star-rail/images/4/4c/Character_Fugue_Splash_Art.png/revision/latest/scale-to-width-down/1000?cb=20241122125941,Break Effect support,"Body HER, Boots Speed, Ring HP, Rope BE or Energy",Iron Cavalry Against the Scourge,https://static.wikia.nocookie.net/houkai-star-rail/images/4/49/Item_Iron_Cavalry_Against_the_Scourge.png/revision/latest?cb=20240621174923,Forge of the Kalpagni Lanter,https://static.wikia.nocookie.net/houkai-star-rail/images/b/bb/Item_Forge_of_the_Kalpagni_Lantern.png/revision/latest?cb=20240621030153,Long Road Leads Home,https://static.wikia.nocookie.net/houkai-star-rail/images/b/b1/Light_Cone_Long_Road_Leads_Home.png/revision/latest?cb=20241225050057,,,aaa,Fire,https://static.wikia.nocookie.net/houkai-star-rail/images/f/f0/Type_Fire.png/revision/latest?cb=20220610120131,Nihility,https://static.wikia.nocookie.net/houkai-star-rail/images/4/45/Path_Nihility.png/revision/latest?cb=20240417235304,5,,,,,,,,
Fugue,https://static.wikia.nocookie.net/houkai-star-rail/images/4/4c/Character_Fugue_Splash_Art.png/revision/latest/scale-to-width-down/1000?cb=20241122125941,Break Effect support,"Body HER, Boots Speed, Ring HP, Rope BE or Energy",Iron Cavalry Against the Scourge,https://static.wikia.nocookie.net/houkai-star-rail/images/4/49/Item_Iron_Cavalry_Against_the_Scourge.png/revision/latest?cb=20240621174923,Forge of the Kalpagni Lanter,https://static.wikia.nocookie.net/houkai-star-rail/images/b/bb/Item_Forge_of_the_Kalpagni_Lantern.png/revision/latest?cb=20240621030153,Long Road Leads Home,https://static.wikia.nocookie.net/houkai-star-rail/images/b/b1/Light_Cone_Long_Road_Leads_Home.png/revision/latest?cb=20241225050057,,,aaa,Fire,https://static.wikia.nocookie.net/houkai-star-rail/images/f/f0/Type_Fire.png/revision/latest?cb=20220610120131,Nihility,https://static.wikia.nocookie.net/houkai-star-rail/images/4/45/Path_Nihility.png/revision/latest?cb=20240417235304,5,,,,,,,,
Fugue,https://static.wikia.nocookie.net/houkai-star-rail/images/4/4c/Character_Fugue_Splash_Art.png/revision/latest/scale-to-width-down/1000?cb=20241122125941,Break Effect support,"Body HER, Boots Speed, Ring HP, Rope BE or Energy",Iron Cavalry Against the Scourge,https://static.wikia.nocookie.net/houkai-star-rail/images/4/49/Item_Iron_Cavalry_Against_the_Scourge.png/revision/latest?cb=20240621174923,Forge of the Kalpagni Lanter,https://static.wikia.nocookie.net/houkai-star-rail/images/b/bb/Item_Forge_of_the_Kalpagni_Lantern.png/revision/latest?cb=20240621030153,Long Road Leads Home,https://static.wikia.nocookie.net/houkai-star-rail/images/b/b1/Light_Cone_Long_Road_Leads_Home.png/revision/latest?cb=20241225050057,,,aaa,Fire,https://static.wikia.nocookie.net/houkai-star-rail/images/f/f0/Type_Fire.png/revision/latest?cb=20220610120131,Nihility,https://static.wikia.nocookie.net/houkai-star-rail/images/4/45/Path_Nihility.png/revision/latest?cb=20240417235304,5,,,,,,,,
Fugue,https://static.wikia.nocookie.net/houkai-star-rail/images/4/4c/Character_Fugue_Splash_Art.png/revision/latest/scale-to-width-down/1000?cb=20241122125941,Break Effect support,"Body HER, Boots Speed, Ring HP, Rope BE or Energy",Iron Cavalry Against the Scourge,https://static.wikia.nocookie.net/houkai-star-rail/images/4/49/Item_Iron_Cavalry_Against_the_Scourge.png/revision/latest?cb=20240621174923,Forge of the Kalpagni Lanter,https://static.wikia.nocookie.net/houkai-star-rail/images/b/bb/Item_Forge_of_the_Kalpagni_Lantern.png/revision/latest?cb=20240621030153,Long Road Leads Home,https://static.wikia.nocookie.net/houkai-star-rail/images/b/b1/Light_Cone_Long_Road_Leads_Home.png/revision/latest?cb=20241225050057,,,aaa,Fire,https://static.wikia.nocookie.net/houkai-star-rail/images/f/f0/Type_Fire.png/revision/latest?cb=20220610120131,Nihility,https://static.wikia.nocookie.net/houkai-star-rail/images/4/45/Path_Nihility.png/revision/latest?cb=20240417235304,5,,,,,,,,
Gepard,https://static.wikia.nocookie.net/houkai-star-rail/images/9/96/Character_Gepard_Splash_Art.png/revision/latest/scale-to-width-down/1000?cb=20230216232354,"Sustain-Tank, Shielder","Body Def, Boots Speed, Ring Def, Rope Energy or Def",Knight of Purity Palace (4pc),https://static.wikia.nocookie.net/houkai-star-rail/images/1/1f/Item_Knight_of_Purity_Palace.png/revision/latest?cb=20230810043606,Belobog of the Architects,https://static.wikia.nocookie.net/houkai-star-rail/images/9/99/Item_Belobog_of_the_Architects.png/revision/latest?cb=20230810042411,Moment of Victory,https://static.wikia.nocookie.net/houkai-star-rail/images/a/a1/Light_Cone_Moment_of_Victory.png/revision/latest?cb=20230719030522,Gepard; Seele; Tingyun; Pela,,aaa,Ice,https://static.wikia.nocookie.net/houkai-star-rail/images/3/35/Type_Ice.png/revision/latest?cb=20220610120329,Preservation,https://static.wikia.nocookie.net/houkai-star-rail/images/3/37/Path_Preservation.png/revision/latest?cb=20240417235425,5,,,,,,,,
Gepard,https://static.wikia.nocookie.net/houkai-star-rail/images/9/96/Character_Gepard_Splash_Art.png/revision/latest/scale-to-width-down/1000?cb=20230216232354,"Sustain-Tank, Shielder","Body Def, Boots Speed, Ring Def, Rope Energy or Def",Knight of Purity Palace (4pc),https://static.wikia.nocookie.net/houkai-star-rail/images/1/1f/Item_Knight_of_Purity_Palace.png/revision/latest?cb=20230810043606,Belobog of the Architects,https://static.wikia.nocookie.net/houkai-star-rail/images/9/99/Item_Belobog_of_the_Architects.png/revision/latest?cb=20230810042411,Moment of Victory,https://static.wikia.nocookie.net/houkai-star-rail/images/a/a1/Light_Cone_Moment_of_Victory.png/revision/latest?cb=20230719030522,Gepard; Seele; Tingyun; Pela,,aaa,Ice,https://static.wikia.nocookie.net/houkai-star-rail/images/3/35/Type_Ice.png/revision/latest?cb=20220610120329,Preservation,https://static.wikia.nocookie.net/houkai-star-rail/images/3/37/Path_Preservation.png/revision/latest?cb=20240417235425,5,,,,,,,,
Gepard,https://static.wikia.nocookie.net/houkai-star-rail/images/9/96/Character_Gepard_Splash_Art.png/revision/latest/scale-to-width-down/1000?cb=20230216232354,"Sustain-Tank, Shielder","Body Def, Boots Speed, Ring Def, Rope Energy or Def",Knight of Purity Palace (4pc),https://static.wikia.nocookie.net/houkai-star-rail/images/1/1f/Item_Knight_of_Purity_Palace.png/revision/latest?cb=20230810043606,Belobog of the Architects,https://static.wikia.nocookie.net/houkai-star-rail/images/9/99/Item_Belobog_of_the_Architects.png/revision/latest?cb=20230810042411,Moment of Victory,https://static.wikia.nocookie.net/houkai-star-rail/images/a/a1/Light_Cone_Moment_of_Victory.png/revision/latest?cb=20230719030522,Gepard; Seele; Tingyun; Pela,,aaa,Ice,https://static.wikia.nocookie.net/houkai-star-rail/images/3/35/Type_Ice.png/revision/latest?cb=20220610120329,Preservation,https://static.wikia.nocookie.net/houkai-star-rail/images/3/37/Path_Preservation.png/revision/latest?cb=20240417235425,5,,,,,,,,
Gepard,https://static.wikia.nocookie.net/houkai-star-rail/images/9/96/Character_Gepard_Splash_Art.png/revision/latest/scale-to-width-down/1000?cb=20230216232354,"Sustain-Tank, Shielder","Body Def, Boots Speed, Ring Def, Rope Energy or Def",Knight of Purity Palace (4pc),https://static.wikia.nocookie.net/houkai-star-rail/images/1/1f/Item_Knight_of_Purity_Palace.png/revision/latest?cb=20230810043606,Belobog of the Architects,https://static.wikia.nocookie.net/houkai-star-rail/images/9/99/Item_Belobog_of_the_Architects.png/revision/latest?cb=20230810042411,Moment of Victory,https://static.wikia.nocookie.net/houkai-star-rail/images/a/a1/Light_Cone_Moment_of_Victory.png/revision/latest?cb=20230719030522,Gepard; Seele; Tingyun; Pela,,aaa,Ice,https://static.wikia.nocookie.net/houkai-star-rail/images/3/35/Type_Ice.png/revision/latest?cb=20220610120329,Preservation,https://static.wikia.nocookie.net/houkai-star-rail/images/3/37/Path_Preservation.png/revision/latest?cb=20240417235425,5,,,,,,,,
Gepard,https://static.wikia.nocookie.net/houkai-star-rail/images/9/96/Character_Gepard_Splash_Art.png/revision/latest/scale-to-width-down/1000?cb=20230216232354,"Sustain-Tank, Shielder","Body Def, Boots Speed, Ring Def, Rope Energy or Def",Knight of Purity Palace (4pc),https://static.wikia.nocookie.net/houkai-star-rail/images/1/1f/Item_Knight_of_Purity_Palace.png/revision/latest?cb=20230810043606,Belobog of the Architects,https://static.wikia.nocookie.net/houkai-star-rail/images/9/99/Item_Belobog_of_the_Architects.png/revision/latest?cb=20230810042411,Moment of Victory,https://static.wikia.nocookie.net/houkai-star-rail/images/a/a1/Light_Cone_Moment_of_Victory.png/revision/latest?cb=20230719030522,Gepard; Seele; Tingyun; Pela,,aaa,Ice,https://static.wikia.nocookie.net/houkai-star-rail/images/3/35/Type_Ice.png/revision/latest?cb=20220610120329,Preservation,https://static.wikia.nocookie.net/houkai-star-rail/images/3/37/Path_Preservation.png/revision/latest?cb=20240417235425,5,,,,,,,,
Gepard,https://static.wikia.nocookie.net/houkai-star-rail/images/9/96/Character_Gepard_Splash_Art.png/revision/latest/scale-to-width-down/1000?cb=20230216232354,"Sustain-Tank, Shielder","Body Def, Boots Speed, Ring Def, Rope Energy or Def",Knight of Purity Palace (4pc),https://static.wikia.nocookie.net/houkai-star-rail/images/1/1f/Item_Knight_of_Purity_Palace.png/revision/latest?cb=20230810043606,Belobog of the Architects,https://static.wikia.nocookie.net/houkai-star-rail/images/9/99/Item_Belobog_of_the_Architects.png/revision/latest?cb=20230810042411,Moment of Victory,https://static.wikia.nocookie.net/houkai-star-rail/images/a/a1/Light_Cone_Moment_of_Victory.png/revision/latest?cb=20230719030522,Gepard; Seele; Tingyun; Pela,,aaa,Ice,https://static.wikia.nocookie.net/houkai-star-rail/images/3/35/Type_Ice.png/revision/latest?cb=20220610120329,Preservation,https://static.wikia.nocookie.net/houkai-star-rail/images/3/37/Path_Preservation.png/revision/latest?cb=20240417235425,5,,,,,,,,
Gepard,https://static.wikia.nocookie.net/houkai-star-rail/images/9/96/Character_Gepard_Splash_Art.png/revision/latest/scale-to-width-down/1000?cb=20230216232354,"Sustain-Tank, Shielder","Body Def, Boots Speed, Ring Def, Rope Energy or Def",Knight of Purity Palace (4pc),https://static.wikia.nocookie.net/houkai-star-rail/images/1/1f/Item_Knight_of_Purity_Palace.png/revision/latest?cb=20230810043606,Belobog of the Architects,https://static.wikia.nocookie.net/houkai-star-rail/images/9/99/Item_Belobog_of_the_Architects.png/revision/latest?cb=20230810042411,Moment of Victory,https://static.wikia.nocookie.net/houkai-star-rail/images/a/a1/Light_Cone_Moment_of_Victory.png/revision/latest?cb=20230719030522,Gepard; Seele; Tingyun; Pela,,aaa,Ice,https://static.wikia.nocookie.net/houkai-star-rail/images/3/35/Type_Ice.png/revision/latest?cb=20220610120329,Preservation,https://static.wikia.nocookie.net/houkai-star-rail/images/3/37/Path_Preservation.png/revision/latest?cb=20240417235425,5,,,,,,,,
Gepard,https://static.wikia.nocookie.net/houkai-star-rail/images/9/96/Character_Gepard_Splash_Art.png/revision/latest/scale-to-width-down/1000?cb=20230216232354,"Sustain-Tank, Shielder","Body Def, Boots Speed, Ring Def, Rope Energy or Def",Knight of Purity Palace (4pc),https://static.wikia.nocookie.net/houkai-star-rail/images/1/1f/Item_Knight_of_Purity_Palace.png/revision/latest?cb=20230810043606,Belobog of the Architects,https://static.wikia.nocookie.net/houkai-star-rail/images/9/99/Item_Belobog_of_the_Architects.png/revision/latest?cb=20230810042411,Moment of Victory,https://static.wikia.nocookie.net/houkai-star-rail/images/a/a1/Light_Cone_Moment_of_Victory.png/revision/latest?cb=20230719030522,Gepard; Seele; Tingyun; Pela,,aaa,Ice,https://static.wikia.nocookie.net/houkai-star-rail/images/3/35/Type_Ice.png/revision/latest?cb=20220610120329,Preservation,https://static.wikia.nocookie.net/houkai-star-rail/images/3/37/Path_Preservation.png/revision/latest?cb=20240417235425,5,,,,,,,,
Gepard,https://static.wikia.nocookie.net/houkai-star-rail/images/9/96/Character_Gepard_Splash_Art.png/revision/latest/scale-to-width-down/1000?cb=20230216232354,"Sustain-Tank, Shielder","Body Def, Boots Speed, Ring Def, Rope Energy or Def",Knight of Purity Palace (4pc),https://static.wikia.nocookie.net/houkai-star-rail/images/1/1f/Item_Knight_of_Purity_Palace.png/revision/latest?cb=20230810043606,Belobog of the Architects,https://static.wikia.nocookie.net/houkai-star-rail/images/9/99/Item_Belobog_of_the_Architects.png/revision/latest?cb=20230810042411,Moment of Victory,https://static.wikia.nocookie.net/houkai-star-rail/images/a/a1/Light_Cone_Moment_of_Victory.png/revision/latest?cb=20230719030522,Gepard; Seele; Tingyun; Pela,,aaa,Ice,https://static.wikia.nocookie.net/houkai-star-rail/images/3/35/Type_Ice.png/revision/latest?cb=20220610120329,Preservation,https://static.wikia.nocookie.net/houkai-star-rail/images/3/37/Path_Preservation.png/revision/latest?cb=20240417235425,5,,,,,,,,
Gepard,https://static.wikia.nocookie.net/houkai-star-rail/images/9/96/Character_Gepard_Splash_Art.png/revision/latest/scale-to-width-down/1000?cb=20230216232354,"Sustain-Tank, Shielder","Body Def, Boots Speed, Ring Def, Rope Energy or Def",Knight of Purity Palace (4pc),https://static.wikia.nocookie.net/houkai-star-rail/images/1/1f/Item_Knight_of_Purity_Palace.png/revision/latest?cb=20230810043606,Belobog of the Architects,https://static.wikia.nocookie.net/houkai-star-rail/images/9/99/Item_Belobog_of_the_Architects.png/revision/latest?cb=20230810042411,Moment of Victory,https://static.wikia.nocookie.net/houkai-star-rail/images/a/a1/Light_Cone_Moment_of_Victory.png/revision/latest?cb=20230719030522,Gepard; Seele; Tingyun; Pela,,aaa,Ice,https://static.wikia.nocookie.net/houkai-star-rail/images/3/35/Type_Ice.png/revision/latest?cb=20220610120329,Preservation,https://static.wikia.nocookie.net/houkai-star-rail/images/3/37/Path_Preservation.png/revision/latest?cb=20240417235425,5,,,,,,,,
Himeko,https://static.wikia.nocookie.net/houkai-star-rail/images/8/8e/Character_Himeko_Splash_Art.png/revision/latest/scale-to-width-down/1000?cb=20230525090036,FuA DPS,"Body CR, Boots Speed, Ring F Dmg, Rope Atk",The Ashblazing Grand Duke (4pc),https://static.wikia.nocookie.net/houkai-star-rail/images/3/36/Item_The_Ashblazing_Grand_Duke.png/revision/latest?cb=20231115045301,Firmament Frontline: Glamoth,Firmament Frontline: Glamoth,Night on the Milky Way,https://static.wikia.nocookie.net/houkai-star-rail/images/d/d4/Light_Cone_Night_on_the_Milky_Way.png/revision/latest?cb=20230719030401,"Himeko, Herta, Ruan Mei, HTB",,Herta and Himeko are supposed to carry their sides so they need good builds. Each PF has had fire and ice weakness so far,Fire,https://static.wikia.nocookie.net/houkai-star-rail/images/f/f0/Type_Fire.png/revision/latest?cb=20220610120131,Erudition,https://static.wikia.nocookie.net/houkai-star-rail/images/5/53/Path_Erudition.png/revision/latest?cb=20240417235548,5,,,,,,,,
Himeko,https://static.wikia.nocookie.net/houkai-star-rail/images/8/8e/Character_Himeko_Splash_Art.png/revision/latest/scale-to-width-down/1000?cb=20230525090036,FuA DPS,"Body CR, Boots Speed, Ring F Dmg, Rope Atk",The Ashblazing Grand Duke (4pc),https://static.wikia.nocookie.net/houkai-star-rail/images/3/36/Item_The_Ashblazing_Grand_Duke.png/revision/latest?cb=20231115045301,Firmament Frontline: Glamoth,Firmament Frontline: Glamoth,Night on the Milky Way,https://static.wikia.nocookie.net/houkai-star-rail/images/d/d4/Light_Cone_Night_on_the_Milky_Way.png/revision/latest?cb=20230719030401,"Himeko, Herta, Ruan Mei, HTB",,,Fire,https://static.wikia.nocookie.net/houkai-star-rail/images/f/f0/Type_Fire.png/revision/latest?cb=20220610120131,Erudition,https://static.wikia.nocookie.net/houkai-star-rail/images/5/53/Path_Erudition.png/revision/latest?cb=20240417235548,5,,,,,,,,
Himeko,https://static.wikia.nocookie.net/houkai-star-rail/images/8/8e/Character_Himeko_Splash_Art.png/revision/latest/scale-to-width-down/1000?cb=20230525090036,FuA DPS,"Body CR, Boots Speed, Ring F Dmg, Rope Atk",The Ashblazing Grand Duke (4pc),https://static.wikia.nocookie.net/houkai-star-rail/images/3/36/Item_The_Ashblazing_Grand_Duke.png/revision/latest?cb=20231115045301,Firmament Frontline: Glamoth,Firmament Frontline: Glamoth,Night on the Milky Way,https://static.wikia.nocookie.net/houkai-star-rail/images/d/d4/Light_Cone_Night_on_the_Milky_Way.png/revision/latest?cb=20230719030401,"Himeko, Herta, Ruan Mei, HTB",,Himeko: same as Herta but ATK 2700+ cuz 5*. S5 the LC. Grand Duke set is her best and Duran/Sigonia/Glamoth/Salsatto are best.  ,Fire,https://static.wikia.nocookie.net/houkai-star-rail/images/f/f0/Type_Fire.png/revision/latest?cb=20220610120131,Erudition,https://static.wikia.nocookie.net/houkai-star-rail/images/5/53/Path_Erudition.png/revision/latest?cb=20240417235548,5,,,,,,,,
Himeko,https://static.wikia.nocookie.net/houkai-star-rail/images/8/8e/Character_Himeko_Splash_Art.png/revision/latest/scale-to-width-down/1000?cb=20230525090036,FuA DPS,"Body CR, Boots Speed, Ring F Dmg, Rope Atk",The Ashblazing Grand Duke (4pc),https://static.wikia.nocookie.net/houkai-star-rail/images/3/36/Item_The_Ashblazing_Grand_Duke.png/revision/latest?cb=20231115045301,Firmament Frontline: Glamoth,Firmament Frontline: Glamoth,Night on the Milky Way,https://static.wikia.nocookie.net/houkai-star-rail/images/d/d4/Light_Cone_Night_on_the_Milky_Way.png/revision/latest?cb=20230719030401,"Himeko, Herta, Ruan Mei, HTB",,Herta and himeko are game changer in PF so I will build them,Fire,https://static.wikia.nocookie.net/houkai-star-rail/images/f/f0/Type_Fire.png/revision/latest?cb=20220610120131,Erudition,https://static.wikia.nocookie.net/houkai-star-rail/images/5/53/Path_Erudition.png/revision/latest?cb=20240417235548,5,,,,,,,,
Himeko,https://static.wikia.nocookie.net/houkai-star-rail/images/8/8e/Character_Himeko_Splash_Art.png/revision/latest/scale-to-width-down/1000?cb=20230525090036,FuA DPS,"Body CR, Boots Speed, Ring F Dmg, Rope Atk",The Ashblazing Grand Duke (4pc),https://static.wikia.nocookie.net/houkai-star-rail/images/3/36/Item_The_Ashblazing_Grand_Duke.png/revision/latest?cb=20231115045301,Firmament Frontline: Glamoth,Firmament Frontline: Glamoth,Night on the Milky Way,https://static.wikia.nocookie.net/houkai-star-rail/images/d/d4/Light_Cone_Night_on_the_Milky_Way.png/revision/latest?cb=20230719030401,"Himeko, Herta, Ruan Mei, HTB",,aaa,Fire,https://static.wikia.nocookie.net/houkai-star-rail/images/f/f0/Type_Fire.png/revision/latest?cb=20220610120131,Erudition,https://static.wikia.nocookie.net/houkai-star-rail/images/5/53/Path_Erudition.png/revision/latest?cb=20240417235548,5,,,,,,,,
Himeko,https://static.wikia.nocookie.net/houkai-star-rail/images/8/8e/Character_Himeko_Splash_Art.png/revision/latest/scale-to-width-down/1000?cb=20230525090036,FuA DPS,"Body CR, Boots Speed, Ring F Dmg, Rope Atk",The Ashblazing Grand Duke (4pc),https://static.wikia.nocookie.net/houkai-star-rail/images/3/36/Item_The_Ashblazing_Grand_Duke.png/revision/latest?cb=20231115045301,Firmament Frontline: Glamoth,Firmament Frontline: Glamoth,Night on the Milky Way,https://static.wikia.nocookie.net/houkai-star-rail/images/d/d4/Light_Cone_Night_on_the_Milky_Way.png/revision/latest?cb=20230719030401,"Himeko, Herta, Ruan Mei, HTB",,aaa,Fire,https://static.wikia.nocookie.net/houkai-star-rail/images/f/f0/Type_Fire.png/revision/latest?cb=20220610120131,Erudition,https://static.wikia.nocookie.net/houkai-star-rail/images/5/53/Path_Erudition.png/revision/latest?cb=20240417235548,5,,,,,,,,
Himeko,https://static.wikia.nocookie.net/houkai-star-rail/images/8/8e/Character_Himeko_Splash_Art.png/revision/latest/scale-to-width-down/1000?cb=20230525090036,FuA DPS,"Body CR, Boots Speed, Ring F Dmg, Rope Atk",The Ashblazing Grand Duke (4pc),https://static.wikia.nocookie.net/houkai-star-rail/images/3/36/Item_The_Ashblazing_Grand_Duke.png/revision/latest?cb=20231115045301,Firmament Frontline: Glamoth,Firmament Frontline: Glamoth,Night on the Milky Way,https://static.wikia.nocookie.net/houkai-star-rail/images/d/d4/Light_Cone_Night_on_the_Milky_Way.png/revision/latest?cb=20230719030401,"Himeko, Herta, Ruan Mei, HTB",,aaa,Fire,https://static.wikia.nocookie.net/houkai-star-rail/images/f/f0/Type_Fire.png/revision/latest?cb=20220610120131,Erudition,https://static.wikia.nocookie.net/houkai-star-rail/images/5/53/Path_Erudition.png/revision/latest?cb=20240417235548,5,,,,,,,,
Himeko,https://static.wikia.nocookie.net/houkai-star-rail/images/8/8e/Character_Himeko_Splash_Art.png/revision/latest/scale-to-width-down/1000?cb=20230525090036,FuA DPS,"Body CR, Boots Speed, Ring F Dmg, Rope Atk",The Ashblazing Grand Duke (4pc),https://static.wikia.nocookie.net/houkai-star-rail/images/3/36/Item_The_Ashblazing_Grand_Duke.png/revision/latest?cb=20231115045301,Firmament Frontline: Glamoth,Firmament Frontline: Glamoth,Night on the Milky Way,https://static.wikia.nocookie.net/houkai-star-rail/images/d/d4/Light_Cone_Night_on_the_Milky_Way.png/revision/latest?cb=20230719030401,"Himeko, Herta, Ruan Mei, HTB",,aaa,Fire,https://static.wikia.nocookie.net/houkai-star-rail/images/f/f0/Type_Fire.png/revision/latest?cb=20220610120131,Erudition,https://static.wikia.nocookie.net/houkai-star-rail/images/5/53/Path_Erudition.png/revision/latest?cb=20240417235548,5,,,,,,,,
Himeko,https://static.wikia.nocookie.net/houkai-star-rail/images/8/8e/Character_Himeko_Splash_Art.png/revision/latest/scale-to-width-down/1000?cb=20230525090036,FuA DPS,"Body CR, Boots Speed, Ring F Dmg, Rope Atk",The Ashblazing Grand Duke (4pc),https://static.wikia.nocookie.net/houkai-star-rail/images/3/36/Item_The_Ashblazing_Grand_Duke.png/revision/latest?cb=20231115045301,Firmament Frontline: Glamoth,Firmament Frontline: Glamoth,Night on the Milky Way,https://static.wikia.nocookie.net/houkai-star-rail/images/d/d4/Light_Cone_Night_on_the_Milky_Way.png/revision/latest?cb=20230719030401,"Himeko, Herta, Ruan Mei, HTB",,aaa,Fire,https://static.wikia.nocookie.net/houkai-star-rail/images/f/f0/Type_Fire.png/revision/latest?cb=20220610120131,Erudition,https://static.wikia.nocookie.net/houkai-star-rail/images/5/53/Path_Erudition.png/revision/latest?cb=20240417235548,5,,,,,,,,
Himeko,https://static.wikia.nocookie.net/houkai-star-rail/images/8/8e/Character_Himeko_Splash_Art.png/revision/latest/scale-to-width-down/1000?cb=20230525090036,FuA DPS,"Body CR, Boots Speed, Ring F Dmg, Rope Atk",The Ashblazing Grand Duke (4pc),https://static.wikia.nocookie.net/houkai-star-rail/images/3/36/Item_The_Ashblazing_Grand_Duke.png/revision/latest?cb=20231115045301,Firmament Frontline: Glamoth,Firmament Frontline: Glamoth,Night on the Milky Way,https://static.wikia.nocookie.net/houkai-star-rail/images/d/d4/Light_Cone_Night_on_the_Milky_Way.png/revision/latest?cb=20230719030401,"Himeko, Herta, Ruan Mei, HTB",,aaa,Fire,https://static.wikia.nocookie.net/houkai-star-rail/images/f/f0/Type_Fire.png/revision/latest?cb=20220610120131,Erudition,https://static.wikia.nocookie.net/houkai-star-rail/images/5/53/Path_Erudition.png/revision/latest?cb=20240417235548,5,,,,,,,,
Huohuo,https://static.wikia.nocookie.net/houkai-star-rail/images/8/82/Character_Huohuo_Splash_Art.png/revision/latest/scale-to-width-down/1000?cb=20250604025217,"AoE Healer, Energy Booster ","Body Outgoing Heal, Boots Speed, Ring HP, Rope Energy",Longevous Disciple,https://static.wikia.nocookie.net/houkai-star-rail/images/4/4a/Item_Longevous_Disciple.png/revision/latest?cb=20230810043643,Fleet of the Ageless,https://static.wikia.nocookie.net/houkai-star-rail/images/a/a1/Item_Fleet_of_the_Ageless.png/revision/latest?cb=20230810043104,Night of Fright,https://static.wikia.nocookie.net/houkai-star-rail/images/d/df/Light_Cone_Night_of_Fright.png/revision/latest?cb=20231115024040,Aglaea; Robin; Sunday; Huohuo,,aaa,Wind,https://static.wikia.nocookie.net/houkai-star-rail/images/e/ec/Type_Wind.png/revision/latest?cb=20220610121015,Abundance,https://static.wikia.nocookie.net/houkai-star-rail/images/9/94/Path_Abundance.png/revision/latest?cb=20240417235352,5,,,,,,,,
Huohuo,https://static.wikia.nocookie.net/houkai-star-rail/images/8/82/Character_Huohuo_Splash_Art.png/revision/latest/scale-to-width-down/1000?cb=20250604025217,"AoE Healer, Energy Booster ","Body Outgoing Heal, Boots Speed, Ring HP, Rope Energy",Longevous Disciple,https://static.wikia.nocookie.net/houkai-star-rail/images/4/4a/Item_Longevous_Disciple.png/revision/latest?cb=20230810043643,Fleet of the Ageless,https://static.wikia.nocookie.net/houkai-star-rail/images/a/a1/Item_Fleet_of_the_Ageless.png/revision/latest?cb=20230810043104,Night of Fright,https://static.wikia.nocookie.net/houkai-star-rail/images/d/df/Light_Cone_Night_of_Fright.png/revision/latest?cb=20231115024040,Aglaea; Robin; Sunday; Huohuo,,aaa,Wind,https://static.wikia.nocookie.net/houkai-star-rail/images/e/ec/Type_Wind.png/revision/latest?cb=20220610121015,Abundance,https://static.wikia.nocookie.net/houkai-star-rail/images/9/94/Path_Abundance.png/revision/latest?cb=20240417235352,5,,,,,,,,
Huohuo,https://static.wikia.nocookie.net/houkai-star-rail/images/8/82/Character_Huohuo_Splash_Art.png/revision/latest/scale-to-width-down/1000?cb=20250604025217,"AoE Healer, Energy Booster ","Body Outgoing Heal, Boots Speed, Ring HP, Rope Energy",Longevous Disciple,https://static.wikia.nocookie.net/houkai-star-rail/images/4/4a/Item_Longevous_Disciple.png/revision/latest?cb=20230810043643,Fleet of the Ageless,https://static.wikia.nocookie.net/houkai-star-rail/images/a/a1/Item_Fleet_of_the_Ageless.png/revision/latest?cb=20230810043104,Night of Fright,https://static.wikia.nocookie.net/houkai-star-rail/images/d/df/Light_Cone_Night_of_Fright.png/revision/latest?cb=20231115024040,Aglaea; Robin; Sunday; Huohuo,,aaa,Wind,https://static.wikia.nocookie.net/houkai-star-rail/images/e/ec/Type_Wind.png/revision/latest?cb=20220610121015,Abundance,https://static.wikia.nocookie.net/houkai-star-rail/images/9/94/Path_Abundance.png/revision/latest?cb=20240417235352,5,,,,,,,,
Huohuo,https://static.wikia.nocookie.net/houkai-star-rail/images/8/82/Character_Huohuo_Splash_Art.png/revision/latest/scale-to-width-down/1000?cb=20250604025217,"AoE Healer, Energy Booster ","Body Outgoing Heal, Boots Speed, Ring HP, Rope Energy",Longevous Disciple,https://static.wikia.nocookie.net/houkai-star-rail/images/4/4a/Item_Longevous_Disciple.png/revision/latest?cb=20230810043643,Fleet of the Ageless,https://static.wikia.nocookie.net/houkai-star-rail/images/a/a1/Item_Fleet_of_the_Ageless.png/revision/latest?cb=20230810043104,Night of Fright,https://static.wikia.nocookie.net/houkai-star-rail/images/d/df/Light_Cone_Night_of_Fright.png/revision/latest?cb=20231115024040,Aglaea; Robin; Sunday; Huohuo,,aaa,Wind,https://static.wikia.nocookie.net/houkai-star-rail/images/e/ec/Type_Wind.png/revision/latest?cb=20220610121015,Abundance,https://static.wikia.nocookie.net/houkai-star-rail/images/9/94/Path_Abundance.png/revision/latest?cb=20240417235352,5,,,,,,,,
Huohuo,https://static.wikia.nocookie.net/houkai-star-rail/images/8/82/Character_Huohuo_Splash_Art.png/revision/latest/scale-to-width-down/1000?cb=20250604025217,"AoE Healer, Energy Booster ","Body Outgoing Heal, Boots Speed, Ring HP, Rope Energy",Longevous Disciple,https://static.wikia.nocookie.net/houkai-star-rail/images/4/4a/Item_Longevous_Disciple.png/revision/latest?cb=20230810043643,Fleet of the Ageless,https://static.wikia.nocookie.net/houkai-star-rail/images/a/a1/Item_Fleet_of_the_Ageless.png/revision/latest?cb=20230810043104,Night of Fright,https://static.wikia.nocookie.net/houkai-star-rail/images/d/df/Light_Cone_Night_of_Fright.png/revision/latest?cb=20231115024040,Aglaea; Robin; Sunday; Huohuo,,aaa,Wind,https://static.wikia.nocookie.net/houkai-star-rail/images/e/ec/Type_Wind.png/revision/latest?cb=20220610121015,Abundance,https://static.wikia.nocookie.net/houkai-star-rail/images/9/94/Path_Abundance.png/revision/latest?cb=20240417235352,5,,,,,,,,
Huohuo,https://static.wikia.nocookie.net/houkai-star-rail/images/8/82/Character_Huohuo_Splash_Art.png/revision/latest/scale-to-width-down/1000?cb=20250604025217,"AoE Healer, Energy Booster ","Body Outgoing Heal, Boots Speed, Ring HP, Rope Energy",Longevous Disciple,https://static.wikia.nocookie.net/houkai-star-rail/images/4/4a/Item_Longevous_Disciple.png/revision/latest?cb=20230810043643,Fleet of the Ageless,https://static.wikia.nocookie.net/houkai-star-rail/images/a/a1/Item_Fleet_of_the_Ageless.png/revision/latest?cb=20230810043104,Night of Fright,https://static.wikia.nocookie.net/houkai-star-rail/images/d/df/Light_Cone_Night_of_Fright.png/revision/latest?cb=20231115024040,Aglaea; Robin; Sunday; Huohuo,,aaa,Wind,https://static.wikia.nocookie.net/houkai-star-rail/images/e/ec/Type_Wind.png/revision/latest?cb=20220610121015,Abundance,https://static.wikia.nocookie.net/houkai-star-rail/images/9/94/Path_Abundance.png/revision/latest?cb=20240417235352,5,,,,,,,,
Huohuo,https://static.wikia.nocookie.net/houkai-star-rail/images/8/82/Character_Huohuo_Splash_Art.png/revision/latest/scale-to-width-down/1000?cb=20250604025217,"AoE Healer, Energy Booster ","Body Outgoing Heal, Boots Speed, Ring HP, Rope Energy",Longevous Disciple,https://static.wikia.nocookie.net/houkai-star-rail/images/4/4a/Item_Longevous_Disciple.png/revision/latest?cb=20230810043643,Fleet of the Ageless,https://static.wikia.nocookie.net/houkai-star-rail/images/a/a1/Item_Fleet_of_the_Ageless.png/revision/latest?cb=20230810043104,Night of Fright,https://static.wikia.nocookie.net/houkai-star-rail/images/d/df/Light_Cone_Night_of_Fright.png/revision/latest?cb=20231115024040,Aglaea; Robin; Sunday; Huohuo,,aaa,Wind,https://static.wikia.nocookie.net/houkai-star-rail/images/e/ec/Type_Wind.png/revision/latest?cb=20220610121015,Abundance,https://static.wikia.nocookie.net/houkai-star-rail/images/9/94/Path_Abundance.png/revision/latest?cb=20240417235352,5,,,,,,,,
Huohuo,https://static.wikia.nocookie.net/houkai-star-rail/images/8/82/Character_Huohuo_Splash_Art.png/revision/latest/scale-to-width-down/1000?cb=20250604025217,"AoE Healer, Energy Booster ","Body Outgoing Heal, Boots Speed, Ring HP, Rope Energy",Longevous Disciple,https://static.wikia.nocookie.net/houkai-star-rail/images/4/4a/Item_Longevous_Disciple.png/revision/latest?cb=20230810043643,Fleet of the Ageless,https://static.wikia.nocookie.net/houkai-star-rail/images/a/a1/Item_Fleet_of_the_Ageless.png/revision/latest?cb=20230810043104,Night of Fright,https://static.wikia.nocookie.net/houkai-star-rail/images/d/df/Light_Cone_Night_of_Fright.png/revision/latest?cb=20231115024040,Aglaea; Robin; Sunday; Huohuo,,aaa,Wind,https://static.wikia.nocookie.net/houkai-star-rail/images/e/ec/Type_Wind.png/revision/latest?cb=20220610121015,Abundance,https://static.wikia.nocookie.net/houkai-star-rail/images/9/94/Path_Abundance.png/revision/latest?cb=20240417235352,5,,,,,,,,
Huohuo,https://static.wikia.nocookie.net/houkai-star-rail/images/8/82/Character_Huohuo_Splash_Art.png/revision/latest/scale-to-width-down/1000?cb=20250604025217,"AoE Healer, Energy Booster ","Body Outgoing Heal, Boots Speed, Ring HP, Rope Energy",Longevous Disciple,https://static.wikia.nocookie.net/houkai-star-rail/images/4/4a/Item_Longevous_Disciple.png/revision/latest?cb=20230810043643,Fleet of the Ageless,https://static.wikia.nocookie.net/houkai-star-rail/images/a/a1/Item_Fleet_of_the_Ageless.png/revision/latest?cb=20230810043104,Night of Fright,https://static.wikia.nocookie.net/houkai-star-rail/images/d/df/Light_Cone_Night_of_Fright.png/revision/latest?cb=20231115024040,Aglaea; Robin; Sunday; Huohuo,,aaa,Wind,https://static.wikia.nocookie.net/houkai-star-rail/images/e/ec/Type_Wind.png/revision/latest?cb=20220610121015,Abundance,https://static.wikia.nocookie.net/houkai-star-rail/images/9/94/Path_Abundance.png/revision/latest?cb=20240417235352,5,,,,,,,,
Huohuo,https://static.wikia.nocookie.net/houkai-star-rail/images/8/82/Character_Huohuo_Splash_Art.png/revision/latest/scale-to-width-down/1000?cb=20250604025217,"AoE Healer, Energy Booster ","Body Outgoing Heal, Boots Speed, Ring HP, Rope Energy",Longevous Disciple,https://static.wikia.nocookie.net/houkai-star-rail/images/4/4a/Item_Longevous_Disciple.png/revision/latest?cb=20230810043643,Fleet of the Ageless,https://static.wikia.nocookie.net/houkai-star-rail/images/a/a1/Item_Fleet_of_the_Ageless.png/revision/latest?cb=20230810043104,Night of Fright,https://static.wikia.nocookie.net/houkai-star-rail/images/d/df/Light_Cone_Night_of_Fright.png/revision/latest?cb=20231115024040,Aglaea; Robin; Sunday; Huohuo,,aaa,Wind,https://static.wikia.nocookie.net/houkai-star-rail/images/e/ec/Type_Wind.png/revision/latest?cb=20220610121015,Abundance,https://static.wikia.nocookie.net/houkai-star-rail/images/9/94/Path_Abundance.png/revision/latest?cb=20240417235352,5,,,,,,,,
Hyacine,https://static.wikia.nocookie.net/houkai-star-rail/images/7/7d/Character_Hyacine_Splash_Art.png/revision/latest/scale-to-width-down/1000?cb=20250521031729,"AoE Healer, Sub DPS, True Damage Booster ","Body Outgoing Heal, Boots Speed, Ring HP, Rope Energy",Warrior Goddess of Sun and Thunder,https://static.wikia.nocookie.net/houkai-star-rail/images/4/4b/Item_Warrior_Goddess_of_Sun_and_Thunder.png/revision/latest?cb=20250521021300,Giant Tree of Rapt Brooding,https://static.wikia.nocookie.net/houkai-star-rail/images/e/e3/Item_Giant_Tree_of_Rapt_Brooding.png/revision/latest?cb=20250226072651,Long May Rainbows Adorn the Sky,https://static.wikia.nocookie.net/houkai-star-rail/images/c/c9/Light_Cone_Long_May_Rainbows_Adorn_the_Sky.png/revision/latest?cb=20250521031952,Castorice; Tribbie; Chipher; Hyacine,,aaa,Wind,https://static.wikia.nocookie.net/houkai-star-rail/images/e/ec/Type_Wind.png/revision/latest?cb=20220610121015,Abundance,https://static.wikia.nocookie.net/houkai-star-rail/images/9/94/Path_Abundance.png/revision/latest?cb=20240417235352,5,,,,,,,,
Hyacine,https://static.wikia.nocookie.net/houkai-star-rail/images/7/7d/Character_Hyacine_Splash_Art.png/revision/latest/scale-to-width-down/1000?cb=20250521031729,"AoE Healer, Sub DPS, True Damage Booster ","Body Outgoing Heal, Boots Speed, Ring HP, Rope Energy",Warrior Goddess of Sun and Thunder,https://static.wikia.nocookie.net/houkai-star-rail/images/4/4b/Item_Warrior_Goddess_of_Sun_and_Thunder.png/revision/latest?cb=20250521021300,Giant Tree of Rapt Brooding,https://static.wikia.nocookie.net/houkai-star-rail/images/e/e3/Item_Giant_Tree_of_Rapt_Brooding.png/revision/latest?cb=20250226072651,Long May Rainbows Adorn the Sky,https://static.wikia.nocookie.net/houkai-star-rail/images/c/c9/Light_Cone_Long_May_Rainbows_Adorn_the_Sky.png/revision/latest?cb=20250521031952,Castorice; Tribbie; Chipher; Hyacine,,aaa,Wind,https://static.wikia.nocookie.net/houkai-star-rail/images/e/ec/Type_Wind.png/revision/latest?cb=20220610121015,Abundance,https://static.wikia.nocookie.net/houkai-star-rail/images/9/94/Path_Abundance.png/revision/latest?cb=20240417235352,5,,,,,,,,
Hyacine,https://static.wikia.nocookie.net/houkai-star-rail/images/7/7d/Character_Hyacine_Splash_Art.png/revision/latest/scale-to-width-down/1000?cb=20250521031729,"AoE Healer, Sub DPS, True Damage Booster ","Body Outgoing Heal, Boots Speed, Ring HP, Rope Energy",Warrior Goddess of Sun and Thunder,https://static.wikia.nocookie.net/houkai-star-rail/images/4/4b/Item_Warrior_Goddess_of_Sun_and_Thunder.png/revision/latest?cb=20250521021300,Giant Tree of Rapt Brooding,https://static.wikia.nocookie.net/houkai-star-rail/images/e/e3/Item_Giant_Tree_of_Rapt_Brooding.png/revision/latest?cb=20250226072651,Long May Rainbows Adorn the Sky,https://static.wikia.nocookie.net/houkai-star-rail/images/c/c9/Light_Cone_Long_May_Rainbows_Adorn_the_Sky.png/revision/latest?cb=20250521031952,Castorice; Tribbie; Chipher; Hyacine,,aaa,Wind,https://static.wikia.nocookie.net/houkai-star-rail/images/e/ec/Type_Wind.png/revision/latest?cb=20220610121015,Abundance,https://static.wikia.nocookie.net/houkai-star-rail/images/9/94/Path_Abundance.png/revision/latest?cb=20240417235352,5,,,,,,,,
Hyacine,https://static.wikia.nocookie.net/houkai-star-rail/images/7/7d/Character_Hyacine_Splash_Art.png/revision/latest/scale-to-width-down/1000?cb=20250521031729,"AoE Healer, Sub DPS, True Damage Booster ","Body Outgoing Heal, Boots Speed, Ring HP, Rope Energy",Warrior Goddess of Sun and Thunder,https://static.wikia.nocookie.net/houkai-star-rail/images/4/4b/Item_Warrior_Goddess_of_Sun_and_Thunder.png/revision/latest?cb=20250521021300,Giant Tree of Rapt Brooding,https://static.wikia.nocookie.net/houkai-star-rail/images/e/e3/Item_Giant_Tree_of_Rapt_Brooding.png/revision/latest?cb=20250226072651,Long May Rainbows Adorn the Sky,https://static.wikia.nocookie.net/houkai-star-rail/images/c/c9/Light_Cone_Long_May_Rainbows_Adorn_the_Sky.png/revision/latest?cb=20250521031952,Castorice; Tribbie; Chipher; Hyacine,,aaa,Wind,https://static.wikia.nocookie.net/houkai-star-rail/images/e/ec/Type_Wind.png/revision/latest?cb=20220610121015,Abundance,https://static.wikia.nocookie.net/houkai-star-rail/images/9/94/Path_Abundance.png/revision/latest?cb=20240417235352,5,,,,,,,,
Hyacine,https://static.wikia.nocookie.net/houkai-star-rail/images/7/7d/Character_Hyacine_Splash_Art.png/revision/latest/scale-to-width-down/1000?cb=20250521031729,"AoE Healer, Sub DPS, True Damage Booster ","Body Outgoing Heal, Boots Speed, Ring HP, Rope Energy",Warrior Goddess of Sun and Thunder,https://static.wikia.nocookie.net/houkai-star-rail/images/4/4b/Item_Warrior_Goddess_of_Sun_and_Thunder.png/revision/latest?cb=20250521021300,Giant Tree of Rapt Brooding,https://static.wikia.nocookie.net/houkai-star-rail/images/e/e3/Item_Giant_Tree_of_Rapt_Brooding.png/revision/latest?cb=20250226072651,Long May Rainbows Adorn the Sky,https://static.wikia.nocookie.net/houkai-star-rail/images/c/c9/Light_Cone_Long_May_Rainbows_Adorn_the_Sky.png/revision/latest?cb=20250521031952,Castorice; Tribbie; Chipher; Hyacine,,aaa,Wind,https://static.wikia.nocookie.net/houkai-star-rail/images/e/ec/Type_Wind.png/revision/latest?cb=20220610121015,Abundance,https://static.wikia.nocookie.net/houkai-star-rail/images/9/94/Path_Abundance.png/revision/latest?cb=20240417235352,5,,,,,,,,
Hyacine,https://static.wikia.nocookie.net/houkai-star-rail/images/7/7d/Character_Hyacine_Splash_Art.png/revision/latest/scale-to-width-down/1000?cb=20250521031729,"AoE Healer, Sub DPS, True Damage Booster ","Body Outgoing Heal, Boots Speed, Ring HP, Rope Energy",Warrior Goddess of Sun and Thunder,https://static.wikia.nocookie.net/houkai-star-rail/images/4/4b/Item_Warrior_Goddess_of_Sun_and_Thunder.png/revision/latest?cb=20250521021300,Giant Tree of Rapt Brooding,https://static.wikia.nocookie.net/houkai-star-rail/images/e/e3/Item_Giant_Tree_of_Rapt_Brooding.png/revision/latest?cb=20250226072651,Long May Rainbows Adorn the Sky,https://static.wikia.nocookie.net/houkai-star-rail/images/c/c9/Light_Cone_Long_May_Rainbows_Adorn_the_Sky.png/revision/latest?cb=20250521031952,Castorice; Tribbie; Chipher; Hyacine,,aaa,Wind,https://static.wikia.nocookie.net/houkai-star-rail/images/e/ec/Type_Wind.png/revision/latest?cb=20220610121015,Abundance,https://static.wikia.nocookie.net/houkai-star-rail/images/9/94/Path_Abundance.png/revision/latest?cb=20240417235352,5,,,,,,,,
Hyacine,https://static.wikia.nocookie.net/houkai-star-rail/images/7/7d/Character_Hyacine_Splash_Art.png/revision/latest/scale-to-width-down/1000?cb=20250521031729,"AoE Healer, Sub DPS, True Damage Booster ","Body Outgoing Heal, Boots Speed, Ring HP, Rope Energy",Warrior Goddess of Sun and Thunder,https://static.wikia.nocookie.net/houkai-star-rail/images/4/4b/Item_Warrior_Goddess_of_Sun_and_Thunder.png/revision/latest?cb=20250521021300,Giant Tree of Rapt Brooding,https://static.wikia.nocookie.net/houkai-star-rail/images/e/e3/Item_Giant_Tree_of_Rapt_Brooding.png/revision/latest?cb=20250226072651,Long May Rainbows Adorn the Sky,https://static.wikia.nocookie.net/houkai-star-rail/images/c/c9/Light_Cone_Long_May_Rainbows_Adorn_the_Sky.png/revision/latest?cb=20250521031952,Castorice; Tribbie; Chipher; Hyacine,,aaa,Wind,https://static.wikia.nocookie.net/houkai-star-rail/images/e/ec/Type_Wind.png/revision/latest?cb=20220610121015,Abundance,https://static.wikia.nocookie.net/houkai-star-rail/images/9/94/Path_Abundance.png/revision/latest?cb=20240417235352,5,,,,,,,,
Hyacine,https://static.wikia.nocookie.net/houkai-star-rail/images/7/7d/Character_Hyacine_Splash_Art.png/revision/latest/scale-to-width-down/1000?cb=20250521031729,"AoE Healer, Sub DPS, True Damage Booster ","Body Outgoing Heal, Boots Speed, Ring HP, Rope Energy",Warrior Goddess of Sun and Thunder,https://static.wikia.nocookie.net/houkai-star-rail/images/4/4b/Item_Warrior_Goddess_of_Sun_and_Thunder.png/revision/latest?cb=20250521021300,Giant Tree of Rapt Brooding,https://static.wikia.nocookie.net/houkai-star-rail/images/e/e3/Item_Giant_Tree_of_Rapt_Brooding.png/revision/latest?cb=20250226072651,Long May Rainbows Adorn the Sky,https://static.wikia.nocookie.net/houkai-star-rail/images/c/c9/Light_Cone_Long_May_Rainbows_Adorn_the_Sky.png/revision/latest?cb=20250521031952,Castorice; Tribbie; Chipher; Hyacine,,aaa,Wind,https://static.wikia.nocookie.net/houkai-star-rail/images/e/ec/Type_Wind.png/revision/latest?cb=20220610121015,Abundance,https://static.wikia.nocookie.net/houkai-star-rail/images/9/94/Path_Abundance.png/revision/latest?cb=20240417235352,5,,,,,,,,
Hyacine,https://static.wikia.nocookie.net/houkai-star-rail/images/7/7d/Character_Hyacine_Splash_Art.png/revision/latest/scale-to-width-down/1000?cb=20250521031729,"AoE Healer, Sub DPS, True Damage Booster ","Body Outgoing Heal, Boots Speed, Ring HP, Rope Energy",Warrior Goddess of Sun and Thunder,https://static.wikia.nocookie.net/houkai-star-rail/images/4/4b/Item_Warrior_Goddess_of_Sun_and_Thunder.png/revision/latest?cb=20250521021300,Giant Tree of Rapt Brooding,https://static.wikia.nocookie.net/houkai-star-rail/images/e/e3/Item_Giant_Tree_of_Rapt_Brooding.png/revision/latest?cb=20250226072651,Long May Rainbows Adorn the Sky,https://static.wikia.nocookie.net/houkai-star-rail/images/c/c9/Light_Cone_Long_May_Rainbows_Adorn_the_Sky.png/revision/latest?cb=20250521031952,Castorice; Tribbie; Chipher; Hyacine,,aaa,Wind,https://static.wikia.nocookie.net/houkai-star-rail/images/e/ec/Type_Wind.png/revision/latest?cb=20220610121015,Abundance,https://static.wikia.nocookie.net/houkai-star-rail/images/9/94/Path_Abundance.png/revision/latest?cb=20240417235352,5,,,,,,,,
Hyacine,https://static.wikia.nocookie.net/houkai-star-rail/images/7/7d/Character_Hyacine_Splash_Art.png/revision/latest/scale-to-width-down/1000?cb=20250521031729,"AoE Healer, Sub DPS, True Damage Booster ","Body Outgoing Heal, Boots Speed, Ring HP, Rope Energy",Warrior Goddess of Sun and Thunder,https://static.wikia.nocookie.net/houkai-star-rail/images/4/4b/Item_Warrior_Goddess_of_Sun_and_Thunder.png/revision/latest?cb=20250521021300,Giant Tree of Rapt Brooding,https://static.wikia.nocookie.net/houkai-star-rail/images/e/e3/Item_Giant_Tree_of_Rapt_Brooding.png/revision/latest?cb=20250226072651,Long May Rainbows Adorn the Sky,https://static.wikia.nocookie.net/houkai-star-rail/images/c/c9/Light_Cone_Long_May_Rainbows_Adorn_the_Sky.png/revision/latest?cb=20250521031952,Castorice; Tribbie; Chipher; Hyacine,,aaa,Wind,https://static.wikia.nocookie.net/houkai-star-rail/images/e/ec/Type_Wind.png/revision/latest?cb=20220610121015,Abundance,https://static.wikia.nocookie.net/houkai-star-rail/images/9/94/Path_Abundance.png/revision/latest?cb=20240417235352,5,,,,,,,,
Jade,https://static.wikia.nocookie.net/houkai-star-rail/images/6/6d/Character_Jade_Splash_Art.png/revision/latest/scale-to-width-down/1000?cb=20240706170539,FuA DPS,"Body CR CD, Boots Atk or Spd, Ring Q Dmg, Rope Atk",Poet of Mourning Collapse,https://static.wikia.nocookie.net/houkai-star-rail/images/8/8d/Item_Poet_of_Mourning_Collapse.png/revision/latest?cb=20250115231118,Izumo Gensei and Takama Divine Realm (4pc),https://static.wikia.nocookie.net/houkai-star-rail/images/5/5a/Item_Izumo_Gensei_and_Takama_Divine_Realm.png/revision/latest?cb=20250315152543,Yet Hope Is Priceless,https://static.wikia.nocookie.net/houkai-star-rail/images/5/52/Light_Cone_Yet_Hope_Is_Priceless.png/revision/latest?cb=20240607171006,Jade; The Herta; Sunday; Aventurin,,"You can pick up Argenti, Jade, or Rappa so you have more variety to cover weaknesses for PF. Since weakness and buffs change very often its hard to really make a particular team.",Quantum,https://static.wikia.nocookie.net/houkai-star-rail/images/5/54/Type_Quantum.png/revision/latest?cb=20240609183337,Erudition,https://static.wikia.nocookie.net/houkai-star-rail/images/5/53/Path_Erudition.png/revision/latest?cb=20240417235548,5,,,,,,,,
Jade,https://static.wikia.nocookie.net/houkai-star-rail/images/6/6d/Character_Jade_Splash_Art.png/revision/latest/scale-to-width-down/1000?cb=20240706170539,FuA DPS,"Body CR CD, Boots Atk or Spd, Ring Q Dmg, Rope Atk",Poet of Mourning Collapse,https://static.wikia.nocookie.net/houkai-star-rail/images/8/8d/Item_Poet_of_Mourning_Collapse.png/revision/latest?cb=20250115231118,Izumo Gensei and Takama Divine Realm (4pc),https://static.wikia.nocookie.net/houkai-star-rail/images/5/5a/Item_Izumo_Gensei_and_Takama_Divine_Realm.png/revision/latest?cb=20250315152543,Yet Hope Is Priceless,https://static.wikia.nocookie.net/houkai-star-rail/images/5/52/Light_Cone_Yet_Hope_Is_Priceless.png/revision/latest?cb=20240607171006,Jade; The Herta; Sunday; Aventurin,,aaa,Quantum,https://static.wikia.nocookie.net/houkai-star-rail/images/5/54/Type_Quantum.png/revision/latest?cb=20240609183337,Erudition,https://static.wikia.nocookie.net/houkai-star-rail/images/5/53/Path_Erudition.png/revision/latest?cb=20240417235548,5,,,,,,,,
Jade,https://static.wikia.nocookie.net/houkai-star-rail/images/6/6d/Character_Jade_Splash_Art.png/revision/latest/scale-to-width-down/1000?cb=20240706170539,FuA DPS,"Body CR CD, Boots Atk or Spd, Ring Q Dmg, Rope Atk",Poet of Mourning Collapse,https://static.wikia.nocookie.net/houkai-star-rail/images/8/8d/Item_Poet_of_Mourning_Collapse.png/revision/latest?cb=20250115231118,Izumo Gensei and Takama Divine Realm,https://static.wikia.nocookie.net/houkai-star-rail/images/5/5a/Item_Izumo_Gensei_and_Takama_Divine_Realm.png/revision/latest?cb=20250315152543,Yet Hope Is Priceless,https://static.wikia.nocookie.net/houkai-star-rail/images/5/52/Light_Cone_Yet_Hope_Is_Priceless.png/revision/latest?cb=20240607171006,Jade; The Herta; Sunday; Aventurin,,aaa,Quantum,https://static.wikia.nocookie.net/houkai-star-rail/images/5/54/Type_Quantum.png/revision/latest?cb=20240609183337,Erudition,https://static.wikia.nocookie.net/houkai-star-rail/images/5/53/Path_Erudition.png/revision/latest?cb=20240417235548,5,,,,,,,,
Jade,https://static.wikia.nocookie.net/houkai-star-rail/images/6/6d/Character_Jade_Splash_Art.png/revision/latest/scale-to-width-down/1000?cb=20240706170539,FuA DPS,"Body CR CD, Boots Atk or Spd, Ring Q Dmg, Rope Atk",Poet of Mourning Collapse,https://static.wikia.nocookie.net/houkai-star-rail/images/8/8d/Item_Poet_of_Mourning_Collapse.png/revision/latest?cb=20250115231118,Izumo Gensei and Takama Divine Realm,https://static.wikia.nocookie.net/houkai-star-rail/images/5/5a/Item_Izumo_Gensei_and_Takama_Divine_Realm.png/revision/latest?cb=20250315152543,Yet Hope Is Priceless,https://static.wikia.nocookie.net/houkai-star-rail/images/5/52/Light_Cone_Yet_Hope_Is_Priceless.png/revision/latest?cb=20240607171006,Jade; The Herta; Sunday; Aventurin,,aaa,Quantum,https://static.wikia.nocookie.net/houkai-star-rail/images/5/54/Type_Quantum.png/revision/latest?cb=20240609183337,Erudition,https://static.wikia.nocookie.net/houkai-star-rail/images/5/53/Path_Erudition.png/revision/latest?cb=20240417235548,5,,,,,,,,
Jade,https://static.wikia.nocookie.net/houkai-star-rail/images/6/6d/Character_Jade_Splash_Art.png/revision/latest/scale-to-width-down/1000?cb=20240706170539,FuA DPS,"Body CR CD, Boots Atk or Spd, Ring Q Dmg, Rope Atk",Poet of Mourning Collapse,https://static.wikia.nocookie.net/houkai-star-rail/images/8/8d/Item_Poet_of_Mourning_Collapse.png/revision/latest?cb=20250115231118,Izumo Gensei and Takama Divine Realm,https://static.wikia.nocookie.net/houkai-star-rail/images/5/5a/Item_Izumo_Gensei_and_Takama_Divine_Realm.png/revision/latest?cb=20250315152543,Yet Hope Is Priceless,https://static.wikia.nocookie.net/houkai-star-rail/images/5/52/Light_Cone_Yet_Hope_Is_Priceless.png/revision/latest?cb=20240607171006,Jade; The Herta; Sunday; Aventurin,,aaa,Quantum,https://static.wikia.nocookie.net/houkai-star-rail/images/5/54/Type_Quantum.png/revision/latest?cb=20240609183337,Erudition,https://static.wikia.nocookie.net/houkai-star-rail/images/5/53/Path_Erudition.png/revision/latest?cb=20240417235548,5,,,,,,,,
Jade,https://static.wikia.nocookie.net/houkai-star-rail/images/6/6d/Character_Jade_Splash_Art.png/revision/latest/scale-to-width-down/1000?cb=20240706170539,FuA DPS,"Body CR CD, Boots Atk or Spd, Ring Q Dmg, Rope Atk",Poet of Mourning Collapse,https://static.wikia.nocookie.net/houkai-star-rail/images/8/8d/Item_Poet_of_Mourning_Collapse.png/revision/latest?cb=20250115231118,Izumo Gensei and Takama Divine Realm,https://static.wikia.nocookie.net/houkai-star-rail/images/5/5a/Item_Izumo_Gensei_and_Takama_Divine_Realm.png/revision/latest?cb=20250315152543,Yet Hope Is Priceless,https://static.wikia.nocookie.net/houkai-star-rail/images/5/52/Light_Cone_Yet_Hope_Is_Priceless.png/revision/latest?cb=20240607171006,Jade; The Herta; Sunday; Aventurin,,aaa,Quantum,https://static.wikia.nocookie.net/houkai-star-rail/images/5/54/Type_Quantum.png/revision/latest?cb=20240609183337,Erudition,https://static.wikia.nocookie.net/houkai-star-rail/images/5/53/Path_Erudition.png/revision/latest?cb=20240417235548,5,,,,,,,,
Jade,https://static.wikia.nocookie.net/houkai-star-rail/images/6/6d/Character_Jade_Splash_Art.png/revision/latest/scale-to-width-down/1000?cb=20240706170539,FuA DPS,"Body CR CD, Boots Atk or Spd, Ring Q Dmg, Rope Atk",Poet of Mourning Collapse,https://static.wikia.nocookie.net/houkai-star-rail/images/8/8d/Item_Poet_of_Mourning_Collapse.png/revision/latest?cb=20250115231118,Izumo Gensei and Takama Divine Realm,https://static.wikia.nocookie.net/houkai-star-rail/images/5/5a/Item_Izumo_Gensei_and_Takama_Divine_Realm.png/revision/latest?cb=20250315152543,Yet Hope Is Priceless,https://static.wikia.nocookie.net/houkai-star-rail/images/5/52/Light_Cone_Yet_Hope_Is_Priceless.png/revision/latest?cb=20240607171006,Jade; The Herta; Sunday; Aventurin,,aaa,Quantum,https://static.wikia.nocookie.net/houkai-star-rail/images/5/54/Type_Quantum.png/revision/latest?cb=20240609183337,Erudition,https://static.wikia.nocookie.net/houkai-star-rail/images/5/53/Path_Erudition.png/revision/latest?cb=20240417235548,5,,,,,,,,
Jade,https://static.wikia.nocookie.net/houkai-star-rail/images/6/6d/Character_Jade_Splash_Art.png/revision/latest/scale-to-width-down/1000?cb=20240706170539,FuA DPS,"Body CR CD, Boots Atk or Spd, Ring Q Dmg, Rope Atk",Poet of Mourning Collapse,https://static.wikia.nocookie.net/houkai-star-rail/images/8/8d/Item_Poet_of_Mourning_Collapse.png/revision/latest?cb=20250115231118,Izumo Gensei and Takama Divine Realm,https://static.wikia.nocookie.net/houkai-star-rail/images/5/5a/Item_Izumo_Gensei_and_Takama_Divine_Realm.png/revision/latest?cb=20250315152543,Yet Hope Is Priceless,https://static.wikia.nocookie.net/houkai-star-rail/images/5/52/Light_Cone_Yet_Hope_Is_Priceless.png/revision/latest?cb=20240607171006,Jade; The Herta; Sunday; Aventurin,,aaa,Quantum,https://static.wikia.nocookie.net/houkai-star-rail/images/5/54/Type_Quantum.png/revision/latest?cb=20240609183337,Erudition,https://static.wikia.nocookie.net/houkai-star-rail/images/5/53/Path_Erudition.png/revision/latest?cb=20240417235548,5,,,,,,,,
Jade,https://static.wikia.nocookie.net/houkai-star-rail/images/6/6d/Character_Jade_Splash_Art.png/revision/latest/scale-to-width-down/1000?cb=20240706170539,FuA DPS,"Body CR CD, Boots Atk or Spd, Ring Q Dmg, Rope Atk",Poet of Mourning Collapse,https://static.wikia.nocookie.net/houkai-star-rail/images/8/8d/Item_Poet_of_Mourning_Collapse.png/revision/latest?cb=20250115231118,Izumo Gensei and Takama Divine Realm,https://static.wikia.nocookie.net/houkai-star-rail/images/5/5a/Item_Izumo_Gensei_and_Takama_Divine_Realm.png/revision/latest?cb=20250315152543,Yet Hope Is Priceless,https://static.wikia.nocookie.net/houkai-star-rail/images/5/52/Light_Cone_Yet_Hope_Is_Priceless.png/revision/latest?cb=20240607171006,Jade; The Herta; Sunday; Aventurin,,aaa,Quantum,https://static.wikia.nocookie.net/houkai-star-rail/images/5/54/Type_Quantum.png/revision/latest?cb=20240609183337,Erudition,https://static.wikia.nocookie.net/houkai-star-rail/images/5/53/Path_Erudition.png/revision/latest?cb=20240417235548,5,,,,,,,,
Jade,https://static.wikia.nocookie.net/houkai-star-rail/images/6/6d/Character_Jade_Splash_Art.png/revision/latest/scale-to-width-down/1000?cb=20240706170539,FuA DPS,"Body CR CD, Boots Atk or Spd, Ring Q Dmg, Rope Atk",Poet of Mourning Collapse,https://static.wikia.nocookie.net/houkai-star-rail/images/8/8d/Item_Poet_of_Mourning_Collapse.png/revision/latest?cb=20250115231118,Izumo Gensei and Takama Divine Realm,https://static.wikia.nocookie.net/houkai-star-rail/images/5/5a/Item_Izumo_Gensei_and_Takama_Divine_Realm.png/revision/latest?cb=20250315152543,Yet Hope Is Priceless,https://static.wikia.nocookie.net/houkai-star-rail/images/5/52/Light_Cone_Yet_Hope_Is_Priceless.png/revision/latest?cb=20240607171006,Jade; The Herta; Sunday; Aventurin,,aaa,Quantum,https://static.wikia.nocookie.net/houkai-star-rail/images/5/54/Type_Quantum.png/revision/latest?cb=20240609183337,Erudition,https://static.wikia.nocookie.net/houkai-star-rail/images/5/53/Path_Erudition.png/revision/latest?cb=20240417235548,5,,,,,,,,
Jiaoqiu,https://static.wikia.nocookie.net/houkai-star-rail/images/b/be/Character_Jiaoqiu_Splash_Art.png/revision/latest/scale-to-width-down/1000?cb=20240911023034,"DoT Sub DPS, Debuffer","Body HER, Boots Speed, Ring Fire Damage or Atk, Rope Energy",Prisoner in Deep Confinement,https://static.wikia.nocookie.net/houkai-star-rail/images/b/b3/Item_Prisoner_in_Deep_Confinement.png/revision/latest?cb=20231115045305,Firmament Frontline: Glamoth,https://static.wikia.nocookie.net/houkai-star-rail/images/f/f7/Item_Firmament_Frontline_Glamoth.png/revision/latest?cb=20231115045308,Those Many Springs,https://static.wikia.nocookie.net/houkai-star-rail/images/4/40/Light_Cone_Those_Many_Springs.png/revision/latest?cb=20240821090652,Jiaoqiu; Acheron; Robin; Fu Huohuo,,He pair well with Acheron,Fire,https://static.wikia.nocookie.net/houkai-star-rail/images/f/f0/Type_Fire.png/revision/latest?cb=20220610120131,Nihility,https://static.wikia.nocookie.net/houkai-star-rail/images/4/45/Path_Nihility.png/revision/latest?cb=20240417235304,5,,,,,,,,
Jiaoqiu,https://static.wikia.nocookie.net/houkai-star-rail/images/b/be/Character_Jiaoqiu_Splash_Art.png/revision/latest/scale-to-width-down/1000?cb=20240911023034,"DoT Sub DPS, Debuffer","Body HER, Boots Speed, Ring Fire Damage or Atk, Rope Energy",Prisoner in Deep Confinement,https://static.wikia.nocookie.net/houkai-star-rail/images/b/b3/Item_Prisoner_in_Deep_Confinement.png/revision/latest?cb=20231115045305,Firmament Frontline: Glamoth,https://static.wikia.nocookie.net/houkai-star-rail/images/f/f7/Item_Firmament_Frontline_Glamoth.png/revision/latest?cb=20231115045308,Those Many Springs,https://static.wikia.nocookie.net/houkai-star-rail/images/4/40/Light_Cone_Those_Many_Springs.png/revision/latest?cb=20240821090652,Jiaoqiu; Acheron; Robin; Fu Huohuo,,"Acheron, Jiaoqiu, Robin, Huohuo
These 3 teams work for MoC or AS.",Fire,https://static.wikia.nocookie.net/houkai-star-rail/images/f/f0/Type_Fire.png/revision/latest?cb=20220610120131,Nihility,https://static.wikia.nocookie.net/houkai-star-rail/images/4/45/Path_Nihility.png/revision/latest?cb=20240417235304,5,,,,,,,,
Jiaoqiu,https://static.wikia.nocookie.net/houkai-star-rail/images/b/be/Character_Jiaoqiu_Splash_Art.png/revision/latest/scale-to-width-down/1000?cb=20240911023034,"DoT Sub DPS, Debuffer","Body HER, Boots Speed, Ring Fire Damage or Atk, Rope Energy",Prisoner in Deep Confinement,https://static.wikia.nocookie.net/houkai-star-rail/images/b/b3/Item_Prisoner_in_Deep_Confinement.png/revision/latest?cb=20231115045305,Firmament Frontline: Glamoth,https://static.wikia.nocookie.net/houkai-star-rail/images/f/f7/Item_Firmament_Frontline_Glamoth.png/revision/latest?cb=20231115045308,Those Many Springs,https://static.wikia.nocookie.net/houkai-star-rail/images/4/40/Light_Cone_Those_Many_Springs.png/revision/latest?cb=20240821090652,Jiaoqiu; Acheron; Robin; Fu Huohuo,,"Jiaoqiu: get that last SPD trace on him. Body is correct but you need it to roll into SPD. Orb is better off as Fire DMG but dont worry much about it, ER rope is most definitely needed. Relic and planar sets are goods Try to superimpose that LC if you have more. Ending stats: 145-160 SPD, 140% EHR.",Fire,https://static.wikia.nocookie.net/houkai-star-rail/images/f/f0/Type_Fire.png/revision/latest?cb=20220610120131,Nihility,https://static.wikia.nocookie.net/houkai-star-rail/images/4/45/Path_Nihility.png/revision/latest?cb=20240417235304,5,,,,,,,,
Jiaoqiu,https://static.wikia.nocookie.net/houkai-star-rail/images/b/be/Character_Jiaoqiu_Splash_Art.png/revision/latest/scale-to-width-down/1000?cb=20240911023034,"DoT Sub DPS, Debuffer","Body HER, Boots Speed, Ring Fire Damage or Atk, Rope Energy",Prisoner in Deep Confinement,https://static.wikia.nocookie.net/houkai-star-rail/images/b/b3/Item_Prisoner_in_Deep_Confinement.png/revision/latest?cb=20231115045305,Firmament Frontline: Glamoth,https://static.wikia.nocookie.net/houkai-star-rail/images/f/f7/Item_Firmament_Frontline_Glamoth.png/revision/latest?cb=20231115045308,Those Many Springs,https://static.wikia.nocookie.net/houkai-star-rail/images/4/40/Light_Cone_Those_Many_Springs.png/revision/latest?cb=20240821090652,Jiaoqiu; Acheron; Robin; Fu Huohuo,,"For Jiaoqiu always go with EHR body because he has a high EHR requirement, you cant get SPD as a main stat on the body but as a substat yes.  
You cant get identical main and sub stats btw and only certain main stats are available for each piece. ",Fire,https://static.wikia.nocookie.net/houkai-star-rail/images/f/f0/Type_Fire.png/revision/latest?cb=20220610120131,Nihility,https://static.wikia.nocookie.net/houkai-star-rail/images/4/45/Path_Nihility.png/revision/latest?cb=20240417235304,5,,,,,,,,
Jiaoqiu,https://static.wikia.nocookie.net/houkai-star-rail/images/b/be/Character_Jiaoqiu_Splash_Art.png/revision/latest/scale-to-width-down/1000?cb=20240911023034,"DoT Sub DPS, Debuffer","Body HER, Boots Speed, Ring Fire Damage or Atk, Rope Energy",Prisoner in Deep Confinement,https://static.wikia.nocookie.net/houkai-star-rail/images/b/b3/Item_Prisoner_in_Deep_Confinement.png/revision/latest?cb=20231115045305,Firmament Frontline: Glamoth,https://static.wikia.nocookie.net/houkai-star-rail/images/f/f7/Item_Firmament_Frontline_Glamoth.png/revision/latest?cb=20231115045308,Resolution Shines As Pearls of Sweat,https://static.wikia.nocookie.net/houkai-star-rail/images/4/40/Light_Cone_Those_Many_Springs.png/revision/latest?cb=20240821090652,Jiaoqiu; Acheron; Robin; Fu Huohuo,,Resolution Shines As Pearls of Sweat is his alt use,Fire,https://static.wikia.nocookie.net/houkai-star-rail/images/f/f0/Type_Fire.png/revision/latest?cb=20220610120131,Nihility,https://static.wikia.nocookie.net/houkai-star-rail/images/4/45/Path_Nihility.png/revision/latest?cb=20240417235304,5,,,,,,,,
Jiaoqiu,https://static.wikia.nocookie.net/houkai-star-rail/images/b/be/Character_Jiaoqiu_Splash_Art.png/revision/latest/scale-to-width-down/1000?cb=20240911023034,"DoT Sub DPS, Debuffer","Body HER, Boots Speed, Ring Fire Damage or Atk, Rope Energy",Prisoner in Deep Confinement,https://static.wikia.nocookie.net/houkai-star-rail/images/b/b3/Item_Prisoner_in_Deep_Confinement.png/revision/latest?cb=20231115045305,Firmament Frontline: Glamoth,https://static.wikia.nocookie.net/houkai-star-rail/images/f/f7/Item_Firmament_Frontline_Glamoth.png/revision/latest?cb=20231115045308,Resolution Shines As Pearls of Sweat,https://static.wikia.nocookie.net/houkai-star-rail/images/4/40/Light_Cone_Those_Many_Springs.png/revision/latest?cb=20240821090652,Jiaoqiu; Acheron; Robin; Fu Huohuo,,Resolution Shines not bad blud,Fire,https://static.wikia.nocookie.net/houkai-star-rail/images/f/f0/Type_Fire.png/revision/latest?cb=20220610120131,Nihility,https://static.wikia.nocookie.net/houkai-star-rail/images/4/45/Path_Nihility.png/revision/latest?cb=20240417235304,5,,,,,,,,
Jiaoqiu,https://static.wikia.nocookie.net/houkai-star-rail/images/b/be/Character_Jiaoqiu_Splash_Art.png/revision/latest/scale-to-width-down/1000?cb=20240911023034,"DoT Sub DPS, Debuffer","Body HER, Boots Speed, Ring Fire Damage or Atk, Rope Energy",Prisoner in Deep Confinement,https://static.wikia.nocookie.net/houkai-star-rail/images/b/b3/Item_Prisoner_in_Deep_Confinement.png/revision/latest?cb=20231115045305,Firmament Frontline: Glamoth,https://static.wikia.nocookie.net/houkai-star-rail/images/f/f7/Item_Firmament_Frontline_Glamoth.png/revision/latest?cb=20231115045308,Resolution Shines As Pearls of Sweat,https://static.wikia.nocookie.net/houkai-star-rail/images/4/40/Light_Cone_Those_Many_Springs.png/revision/latest?cb=20240821090652,Jiaoqiu; Acheron; Robin; Fu Huohuo,,"as usual , reolution lc",Fire,https://static.wikia.nocookie.net/houkai-star-rail/images/f/f0/Type_Fire.png/revision/latest?cb=20220610120131,Nihility,https://static.wikia.nocookie.net/houkai-star-rail/images/4/45/Path_Nihility.png/revision/latest?cb=20240417235304,5,,,,,,,,
Jiaoqiu,https://static.wikia.nocookie.net/houkai-star-rail/images/b/be/Character_Jiaoqiu_Splash_Art.png/revision/latest/scale-to-width-down/1000?cb=20240911023034,"DoT Sub DPS, Debuffer","Body HER, Boots Speed, Ring Fire Damage or Atk, Rope Energy",Prisoner in Deep Confinement,https://static.wikia.nocookie.net/houkai-star-rail/images/b/b3/Item_Prisoner_in_Deep_Confinement.png/revision/latest?cb=20231115045305,Firmament Frontline: Glamoth,https://static.wikia.nocookie.net/houkai-star-rail/images/f/f7/Item_Firmament_Frontline_Glamoth.png/revision/latest?cb=20231115045308,Those Many Springs,https://static.wikia.nocookie.net/houkai-star-rail/images/4/40/Light_Cone_Those_Many_Springs.png/revision/latest?cb=20240821090652,Jiaoqiu; Acheron; Robin; Fu Huohuo,,sign please,Fire,https://static.wikia.nocookie.net/houkai-star-rail/images/f/f0/Type_Fire.png/revision/latest?cb=20220610120131,Nihility,https://static.wikia.nocookie.net/houkai-star-rail/images/4/45/Path_Nihility.png/revision/latest?cb=20240417235304,5,,,,,,,,
Jiaoqiu,https://static.wikia.nocookie.net/houkai-star-rail/images/b/be/Character_Jiaoqiu_Splash_Art.png/revision/latest/scale-to-width-down/1000?cb=20240911023034,"DoT Sub DPS, Debuffer","Body HER, Boots Speed, Ring Fire Damage or Atk, Rope Energy",Prisoner in Deep Confinement,https://static.wikia.nocookie.net/houkai-star-rail/images/b/b3/Item_Prisoner_in_Deep_Confinement.png/revision/latest?cb=20231115045305,Firmament Frontline: Glamoth,https://static.wikia.nocookie.net/houkai-star-rail/images/f/f7/Item_Firmament_Frontline_Glamoth.png/revision/latest?cb=20231115045308,Those Many Springs,https://static.wikia.nocookie.net/houkai-star-rail/images/4/40/Light_Cone_Those_Many_Springs.png/revision/latest?cb=20240821090652,Jiaoqiu; Acheron; Robin; Fu Huohuo,,Jiaoqiu without sign is a bit..,Fire,https://static.wikia.nocookie.net/houkai-star-rail/images/f/f0/Type_Fire.png/revision/latest?cb=20220610120131,Nihility,https://static.wikia.nocookie.net/houkai-star-rail/images/4/45/Path_Nihility.png/revision/latest?cb=20240417235304,5,,,,,,,,
Jiaoqiu,https://static.wikia.nocookie.net/houkai-star-rail/images/b/be/Character_Jiaoqiu_Splash_Art.png/revision/latest/scale-to-width-down/1000?cb=20240911023034,"DoT Sub DPS, Debuffer","Body HER, Boots Speed, Ring Fire Damage or Atk, Rope Energy",Prisoner in Deep Confinement,https://static.wikia.nocookie.net/houkai-star-rail/images/b/b3/Item_Prisoner_in_Deep_Confinement.png/revision/latest?cb=20231115045305,Firmament Frontline: Glamoth,https://static.wikia.nocookie.net/houkai-star-rail/images/f/f7/Item_Firmament_Frontline_Glamoth.png/revision/latest?cb=20231115045308,Those Many Springs,https://static.wikia.nocookie.net/houkai-star-rail/images/4/40/Light_Cone_Those_Many_Springs.png/revision/latest?cb=20240821090652,Jiaoqiu; Acheron; Robin; Fu Huohuo,,He fit with Acheron and Kafka ,Fire,https://static.wikia.nocookie.net/houkai-star-rail/images/f/f0/Type_Fire.png/revision/latest?cb=20220610120131,Nihility,https://static.wikia.nocookie.net/houkai-star-rail/images/4/45/Path_Nihility.png/revision/latest?cb=20240417235304,5,,,,,,,,
Jing Yuan,https://static.wikia.nocookie.net/houkai-star-rail/images/4/48/Character_Jing_Yuan_Splash_Art.png/revision/latest/scale-to-width-down/1000?cb=20230210115809,AoE DPS,"Body CR, Boots Speed, Ring L Dmg, Rope Atk",The Ashblazing Grand Duke,https://static.wikia.nocookie.net/houkai-star-rail/images/3/36/Item_The_Ashblazing_Grand_Duke.png/revision/latest?cb=20231115045301,The Wondrous BananAmusement Park,https://static.wikia.nocookie.net/houkai-star-rail/images/b/b1/Item_The_Wondrous_BananAmusement_Park.png/revision/latest?cb=20240911204116,Baefore Dawn,https://static.wikia.nocookie.net/houkai-star-rail/images/2/26/Light_Cone_Before_Dawn.png/revision/latest?cb=20230719030610,,,aaa,Lightning,https://static.wikia.nocookie.net/houkai-star-rail/images/1/15/Type_Lightning.png/revision/latest?cb=20220610120726,Erudition,https://static.wikia.nocookie.net/houkai-star-rail/images/5/53/Path_Erudition.png/revision/latest?cb=20240417235548,5,,,,,,,,
Jing Yuan,https://static.wikia.nocookie.net/houkai-star-rail/images/4/48/Character_Jing_Yuan_Splash_Art.png/revision/latest/scale-to-width-down/1000?cb=20230210115809,AoE DPS,"Body CR, Boots Speed, Ring L Dmg, Rope Atk",The Ashblazing Grand Duke,https://static.wikia.nocookie.net/houkai-star-rail/images/3/36/Item_The_Ashblazing_Grand_Duke.png/revision/latest?cb=20231115045301,The Wondrous BananAmusement Park,https://static.wikia.nocookie.net/houkai-star-rail/images/b/b1/Item_The_Wondrous_BananAmusement_Park.png/revision/latest?cb=20240911204116,Baefore Dawn,https://static.wikia.nocookie.net/houkai-star-rail/images/2/26/Light_Cone_Before_Dawn.png/revision/latest?cb=20230719030610,,,aaa,Lightning,https://static.wikia.nocookie.net/houkai-star-rail/images/1/15/Type_Lightning.png/revision/latest?cb=20220610120726,Erudition,https://static.wikia.nocookie.net/houkai-star-rail/images/5/53/Path_Erudition.png/revision/latest?cb=20240417235548,5,,,,,,,,
Jing Yuan,https://static.wikia.nocookie.net/houkai-star-rail/images/4/48/Character_Jing_Yuan_Splash_Art.png/revision/latest/scale-to-width-down/1000?cb=20230210115809,AoE DPS,"Body CR, Boots Speed, Ring L Dmg, Rope Atk",The Ashblazing Grand Duke,https://static.wikia.nocookie.net/houkai-star-rail/images/3/36/Item_The_Ashblazing_Grand_Duke.png/revision/latest?cb=20231115045301,The Wondrous BananAmusement Park,https://static.wikia.nocookie.net/houkai-star-rail/images/b/b1/Item_The_Wondrous_BananAmusement_Park.png/revision/latest?cb=20240911204116,Baefore Dawn,https://static.wikia.nocookie.net/houkai-star-rail/images/2/26/Light_Cone_Before_Dawn.png/revision/latest?cb=20230719030610,,,aaa,Lightning,https://static.wikia.nocookie.net/houkai-star-rail/images/1/15/Type_Lightning.png/revision/latest?cb=20220610120726,Erudition,https://static.wikia.nocookie.net/houkai-star-rail/images/5/53/Path_Erudition.png/revision/latest?cb=20240417235548,5,,,,,,,,
Jing Yuan,https://static.wikia.nocookie.net/houkai-star-rail/images/4/48/Character_Jing_Yuan_Splash_Art.png/revision/latest/scale-to-width-down/1000?cb=20230210115809,AoE DPS,"Body CR, Boots Speed, Ring L Dmg, Rope Atk",The Ashblazing Grand Duke,https://static.wikia.nocookie.net/houkai-star-rail/images/3/36/Item_The_Ashblazing_Grand_Duke.png/revision/latest?cb=20231115045301,The Wondrous BananAmusement Park,https://static.wikia.nocookie.net/houkai-star-rail/images/b/b1/Item_The_Wondrous_BananAmusement_Park.png/revision/latest?cb=20240911204116,Baefore Dawn,https://static.wikia.nocookie.net/houkai-star-rail/images/2/26/Light_Cone_Before_Dawn.png/revision/latest?cb=20230719030610,,,aaa,Lightning,https://static.wikia.nocookie.net/houkai-star-rail/images/1/15/Type_Lightning.png/revision/latest?cb=20220610120726,Erudition,https://static.wikia.nocookie.net/houkai-star-rail/images/5/53/Path_Erudition.png/revision/latest?cb=20240417235548,5,,,,,,,,
Jing Yuan,https://static.wikia.nocookie.net/houkai-star-rail/images/4/48/Character_Jing_Yuan_Splash_Art.png/revision/latest/scale-to-width-down/1000?cb=20230210115809,AoE DPS,"Body CR, Boots Speed, Ring L Dmg, Rope Atk",The Ashblazing Grand Duke,https://static.wikia.nocookie.net/houkai-star-rail/images/3/36/Item_The_Ashblazing_Grand_Duke.png/revision/latest?cb=20231115045301,The Wondrous BananAmusement Park,https://static.wikia.nocookie.net/houkai-star-rail/images/b/b1/Item_The_Wondrous_BananAmusement_Park.png/revision/latest?cb=20240911204116,Baefore Dawn,https://static.wikia.nocookie.net/houkai-star-rail/images/2/26/Light_Cone_Before_Dawn.png/revision/latest?cb=20230719030610,,,aaa,Lightning,https://static.wikia.nocookie.net/houkai-star-rail/images/1/15/Type_Lightning.png/revision/latest?cb=20220610120726,Erudition,https://static.wikia.nocookie.net/houkai-star-rail/images/5/53/Path_Erudition.png/revision/latest?cb=20240417235548,5,,,,,,,,
Jing Yuan,https://static.wikia.nocookie.net/houkai-star-rail/images/4/48/Character_Jing_Yuan_Splash_Art.png/revision/latest/scale-to-width-down/1000?cb=20230210115809,AoE DPS,"Body CR, Boots Speed, Ring L Dmg, Rope Atk",The Ashblazing Grand Duke,https://static.wikia.nocookie.net/houkai-star-rail/images/3/36/Item_The_Ashblazing_Grand_Duke.png/revision/latest?cb=20231115045301,The Wondrous BananAmusement Park,https://static.wikia.nocookie.net/houkai-star-rail/images/b/b1/Item_The_Wondrous_BananAmusement_Park.png/revision/latest?cb=20240911204116,Baefore Dawn,https://static.wikia.nocookie.net/houkai-star-rail/images/2/26/Light_Cone_Before_Dawn.png/revision/latest?cb=20230719030610,,,aaa,Lightning,https://static.wikia.nocookie.net/houkai-star-rail/images/1/15/Type_Lightning.png/revision/latest?cb=20220610120726,Erudition,https://static.wikia.nocookie.net/houkai-star-rail/images/5/53/Path_Erudition.png/revision/latest?cb=20240417235548,5,,,,,,,,
Jing Yuan,https://static.wikia.nocookie.net/houkai-star-rail/images/4/48/Character_Jing_Yuan_Splash_Art.png/revision/latest/scale-to-width-down/1000?cb=20230210115809,AoE DPS,"Body CR, Boots Speed, Ring L Dmg, Rope Atk",The Ashblazing Grand Duke,https://static.wikia.nocookie.net/houkai-star-rail/images/3/36/Item_The_Ashblazing_Grand_Duke.png/revision/latest?cb=20231115045301,The Wondrous BananAmusement Park,https://static.wikia.nocookie.net/houkai-star-rail/images/b/b1/Item_The_Wondrous_BananAmusement_Park.png/revision/latest?cb=20240911204116,Baefore Dawn,https://static.wikia.nocookie.net/houkai-star-rail/images/2/26/Light_Cone_Before_Dawn.png/revision/latest?cb=20230719030610,,,aaa,Lightning,https://static.wikia.nocookie.net/houkai-star-rail/images/1/15/Type_Lightning.png/revision/latest?cb=20220610120726,Erudition,https://static.wikia.nocookie.net/houkai-star-rail/images/5/53/Path_Erudition.png/revision/latest?cb=20240417235548,5,,,,,,,,
Jing Yuan,https://static.wikia.nocookie.net/houkai-star-rail/images/4/48/Character_Jing_Yuan_Splash_Art.png/revision/latest/scale-to-width-down/1000?cb=20230210115809,AoE DPS,"Body CR, Boots Speed, Ring L Dmg, Rope Atk",The Ashblazing Grand Duke,https://static.wikia.nocookie.net/houkai-star-rail/images/3/36/Item_The_Ashblazing_Grand_Duke.png/revision/latest?cb=20231115045301,The Wondrous BananAmusement Park,https://static.wikia.nocookie.net/houkai-star-rail/images/b/b1/Item_The_Wondrous_BananAmusement_Park.png/revision/latest?cb=20240911204116,Baefore Dawn,https://static.wikia.nocookie.net/houkai-star-rail/images/2/26/Light_Cone_Before_Dawn.png/revision/latest?cb=20230719030610,,,aaa,Lightning,https://static.wikia.nocookie.net/houkai-star-rail/images/1/15/Type_Lightning.png/revision/latest?cb=20220610120726,Erudition,https://static.wikia.nocookie.net/houkai-star-rail/images/5/53/Path_Erudition.png/revision/latest?cb=20240417235548,5,,,,,,,,
Jing Yuan,https://static.wikia.nocookie.net/houkai-star-rail/images/4/48/Character_Jing_Yuan_Splash_Art.png/revision/latest/scale-to-width-down/1000?cb=20230210115809,AoE DPS,"Body CR, Boots Speed, Ring L Dmg, Rope Atk",The Ashblazing Grand Duke,https://static.wikia.nocookie.net/houkai-star-rail/images/3/36/Item_The_Ashblazing_Grand_Duke.png/revision/latest?cb=20231115045301,The Wondrous BananAmusement Park,https://static.wikia.nocookie.net/houkai-star-rail/images/b/b1/Item_The_Wondrous_BananAmusement_Park.png/revision/latest?cb=20240911204116,Baefore Dawn,https://static.wikia.nocookie.net/houkai-star-rail/images/2/26/Light_Cone_Before_Dawn.png/revision/latest?cb=20230719030610,,,aaa,Lightning,https://static.wikia.nocookie.net/houkai-star-rail/images/1/15/Type_Lightning.png/revision/latest?cb=20220610120726,Erudition,https://static.wikia.nocookie.net/houkai-star-rail/images/5/53/Path_Erudition.png/revision/latest?cb=20240417235548,5,,,,,,,,
Jing Yuan,https://static.wikia.nocookie.net/houkai-star-rail/images/4/48/Character_Jing_Yuan_Splash_Art.png/revision/latest/scale-to-width-down/1000?cb=20230210115809,AoE DPS,"Body CR, Boots Speed, Ring L Dmg, Rope Atk",The Ashblazing Grand Duke,https://static.wikia.nocookie.net/houkai-star-rail/images/3/36/Item_The_Ashblazing_Grand_Duke.png/revision/latest?cb=20231115045301,The Wondrous BananAmusement Park,https://static.wikia.nocookie.net/houkai-star-rail/images/b/b1/Item_The_Wondrous_BananAmusement_Park.png/revision/latest?cb=20240911204116,Baefore Dawn,https://static.wikia.nocookie.net/houkai-star-rail/images/2/26/Light_Cone_Before_Dawn.png/revision/latest?cb=20230719030610,,,aaa,Lightning,https://static.wikia.nocookie.net/houkai-star-rail/images/1/15/Type_Lightning.png/revision/latest?cb=20220610120726,Erudition,https://static.wikia.nocookie.net/houkai-star-rail/images/5/53/Path_Erudition.png/revision/latest?cb=20240417235548,5,,,,,,,,
Lingsha,https://static.wikia.nocookie.net/houkai-star-rail/images/c/c1/Character_Lingsha_Splash_Art.png/revision/latest/scale-to-width-down/1000?cb=20241120224130,"AoE Healer, Break Effect Debuffer","Body Outgoing Healing, Boots Speed, Ring Atk, Rope Energy",Longevous Disciple,https://static.wikia.nocookie.net/houkai-star-rail/images/4/4a/Item_Longevous_Disciple.png/revision/latest?cb=20230810043643,Forge of the Kalpagni Lantern,https://static.wikia.nocookie.net/houkai-star-rail/images/b/bb/Item_Forge_of_the_Kalpagni_Lantern.png/revision/latest?cb=20240621030153,Scent Alone Stays True,https://static.wikia.nocookie.net/houkai-star-rail/images/e/eb/Light_Cone_Scent_Alone_Stays_True.png/revision/latest?cb=20241002192322,,,aaa,Fire,https://static.wikia.nocookie.net/houkai-star-rail/images/f/f0/Type_Fire.png/revision/latest?cb=20220610120131,Abundance,https://static.wikia.nocookie.net/houkai-star-rail/images/9/94/Path_Abundance.png/revision/latest?cb=20240417235352,5,,,,,,,,
Lingsha,https://static.wikia.nocookie.net/houkai-star-rail/images/c/c1/Character_Lingsha_Splash_Art.png/revision/latest/scale-to-width-down/1000?cb=20241120224130,"AoE Healer, Break Effect Debuffer","Body Outgoing Healing, Boots Speed, Ring Atk, Rope Energy",Longevous Disciple,https://static.wikia.nocookie.net/houkai-star-rail/images/4/4a/Item_Longevous_Disciple.png/revision/latest?cb=20230810043643,Forge of the Kalpagni Lantern,https://static.wikia.nocookie.net/houkai-star-rail/images/b/bb/Item_Forge_of_the_Kalpagni_Lantern.png/revision/latest?cb=20240621030153,Scent Alone Stays True,https://static.wikia.nocookie.net/houkai-star-rail/images/e/eb/Light_Cone_Scent_Alone_Stays_True.png/revision/latest?cb=20241002192322,,,aaa,Fire,https://static.wikia.nocookie.net/houkai-star-rail/images/f/f0/Type_Fire.png/revision/latest?cb=20220610120131,Abundance,https://static.wikia.nocookie.net/houkai-star-rail/images/9/94/Path_Abundance.png/revision/latest?cb=20240417235352,5,,,,,,,,
Lingsha,https://static.wikia.nocookie.net/houkai-star-rail/images/c/c1/Character_Lingsha_Splash_Art.png/revision/latest/scale-to-width-down/1000?cb=20241120224130,"AoE Healer, Break Effect Debuffer","Body Outgoing Healing, Boots Speed, Ring Atk, Rope Energy",Longevous Disciple,https://static.wikia.nocookie.net/houkai-star-rail/images/4/4a/Item_Longevous_Disciple.png/revision/latest?cb=20230810043643,Forge of the Kalpagni Lantern,https://static.wikia.nocookie.net/houkai-star-rail/images/b/bb/Item_Forge_of_the_Kalpagni_Lantern.png/revision/latest?cb=20240621030153,Scent Alone Stays True,https://static.wikia.nocookie.net/houkai-star-rail/images/e/eb/Light_Cone_Scent_Alone_Stays_True.png/revision/latest?cb=20241002192322,,,aaa,Fire,https://static.wikia.nocookie.net/houkai-star-rail/images/f/f0/Type_Fire.png/revision/latest?cb=20220610120131,Abundance,https://static.wikia.nocookie.net/houkai-star-rail/images/9/94/Path_Abundance.png/revision/latest?cb=20240417235352,5,,,,,,,,
Lingsha,https://static.wikia.nocookie.net/houkai-star-rail/images/c/c1/Character_Lingsha_Splash_Art.png/revision/latest/scale-to-width-down/1000?cb=20241120224130,"AoE Healer, Break Effect Debuffer","Body Outgoing Healing, Boots Speed, Ring Atk, Rope Energy",Longevous Disciple,https://static.wikia.nocookie.net/houkai-star-rail/images/4/4a/Item_Longevous_Disciple.png/revision/latest?cb=20230810043643,Forge of the Kalpagni Lantern,https://static.wikia.nocookie.net/houkai-star-rail/images/b/bb/Item_Forge_of_the_Kalpagni_Lantern.png/revision/latest?cb=20240621030153,Scent Alone Stays True,https://static.wikia.nocookie.net/houkai-star-rail/images/e/eb/Light_Cone_Scent_Alone_Stays_True.png/revision/latest?cb=20241002192322,,,aaa,Fire,https://static.wikia.nocookie.net/houkai-star-rail/images/f/f0/Type_Fire.png/revision/latest?cb=20220610120131,Abundance,https://static.wikia.nocookie.net/houkai-star-rail/images/9/94/Path_Abundance.png/revision/latest?cb=20240417235352,5,,,,,,,,
Lingsha,https://static.wikia.nocookie.net/houkai-star-rail/images/c/c1/Character_Lingsha_Splash_Art.png/revision/latest/scale-to-width-down/1000?cb=20241120224130,"AoE Healer, Break Effect Debuffer","Body Outgoing Healing, Boots Speed, Ring Atk, Rope Energy",Longevous Disciple,https://static.wikia.nocookie.net/houkai-star-rail/images/4/4a/Item_Longevous_Disciple.png/revision/latest?cb=20230810043643,Forge of the Kalpagni Lantern,https://static.wikia.nocookie.net/houkai-star-rail/images/b/bb/Item_Forge_of_the_Kalpagni_Lantern.png/revision/latest?cb=20240621030153,Scent Alone Stays True,https://static.wikia.nocookie.net/houkai-star-rail/images/e/eb/Light_Cone_Scent_Alone_Stays_True.png/revision/latest?cb=20241002192322,,,aaa,Fire,https://static.wikia.nocookie.net/houkai-star-rail/images/f/f0/Type_Fire.png/revision/latest?cb=20220610120131,Abundance,https://static.wikia.nocookie.net/houkai-star-rail/images/9/94/Path_Abundance.png/revision/latest?cb=20240417235352,5,,,,,,,,
Lingsha,https://static.wikia.nocookie.net/houkai-star-rail/images/c/c1/Character_Lingsha_Splash_Art.png/revision/latest/scale-to-width-down/1000?cb=20241120224130,"AoE Healer, Break Effect Debuffer","Body Outgoing Healing, Boots Speed, Ring Atk, Rope Energy",Longevous Disciple,https://static.wikia.nocookie.net/houkai-star-rail/images/4/4a/Item_Longevous_Disciple.png/revision/latest?cb=20230810043643,Forge of the Kalpagni Lantern,https://static.wikia.nocookie.net/houkai-star-rail/images/b/bb/Item_Forge_of_the_Kalpagni_Lantern.png/revision/latest?cb=20240621030153,Scent Alone Stays True,https://static.wikia.nocookie.net/houkai-star-rail/images/e/eb/Light_Cone_Scent_Alone_Stays_True.png/revision/latest?cb=20241002192322,,,aaa,Fire,https://static.wikia.nocookie.net/houkai-star-rail/images/f/f0/Type_Fire.png/revision/latest?cb=20220610120131,Abundance,https://static.wikia.nocookie.net/houkai-star-rail/images/9/94/Path_Abundance.png/revision/latest?cb=20240417235352,5,,,,,,,,
Lingsha,https://static.wikia.nocookie.net/houkai-star-rail/images/c/c1/Character_Lingsha_Splash_Art.png/revision/latest/scale-to-width-down/1000?cb=20241120224130,"AoE Healer, Break Effect Debuffer","Body Outgoing Healing, Boots Speed, Ring Atk, Rope Energy",Longevous Disciple,https://static.wikia.nocookie.net/houkai-star-rail/images/4/4a/Item_Longevous_Disciple.png/revision/latest?cb=20230810043643,Forge of the Kalpagni Lantern,https://static.wikia.nocookie.net/houkai-star-rail/images/b/bb/Item_Forge_of_the_Kalpagni_Lantern.png/revision/latest?cb=20240621030153,Scent Alone Stays True,https://static.wikia.nocookie.net/houkai-star-rail/images/e/eb/Light_Cone_Scent_Alone_Stays_True.png/revision/latest?cb=20241002192322,,,aaa,Fire,https://static.wikia.nocookie.net/houkai-star-rail/images/f/f0/Type_Fire.png/revision/latest?cb=20220610120131,Abundance,https://static.wikia.nocookie.net/houkai-star-rail/images/9/94/Path_Abundance.png/revision/latest?cb=20240417235352,5,,,,,,,,
Lingsha,https://static.wikia.nocookie.net/houkai-star-rail/images/c/c1/Character_Lingsha_Splash_Art.png/revision/latest/scale-to-width-down/1000?cb=20241120224130,"AoE Healer, Break Effect Debuffer","Body Outgoing Healing, Boots Speed, Ring Atk, Rope Energy",Longevous Disciple,https://static.wikia.nocookie.net/houkai-star-rail/images/4/4a/Item_Longevous_Disciple.png/revision/latest?cb=20230810043643,Forge of the Kalpagni Lantern,https://static.wikia.nocookie.net/houkai-star-rail/images/b/bb/Item_Forge_of_the_Kalpagni_Lantern.png/revision/latest?cb=20240621030153,Scent Alone Stays True,https://static.wikia.nocookie.net/houkai-star-rail/images/e/eb/Light_Cone_Scent_Alone_Stays_True.png/revision/latest?cb=20241002192322,,,aaa,Fire,https://static.wikia.nocookie.net/houkai-star-rail/images/f/f0/Type_Fire.png/revision/latest?cb=20220610120131,Abundance,https://static.wikia.nocookie.net/houkai-star-rail/images/9/94/Path_Abundance.png/revision/latest?cb=20240417235352,5,,,,,,,,
Lingsha,https://static.wikia.nocookie.net/houkai-star-rail/images/c/c1/Character_Lingsha_Splash_Art.png/revision/latest/scale-to-width-down/1000?cb=20241120224130,"AoE Healer, Break Effect Debuffer","Body Outgoing Healing, Boots Speed, Ring Atk, Rope Energy",Longevous Disciple,https://static.wikia.nocookie.net/houkai-star-rail/images/4/4a/Item_Longevous_Disciple.png/revision/latest?cb=20230810043643,Forge of the Kalpagni Lantern,https://static.wikia.nocookie.net/houkai-star-rail/images/b/bb/Item_Forge_of_the_Kalpagni_Lantern.png/revision/latest?cb=20240621030153,Scent Alone Stays True,https://static.wikia.nocookie.net/houkai-star-rail/images/e/eb/Light_Cone_Scent_Alone_Stays_True.png/revision/latest?cb=20241002192322,,,aaa,Fire,https://static.wikia.nocookie.net/houkai-star-rail/images/f/f0/Type_Fire.png/revision/latest?cb=20220610120131,Abundance,https://static.wikia.nocookie.net/houkai-star-rail/images/9/94/Path_Abundance.png/revision/latest?cb=20240417235352,5,,,,,,,,
Lingsha,https://static.wikia.nocookie.net/houkai-star-rail/images/c/c1/Character_Lingsha_Splash_Art.png/revision/latest/scale-to-width-down/1000?cb=20241120224130,"AoE Healer, Break Effect Debuffer","Body Outgoing Healing, Boots Speed, Ring Atk, Rope Energy",Longevous Disciple,https://static.wikia.nocookie.net/houkai-star-rail/images/4/4a/Item_Longevous_Disciple.png/revision/latest?cb=20230810043643,Forge of the Kalpagni Lantern,https://static.wikia.nocookie.net/houkai-star-rail/images/b/bb/Item_Forge_of_the_Kalpagni_Lantern.png/revision/latest?cb=20240621030153,Scent Alone Stays True,https://static.wikia.nocookie.net/houkai-star-rail/images/e/eb/Light_Cone_Scent_Alone_Stays_True.png/revision/latest?cb=20241002192322,,,aaa,Fire,https://static.wikia.nocookie.net/houkai-star-rail/images/f/f0/Type_Fire.png/revision/latest?cb=20220610120131,Abundance,https://static.wikia.nocookie.net/houkai-star-rail/images/9/94/Path_Abundance.png/revision/latest?cb=20240417235352,5,,,,,,,,
Luocha,https://static.wikia.nocookie.net/houkai-star-rail/images/a/a5/Character_Luocha_Splash_Art.png/revision/latest/scale-to-width-down/1000?cb=20230628091054,"AoE Healer, Single Healer, Atk Support, Break Effect Sub-DPS",,Messenger Traversing Hackerspace (4pc),https://static.wikia.nocookie.net/houkai-star-rail/images/a/ac/Item_Messenger_Traversing_Hackerspace.png/revision/latest?cb=20230810043745,Broken Keel,https://static.wikia.nocookie.net/houkai-star-rail/images/0/00/Item_Broken_Keel.png/revision/latest?cb=20230810042610,Echoes of the Coffin,https://static.wikia.nocookie.net/houkai-star-rail/images/c/c0/Light_Cone_Echoes_of_the_Coffin.png/revision/latest?cb=20230719030554,Any DPS,,aaa,Imaginary,https://static.wikia.nocookie.net/houkai-star-rail/images/2/2f/Type_Imaginary.png/revision/latest?cb=20220610120517,Abundance,https://static.wikia.nocookie.net/houkai-star-rail/images/9/94/Path_Abundance.png/revision/latest?cb=20240417235352,5,,,,,,,,
Luocha,https://static.wikia.nocookie.net/houkai-star-rail/images/a/a5/Character_Luocha_Splash_Art.png/revision/latest/scale-to-width-down/1000?cb=20230628091054,"AoE Healer, Single Healer, Atk Support, Break Effect Sub-DPS",,Messenger Traversing Hackerspace (4pc),https://static.wikia.nocookie.net/houkai-star-rail/images/a/ac/Item_Messenger_Traversing_Hackerspace.png/revision/latest?cb=20230810043745,Broken Keel,https://static.wikia.nocookie.net/houkai-star-rail/images/0/00/Item_Broken_Keel.png/revision/latest?cb=20230810042610,Echoes of the Coffin,https://static.wikia.nocookie.net/houkai-star-rail/images/c/c0/Light_Cone_Echoes_of_the_Coffin.png/revision/latest?cb=20230719030554,Any DPS,,aaa,Imaginary,https://static.wikia.nocookie.net/houkai-star-rail/images/2/2f/Type_Imaginary.png/revision/latest?cb=20220610120517,Abundance,https://static.wikia.nocookie.net/houkai-star-rail/images/9/94/Path_Abundance.png/revision/latest?cb=20240417235352,5,,,,,,,,
Luocha,https://static.wikia.nocookie.net/houkai-star-rail/images/a/a5/Character_Luocha_Splash_Art.png/revision/latest/scale-to-width-down/1000?cb=20230628091054,"AoE Healer, Single Healer, Atk Support, Break Effect Sub-DPS",,Messenger Traversing Hackerspace (4pc),https://static.wikia.nocookie.net/houkai-star-rail/images/a/ac/Item_Messenger_Traversing_Hackerspace.png/revision/latest?cb=20230810043745,Broken Keel,https://static.wikia.nocookie.net/houkai-star-rail/images/0/00/Item_Broken_Keel.png/revision/latest?cb=20230810042610,Echoes of the Coffin,https://static.wikia.nocookie.net/houkai-star-rail/images/c/c0/Light_Cone_Echoes_of_the_Coffin.png/revision/latest?cb=20230719030554,Any DPS,,aaa,Imaginary,https://static.wikia.nocookie.net/houkai-star-rail/images/2/2f/Type_Imaginary.png/revision/latest?cb=20220610120517,Abundance,https://static.wikia.nocookie.net/houkai-star-rail/images/9/94/Path_Abundance.png/revision/latest?cb=20240417235352,5,,,,,,,,
Luocha,https://static.wikia.nocookie.net/houkai-star-rail/images/a/a5/Character_Luocha_Splash_Art.png/revision/latest/scale-to-width-down/1000?cb=20230628091054,"AoE Healer, Single Healer, Atk Support, Break Effect Sub-DPS",,Messenger Traversing Hackerspace (4pc),https://static.wikia.nocookie.net/houkai-star-rail/images/a/ac/Item_Messenger_Traversing_Hackerspace.png/revision/latest?cb=20230810043745,Broken Keel,https://static.wikia.nocookie.net/houkai-star-rail/images/0/00/Item_Broken_Keel.png/revision/latest?cb=20230810042610,Echoes of the Coffin,https://static.wikia.nocookie.net/houkai-star-rail/images/c/c0/Light_Cone_Echoes_of_the_Coffin.png/revision/latest?cb=20230719030554,Any DPS,,aaa,Imaginary,https://static.wikia.nocookie.net/houkai-star-rail/images/2/2f/Type_Imaginary.png/revision/latest?cb=20220610120517,Abundance,https://static.wikia.nocookie.net/houkai-star-rail/images/9/94/Path_Abundance.png/revision/latest?cb=20240417235352,5,,,,,,,,
Luocha,https://static.wikia.nocookie.net/houkai-star-rail/images/a/a5/Character_Luocha_Splash_Art.png/revision/latest/scale-to-width-down/1000?cb=20230628091054,"AoE Healer, Single Healer, Atk Support, Break Effect Sub-DPS",,Messenger Traversing Hackerspace (4pc),https://static.wikia.nocookie.net/houkai-star-rail/images/a/ac/Item_Messenger_Traversing_Hackerspace.png/revision/latest?cb=20230810043745,Broken Keel,https://static.wikia.nocookie.net/houkai-star-rail/images/0/00/Item_Broken_Keel.png/revision/latest?cb=20230810042610,Echoes of the Coffin,https://static.wikia.nocookie.net/houkai-star-rail/images/c/c0/Light_Cone_Echoes_of_the_Coffin.png/revision/latest?cb=20230719030554,Any DPS,,aaa,Imaginary,https://static.wikia.nocookie.net/houkai-star-rail/images/2/2f/Type_Imaginary.png/revision/latest?cb=20220610120517,Abundance,https://static.wikia.nocookie.net/houkai-star-rail/images/9/94/Path_Abundance.png/revision/latest?cb=20240417235352,5,,,,,,,,
Luocha,https://static.wikia.nocookie.net/houkai-star-rail/images/a/a5/Character_Luocha_Splash_Art.png/revision/latest/scale-to-width-down/1000?cb=20230628091054,"AoE Healer, Single Healer, Atk Support, Break Effect Sub-DPS",,Messenger Traversing Hackerspace (4pc),https://static.wikia.nocookie.net/houkai-star-rail/images/a/ac/Item_Messenger_Traversing_Hackerspace.png/revision/latest?cb=20230810043745,Broken Keel,https://static.wikia.nocookie.net/houkai-star-rail/images/0/00/Item_Broken_Keel.png/revision/latest?cb=20230810042610,Echoes of the Coffin,https://static.wikia.nocookie.net/houkai-star-rail/images/c/c0/Light_Cone_Echoes_of_the_Coffin.png/revision/latest?cb=20230719030554,Any DPS,,aaa,Imaginary,https://static.wikia.nocookie.net/houkai-star-rail/images/2/2f/Type_Imaginary.png/revision/latest?cb=20220610120517,Abundance,https://static.wikia.nocookie.net/houkai-star-rail/images/9/94/Path_Abundance.png/revision/latest?cb=20240417235352,5,,,,,,,,
Luocha,https://static.wikia.nocookie.net/houkai-star-rail/images/a/a5/Character_Luocha_Splash_Art.png/revision/latest/scale-to-width-down/1000?cb=20230628091054,"AoE Healer, Single Healer, Atk Support, Break Effect Sub-DPS",,Messenger Traversing Hackerspace (4pc),https://static.wikia.nocookie.net/houkai-star-rail/images/a/ac/Item_Messenger_Traversing_Hackerspace.png/revision/latest?cb=20230810043745,Broken Keel,https://static.wikia.nocookie.net/houkai-star-rail/images/0/00/Item_Broken_Keel.png/revision/latest?cb=20230810042610,Echoes of the Coffin,https://static.wikia.nocookie.net/houkai-star-rail/images/c/c0/Light_Cone_Echoes_of_the_Coffin.png/revision/latest?cb=20230719030554,Any DPS,,aaa,Imaginary,https://static.wikia.nocookie.net/houkai-star-rail/images/2/2f/Type_Imaginary.png/revision/latest?cb=20220610120517,Abundance,https://static.wikia.nocookie.net/houkai-star-rail/images/9/94/Path_Abundance.png/revision/latest?cb=20240417235352,5,,,,,,,,
Luocha,https://static.wikia.nocookie.net/houkai-star-rail/images/a/a5/Character_Luocha_Splash_Art.png/revision/latest/scale-to-width-down/1000?cb=20230628091054,"AoE Healer, Single Healer, Atk Support, Break Effect Sub-DPS",,Messenger Traversing Hackerspace (4pc),https://static.wikia.nocookie.net/houkai-star-rail/images/a/ac/Item_Messenger_Traversing_Hackerspace.png/revision/latest?cb=20230810043745,Broken Keel,https://static.wikia.nocookie.net/houkai-star-rail/images/0/00/Item_Broken_Keel.png/revision/latest?cb=20230810042610,Echoes of the Coffin,https://static.wikia.nocookie.net/houkai-star-rail/images/c/c0/Light_Cone_Echoes_of_the_Coffin.png/revision/latest?cb=20230719030554,Any DPS,,aaa,Imaginary,https://static.wikia.nocookie.net/houkai-star-rail/images/2/2f/Type_Imaginary.png/revision/latest?cb=20220610120517,Abundance,https://static.wikia.nocookie.net/houkai-star-rail/images/9/94/Path_Abundance.png/revision/latest?cb=20240417235352,5,,,,,,,,
Luocha,https://static.wikia.nocookie.net/houkai-star-rail/images/a/a5/Character_Luocha_Splash_Art.png/revision/latest/scale-to-width-down/1000?cb=20230628091054,"AoE Healer, Single Healer, Atk Support, Break Effect Sub-DPS",,Messenger Traversing Hackerspace (4pc),https://static.wikia.nocookie.net/houkai-star-rail/images/a/ac/Item_Messenger_Traversing_Hackerspace.png/revision/latest?cb=20230810043745,Broken Keel,https://static.wikia.nocookie.net/houkai-star-rail/images/0/00/Item_Broken_Keel.png/revision/latest?cb=20230810042610,Echoes of the Coffin,https://static.wikia.nocookie.net/houkai-star-rail/images/c/c0/Light_Cone_Echoes_of_the_Coffin.png/revision/latest?cb=20230719030554,Any DPS,,aaa,Imaginary,https://static.wikia.nocookie.net/houkai-star-rail/images/2/2f/Type_Imaginary.png/revision/latest?cb=20220610120517,Abundance,https://static.wikia.nocookie.net/houkai-star-rail/images/9/94/Path_Abundance.png/revision/latest?cb=20240417235352,5,,,,,,,,
Luocha,https://static.wikia.nocookie.net/houkai-star-rail/images/a/a5/Character_Luocha_Splash_Art.png/revision/latest/scale-to-width-down/1000?cb=20230628091054,"AoE Healer, Single Healer, Atk Support, Break Effect Sub-DPS",,Messenger Traversing Hackerspace (4pc),https://static.wikia.nocookie.net/houkai-star-rail/images/a/ac/Item_Messenger_Traversing_Hackerspace.png/revision/latest?cb=20230810043745,Broken Keel,https://static.wikia.nocookie.net/houkai-star-rail/images/0/00/Item_Broken_Keel.png/revision/latest?cb=20230810042610,Echoes of the Coffin,https://static.wikia.nocookie.net/houkai-star-rail/images/c/c0/Light_Cone_Echoes_of_the_Coffin.png/revision/latest?cb=20230719030554,Any DPS,,aaa,Imaginary,https://static.wikia.nocookie.net/houkai-star-rail/images/2/2f/Type_Imaginary.png/revision/latest?cb=20220610120517,Abundance,https://static.wikia.nocookie.net/houkai-star-rail/images/9/94/Path_Abundance.png/revision/latest?cb=20240417235352,5,,,,,,,,
Mydei,https://static.wikia.nocookie.net/houkai-star-rail/images/6/67/Character_Mydei_Splash_Art.png/revision/latest/scale-to-width-down/1000?cb=20250226132305,HP Scaling DPS,"Body HP, Boots Speed HP, Ring HP, Rope HP",,,,,"Flame of Blood, Blaze My Path",https://static.wikia.nocookie.net/houkai-star-rail/images/3/37/Light_Cone_Flame_of_Blood%2C_Blaze_My_Path.png/revision/latest?cb=20250226133127,Mydei; Tribbie; Sunday; Luocha,,aaa,Fire,https://static.wikia.nocookie.net/houkai-star-rail/images/f/f0/Type_Fire.png/revision/latest?cb=20220610120131,Destruction,https://static.wikia.nocookie.net/houkai-star-rail/images/d/df/Path_Destruction.png/revision/latest?cb=20240417234659,5,,,,,,,,
Mydei,https://static.wikia.nocookie.net/houkai-star-rail/images/6/67/Character_Mydei_Splash_Art.png/revision/latest/scale-to-width-down/1000?cb=20250226132305,HP Scaling DPS,"Body HP, Boots Speed HP, Ring HP, Rope HP",,,,,"Flame of Blood, Blaze My Path",https://static.wikia.nocookie.net/houkai-star-rail/images/3/37/Light_Cone_Flame_of_Blood%2C_Blaze_My_Path.png/revision/latest?cb=20250226133127,Mydei; Tribbie; Sunday; Luocha,,aaa,Fire,https://static.wikia.nocookie.net/houkai-star-rail/images/f/f0/Type_Fire.png/revision/latest?cb=20220610120131,Destruction,https://static.wikia.nocookie.net/houkai-star-rail/images/d/df/Path_Destruction.png/revision/latest?cb=20240417234659,5,,,,,,,,
Mydei,https://static.wikia.nocookie.net/houkai-star-rail/images/6/67/Character_Mydei_Splash_Art.png/revision/latest/scale-to-width-down/1000?cb=20250226132305,HP Scaling DPS,"Body HP, Boots Speed HP, Ring HP, Rope HP",,,,,"Flame of Blood, Blaze My Path",https://static.wikia.nocookie.net/houkai-star-rail/images/3/37/Light_Cone_Flame_of_Blood%2C_Blaze_My_Path.png/revision/latest?cb=20250226133127,Mydei; Tribbie; Sunday; Luocha,,aaa,Fire,https://static.wikia.nocookie.net/houkai-star-rail/images/f/f0/Type_Fire.png/revision/latest?cb=20220610120131,Destruction,https://static.wikia.nocookie.net/houkai-star-rail/images/d/df/Path_Destruction.png/revision/latest?cb=20240417234659,5,,,,,,,,
Mydei,https://static.wikia.nocookie.net/houkai-star-rail/images/6/67/Character_Mydei_Splash_Art.png/revision/latest/scale-to-width-down/1000?cb=20250226132305,HP Scaling DPS,"Body HP, Boots Speed HP, Ring HP, Rope HP",,,,,"Flame of Blood, Blaze My Path",https://static.wikia.nocookie.net/houkai-star-rail/images/3/37/Light_Cone_Flame_of_Blood%2C_Blaze_My_Path.png/revision/latest?cb=20250226133127,Mydei; Tribbie; Sunday; Luocha,,aaa,Fire,https://static.wikia.nocookie.net/houkai-star-rail/images/f/f0/Type_Fire.png/revision/latest?cb=20220610120131,Destruction,https://static.wikia.nocookie.net/houkai-star-rail/images/d/df/Path_Destruction.png/revision/latest?cb=20240417234659,5,,,,,,,,
Mydei,https://static.wikia.nocookie.net/houkai-star-rail/images/6/67/Character_Mydei_Splash_Art.png/revision/latest/scale-to-width-down/1000?cb=20250226132305,HP Scaling DPS,"Body HP, Boots Speed HP, Ring HP, Rope HP",,,,,"Flame of Blood, Blaze My Path",https://static.wikia.nocookie.net/houkai-star-rail/images/3/37/Light_Cone_Flame_of_Blood%2C_Blaze_My_Path.png/revision/latest?cb=20250226133127,Mydei; Tribbie; Sunday; Luocha,,aaa,Fire,https://static.wikia.nocookie.net/houkai-star-rail/images/f/f0/Type_Fire.png/revision/latest?cb=20220610120131,Destruction,https://static.wikia.nocookie.net/houkai-star-rail/images/d/df/Path_Destruction.png/revision/latest?cb=20240417234659,5,,,,,,,,
Mydei,https://static.wikia.nocookie.net/houkai-star-rail/images/6/67/Character_Mydei_Splash_Art.png/revision/latest/scale-to-width-down/1000?cb=20250226132305,HP Scaling DPS,"Body HP, Boots Speed HP, Ring HP, Rope HP",,,,,"Flame of Blood, Blaze My Path",https://static.wikia.nocookie.net/houkai-star-rail/images/3/37/Light_Cone_Flame_of_Blood%2C_Blaze_My_Path.png/revision/latest?cb=20250226133127,Mydei; Tribbie; Sunday; Luocha,,aaa,Fire,https://static.wikia.nocookie.net/houkai-star-rail/images/f/f0/Type_Fire.png/revision/latest?cb=20220610120131,Destruction,https://static.wikia.nocookie.net/houkai-star-rail/images/d/df/Path_Destruction.png/revision/latest?cb=20240417234659,5,,,,,,,,
Mydei,https://static.wikia.nocookie.net/houkai-star-rail/images/6/67/Character_Mydei_Splash_Art.png/revision/latest/scale-to-width-down/1000?cb=20250226132305,HP Scaling DPS,"Body HP, Boots Speed HP, Ring HP, Rope HP",,,,,"Flame of Blood, Blaze My Path",https://static.wikia.nocookie.net/houkai-star-rail/images/3/37/Light_Cone_Flame_of_Blood%2C_Blaze_My_Path.png/revision/latest?cb=20250226133127,Mydei; Tribbie; Sunday; Luocha,,aaa,Fire,https://static.wikia.nocookie.net/houkai-star-rail/images/f/f0/Type_Fire.png/revision/latest?cb=20220610120131,Destruction,https://static.wikia.nocookie.net/houkai-star-rail/images/d/df/Path_Destruction.png/revision/latest?cb=20240417234659,5,,,,,,,,
Mydei,https://static.wikia.nocookie.net/houkai-star-rail/images/6/67/Character_Mydei_Splash_Art.png/revision/latest/scale-to-width-down/1000?cb=20250226132305,HP Scaling DPS,"Body HP, Boots Speed HP, Ring HP, Rope HP",,,,,"Flame of Blood, Blaze My Path",https://static.wikia.nocookie.net/houkai-star-rail/images/3/37/Light_Cone_Flame_of_Blood%2C_Blaze_My_Path.png/revision/latest?cb=20250226133127,Mydei; Tribbie; Sunday; Luocha,,aaa,Fire,https://static.wikia.nocookie.net/houkai-star-rail/images/f/f0/Type_Fire.png/revision/latest?cb=20220610120131,Destruction,https://static.wikia.nocookie.net/houkai-star-rail/images/d/df/Path_Destruction.png/revision/latest?cb=20240417234659,5,,,,,,,,
Mydei,https://static.wikia.nocookie.net/houkai-star-rail/images/6/67/Character_Mydei_Splash_Art.png/revision/latest/scale-to-width-down/1000?cb=20250226132305,HP Scaling DPS,"Body HP, Boots Speed HP, Ring HP, Rope HP",,,,,"Flame of Blood, Blaze My Path",https://static.wikia.nocookie.net/houkai-star-rail/images/3/37/Light_Cone_Flame_of_Blood%2C_Blaze_My_Path.png/revision/latest?cb=20250226133127,Mydei; Tribbie; Sunday; Luocha,,aaa,Fire,https://static.wikia.nocookie.net/houkai-star-rail/images/f/f0/Type_Fire.png/revision/latest?cb=20220610120131,Destruction,https://static.wikia.nocookie.net/houkai-star-rail/images/d/df/Path_Destruction.png/revision/latest?cb=20240417234659,5,,,,,,,,
Mydei,https://static.wikia.nocookie.net/houkai-star-rail/images/6/67/Character_Mydei_Splash_Art.png/revision/latest/scale-to-width-down/1000?cb=20250226132305,HP Scaling DPS,"Body HP, Boots Speed HP, Ring HP, Rope HP",,,,,"Flame of Blood, Blaze My Path",https://static.wikia.nocookie.net/houkai-star-rail/images/3/37/Light_Cone_Flame_of_Blood%2C_Blaze_My_Path.png/revision/latest?cb=20250226133127,Mydei; Tribbie; Sunday; Luocha,,aaa,Fire,https://static.wikia.nocookie.net/houkai-star-rail/images/f/f0/Type_Fire.png/revision/latest?cb=20220610120131,Destruction,https://static.wikia.nocookie.net/houkai-star-rail/images/d/df/Path_Destruction.png/revision/latest?cb=20240417234659,5,,,,,,,,
Rappa,https://static.wikia.nocookie.net/houkai-star-rail/images/1/1c/Character_Rappa_Splash_Art.png/revision/latest/scale-to-width-down/1000?cb=20241120154734,Break-centric AoE DPS,,,,,,Ninjutsu Inscription: Dazzling Evilbreaker,https://static.wikia.nocookie.net/houkai-star-rail/images/a/ac/Light_Cone_Ninjutsu_Inscription_Dazzling_Evilbreaker.png/revision/latest?cb=20241025210738,,,"You can pick up Argenti, Jade, or Rappa so you have more variety to cover weaknesses for PF. Since weakness and buffs change very often its hard to really make a particular team.",Imaginary,https://static.wikia.nocookie.net/houkai-star-rail/images/2/2f/Type_Imaginary.png/revision/latest?cb=20220610120517,Erudition,https://static.wikia.nocookie.net/houkai-star-rail/images/5/53/Path_Erudition.png/revision/latest?cb=20240417235548,5,,,,,,,,
Rappa,https://static.wikia.nocookie.net/houkai-star-rail/images/1/1c/Character_Rappa_Splash_Art.png/revision/latest/scale-to-width-down/1000?cb=20241120154734,Break-centric AoE DPS,,,,,,Ninjutsu Inscription: Dazzling Evilbreaker,https://static.wikia.nocookie.net/houkai-star-rail/images/a/ac/Light_Cone_Ninjutsu_Inscription_Dazzling_Evilbreaker.png/revision/latest?cb=20241025210738,,,aaa,Imaginary,https://static.wikia.nocookie.net/houkai-star-rail/images/2/2f/Type_Imaginary.png/revision/latest?cb=20220610120517,Erudition,https://static.wikia.nocookie.net/houkai-star-rail/images/5/53/Path_Erudition.png/revision/latest?cb=20240417235548,5,,,,,,,,
Rappa,https://static.wikia.nocookie.net/houkai-star-rail/images/1/1c/Character_Rappa_Splash_Art.png/revision/latest/scale-to-width-down/1000?cb=20241120154734,Break-centric AoE DPS,,,,,,Ninjutsu Inscription: Dazzling Evilbreaker,https://static.wikia.nocookie.net/houkai-star-rail/images/a/ac/Light_Cone_Ninjutsu_Inscription_Dazzling_Evilbreaker.png/revision/latest?cb=20241025210738,,,aaa,Imaginary,https://static.wikia.nocookie.net/houkai-star-rail/images/2/2f/Type_Imaginary.png/revision/latest?cb=20220610120517,Erudition,https://static.wikia.nocookie.net/houkai-star-rail/images/5/53/Path_Erudition.png/revision/latest?cb=20240417235548,5,,,,,,,,
Rappa,https://static.wikia.nocookie.net/houkai-star-rail/images/1/1c/Character_Rappa_Splash_Art.png/revision/latest/scale-to-width-down/1000?cb=20241120154734,Break-centric AoE DPS,,,,,,Ninjutsu Inscription: Dazzling Evilbreaker,https://static.wikia.nocookie.net/houkai-star-rail/images/a/ac/Light_Cone_Ninjutsu_Inscription_Dazzling_Evilbreaker.png/revision/latest?cb=20241025210738,,,aaa,Imaginary,https://static.wikia.nocookie.net/houkai-star-rail/images/2/2f/Type_Imaginary.png/revision/latest?cb=20220610120517,Erudition,https://static.wikia.nocookie.net/houkai-star-rail/images/5/53/Path_Erudition.png/revision/latest?cb=20240417235548,5,,,,,,,,
Rappa,https://static.wikia.nocookie.net/houkai-star-rail/images/1/1c/Character_Rappa_Splash_Art.png/revision/latest/scale-to-width-down/1000?cb=20241120154734,Break-centric AoE DPS,,,,,,Ninjutsu Inscription: Dazzling Evilbreaker,https://static.wikia.nocookie.net/houkai-star-rail/images/a/ac/Light_Cone_Ninjutsu_Inscription_Dazzling_Evilbreaker.png/revision/latest?cb=20241025210738,,,aaa,Imaginary,https://static.wikia.nocookie.net/houkai-star-rail/images/2/2f/Type_Imaginary.png/revision/latest?cb=20220610120517,Erudition,https://static.wikia.nocookie.net/houkai-star-rail/images/5/53/Path_Erudition.png/revision/latest?cb=20240417235548,5,,,,,,,,
Rappa,https://static.wikia.nocookie.net/houkai-star-rail/images/1/1c/Character_Rappa_Splash_Art.png/revision/latest/scale-to-width-down/1000?cb=20241120154734,Break-centric AoE DPS,,,,,,Ninjutsu Inscription: Dazzling Evilbreaker,https://static.wikia.nocookie.net/houkai-star-rail/images/a/ac/Light_Cone_Ninjutsu_Inscription_Dazzling_Evilbreaker.png/revision/latest?cb=20241025210738,,,aaa,Imaginary,https://static.wikia.nocookie.net/houkai-star-rail/images/2/2f/Type_Imaginary.png/revision/latest?cb=20220610120517,Erudition,https://static.wikia.nocookie.net/houkai-star-rail/images/5/53/Path_Erudition.png/revision/latest?cb=20240417235548,5,,,,,,,,
Rappa,https://static.wikia.nocookie.net/houkai-star-rail/images/1/1c/Character_Rappa_Splash_Art.png/revision/latest/scale-to-width-down/1000?cb=20241120154734,Break-centric AoE DPS,,,,,,Ninjutsu Inscription: Dazzling Evilbreaker,https://static.wikia.nocookie.net/houkai-star-rail/images/a/ac/Light_Cone_Ninjutsu_Inscription_Dazzling_Evilbreaker.png/revision/latest?cb=20241025210738,,,aaa,Imaginary,https://static.wikia.nocookie.net/houkai-star-rail/images/2/2f/Type_Imaginary.png/revision/latest?cb=20220610120517,Erudition,https://static.wikia.nocookie.net/houkai-star-rail/images/5/53/Path_Erudition.png/revision/latest?cb=20240417235548,5,,,,,,,,
Rappa,https://static.wikia.nocookie.net/houkai-star-rail/images/1/1c/Character_Rappa_Splash_Art.png/revision/latest/scale-to-width-down/1000?cb=20241120154734,Break-centric AoE DPS,,,,,,Ninjutsu Inscription: Dazzling Evilbreaker,https://static.wikia.nocookie.net/houkai-star-rail/images/a/ac/Light_Cone_Ninjutsu_Inscription_Dazzling_Evilbreaker.png/revision/latest?cb=20241025210738,,,aaa,Imaginary,https://static.wikia.nocookie.net/houkai-star-rail/images/2/2f/Type_Imaginary.png/revision/latest?cb=20220610120517,Erudition,https://static.wikia.nocookie.net/houkai-star-rail/images/5/53/Path_Erudition.png/revision/latest?cb=20240417235548,5,,,,,,,,
Rappa,https://static.wikia.nocookie.net/houkai-star-rail/images/1/1c/Character_Rappa_Splash_Art.png/revision/latest/scale-to-width-down/1000?cb=20241120154734,Break-centric AoE DPS,,,,,,Ninjutsu Inscription: Dazzling Evilbreaker,https://static.wikia.nocookie.net/houkai-star-rail/images/a/ac/Light_Cone_Ninjutsu_Inscription_Dazzling_Evilbreaker.png/revision/latest?cb=20241025210738,,,aaa,Imaginary,https://static.wikia.nocookie.net/houkai-star-rail/images/2/2f/Type_Imaginary.png/revision/latest?cb=20220610120517,Erudition,https://static.wikia.nocookie.net/houkai-star-rail/images/5/53/Path_Erudition.png/revision/latest?cb=20240417235548,5,,,,,,,,
Rappa,https://static.wikia.nocookie.net/houkai-star-rail/images/1/1c/Character_Rappa_Splash_Art.png/revision/latest/scale-to-width-down/1000?cb=20241120154734,Break-centric AoE DPS,,,,,,Ninjutsu Inscription: Dazzling Evilbreaker,https://static.wikia.nocookie.net/houkai-star-rail/images/a/ac/Light_Cone_Ninjutsu_Inscription_Dazzling_Evilbreaker.png/revision/latest?cb=20241025210738,,,aaa,Imaginary,https://static.wikia.nocookie.net/houkai-star-rail/images/2/2f/Type_Imaginary.png/revision/latest?cb=20220610120517,Erudition,https://static.wikia.nocookie.net/houkai-star-rail/images/5/53/Path_Erudition.png/revision/latest?cb=20240417235548,5,,,,,,,,
Robin,https://static.wikia.nocookie.net/houkai-star-rail/images/9/92/Character_Robin_Splash_Art.png/revision/latest/scale-to-width-down/1000?cb=20240508021256,"Universal Support, Atk Scaling Booster, Turn Manipulator",,,,,,Flowing Nightglow,https://static.wikia.nocookie.net/houkai-star-rail/images/f/f2/Light_Cone_Flowing_Nightglow.png/revision/latest?cb=20240508030636,,,"I would consider picking up Robin and Ruan Mei since it looks like you dont have any of the limited supports. You dont need Lingsha since Gallagher works well and its more important to pick up Robin for your roster, on a rerun you can pick up Lingsha or another sustain of your choice.",Physical,https://static.wikia.nocookie.net/houkai-star-rail/images/6/69/Type_Physical.png/revision/latest?cb=20220610120901,Harmony,https://static.wikia.nocookie.net/houkai-star-rail/images/7/7e/Path_Harmony.png/revision/latest?cb=20240417235441,5,,,,,,,,
Robin,https://static.wikia.nocookie.net/houkai-star-rail/images/9/92/Character_Robin_Splash_Art.png/revision/latest/scale-to-width-down/1000?cb=20240508021256,"Universal Support, Atk Scaling Booster, Turn Manipulator",,,,,,Flowing Nightglow,https://static.wikia.nocookie.net/houkai-star-rail/images/f/f2/Light_Cone_Flowing_Nightglow.png/revision/latest?cb=20240508030636,,,"Robin? I heard she works best in follow up damage team especially with topaz, ratio and aventurine, I dont know how would she fit in other teams. ",Physical,https://static.wikia.nocookie.net/houkai-star-rail/images/6/69/Type_Physical.png/revision/latest?cb=20220610120901,Harmony,https://static.wikia.nocookie.net/houkai-star-rail/images/7/7e/Path_Harmony.png/revision/latest?cb=20240417235441,5,,,,,,,,
Robin,https://static.wikia.nocookie.net/houkai-star-rail/images/9/92/Character_Robin_Splash_Art.png/revision/latest/scale-to-width-down/1000?cb=20240508021256,"Universal Support, Atk Scaling Booster, Turn Manipulator",,,,,,Flowing Nightglow,https://static.wikia.nocookie.net/houkai-star-rail/images/f/f2/Light_Cone_Flowing_Nightglow.png/revision/latest?cb=20240508030636,,,"Robin is an incredibly universal support and cuts cycles down by a lot for endgame, not just used in only FuA teams. Shes amazing with Acheron, DH, Argenti, DoT, and obviously as you said FuA. ",Physical,https://static.wikia.nocookie.net/houkai-star-rail/images/6/69/Type_Physical.png/revision/latest?cb=20220610120901,Harmony,https://static.wikia.nocookie.net/houkai-star-rail/images/7/7e/Path_Harmony.png/revision/latest?cb=20240417235441,5,,,,,,,,
Robin,https://static.wikia.nocookie.net/houkai-star-rail/images/9/92/Character_Robin_Splash_Art.png/revision/latest/scale-to-width-down/1000?cb=20240508021256,"Universal Support, Atk Scaling Booster, Turn Manipulator",,,,,,Flowing Nightglow,https://static.wikia.nocookie.net/houkai-star-rail/images/f/f2/Light_Cone_Flowing_Nightglow.png/revision/latest?cb=20240508030636,,,"ok I will be prioritizing robin over lingsha ^^, I thought getting lingsha will help me put her into blade and jingliu team or other team where I will be focusing on dealing major damage rather than healing.",Physical,https://static.wikia.nocookie.net/houkai-star-rail/images/6/69/Type_Physical.png/revision/latest?cb=20220610120901,Harmony,https://static.wikia.nocookie.net/houkai-star-rail/images/7/7e/Path_Harmony.png/revision/latest?cb=20240417235441,5,,,,,,,,
Robin,https://static.wikia.nocookie.net/houkai-star-rail/images/9/92/Character_Robin_Splash_Art.png/revision/latest/scale-to-width-down/1000?cb=20240508021256,"Universal Support, Atk Scaling Booster, Turn Manipulator",,,,,,Flowing Nightglow,https://static.wikia.nocookie.net/houkai-star-rail/images/f/f2/Light_Cone_Flowing_Nightglow.png/revision/latest?cb=20240508030636,,," 2pc ATK 2pc ATK and Vonwaq or Lushaka for planar. She doesnt need a lot of SPD but get at least 120-134 from subs. Then as close to 4k ATK as you can get, that LC is good if you dont have a spare Bronya LC to give her. ",Physical,https://static.wikia.nocookie.net/houkai-star-rail/images/6/69/Type_Physical.png/revision/latest?cb=20220610120901,Harmony,https://static.wikia.nocookie.net/houkai-star-rail/images/7/7e/Path_Harmony.png/revision/latest?cb=20240417235441,5,,,Bronya:,Vonwaq or Lushaka for planar,,,,
Robin,https://static.wikia.nocookie.net/houkai-star-rail/images/9/92/Character_Robin_Splash_Art.png/revision/latest/scale-to-width-down/1000?cb=20240508021256,"Universal Support, Atk Scaling Booster, Turn Manipulator",,,,,,Flowing Nightglow,https://static.wikia.nocookie.net/houkai-star-rail/images/f/f2/Light_Cone_Flowing_Nightglow.png/revision/latest?cb=20240508030636,,,So you use one harmony limited character ( Robin I think ) + clara + herta + one tank or healer? Good job on getting 40k points ^^,Physical,https://static.wikia.nocookie.net/houkai-star-rail/images/6/69/Type_Physical.png/revision/latest?cb=20220610120901,Harmony,https://static.wikia.nocookie.net/houkai-star-rail/images/7/7e/Path_Harmony.png/revision/latest?cb=20240417235441,5,,,Planar,,,,,
Robin,https://static.wikia.nocookie.net/houkai-star-rail/images/9/92/Character_Robin_Splash_Art.png/revision/latest/scale-to-width-down/1000?cb=20240508021256,"Universal Support, Atk Scaling Booster, Turn Manipulator",,,,,,Flowing Nightglow,https://static.wikia.nocookie.net/houkai-star-rail/images/f/f2/Light_Cone_Flowing_Nightglow.png/revision/latest?cb=20240508030636,,,aaa,Physical,https://static.wikia.nocookie.net/houkai-star-rail/images/6/69/Type_Physical.png/revision/latest?cb=20220610120901,Harmony,https://static.wikia.nocookie.net/houkai-star-rail/images/7/7e/Path_Harmony.png/revision/latest?cb=20240417235441,5,,,,,,,,
Robin,https://static.wikia.nocookie.net/houkai-star-rail/images/9/92/Character_Robin_Splash_Art.png/revision/latest/scale-to-width-down/1000?cb=20240508021256,"Universal Support, Atk Scaling Booster, Turn Manipulator",,,,,,Flowing Nightglow,https://static.wikia.nocookie.net/houkai-star-rail/images/f/f2/Light_Cone_Flowing_Nightglow.png/revision/latest?cb=20240508030636,,,aaa,Physical,https://static.wikia.nocookie.net/houkai-star-rail/images/6/69/Type_Physical.png/revision/latest?cb=20220610120901,Harmony,https://static.wikia.nocookie.net/houkai-star-rail/images/7/7e/Path_Harmony.png/revision/latest?cb=20240417235441,5,,,,,,,,
Robin,https://static.wikia.nocookie.net/houkai-star-rail/images/9/92/Character_Robin_Splash_Art.png/revision/latest/scale-to-width-down/1000?cb=20240508021256,"Universal Support, Atk Scaling Booster, Turn Manipulator",,,,,,Flowing Nightglow,https://static.wikia.nocookie.net/houkai-star-rail/images/f/f2/Light_Cone_Flowing_Nightglow.png/revision/latest?cb=20240508030636,,,aaa,Physical,https://static.wikia.nocookie.net/houkai-star-rail/images/6/69/Type_Physical.png/revision/latest?cb=20220610120901,Harmony,https://static.wikia.nocookie.net/houkai-star-rail/images/7/7e/Path_Harmony.png/revision/latest?cb=20240417235441,5,,,,,,,,
Robin,https://static.wikia.nocookie.net/houkai-star-rail/images/9/92/Character_Robin_Splash_Art.png/revision/latest/scale-to-width-down/1000?cb=20240508021256,"Universal Support, Atk Scaling Booster, Turn Manipulator",,,,,,Flowing Nightglow,https://static.wikia.nocookie.net/houkai-star-rail/images/f/f2/Light_Cone_Flowing_Nightglow.png/revision/latest?cb=20240508030636,,,aaa,Physical,https://static.wikia.nocookie.net/houkai-star-rail/images/6/69/Type_Physical.png/revision/latest?cb=20220610120901,Harmony,https://static.wikia.nocookie.net/houkai-star-rail/images/7/7e/Path_Harmony.png/revision/latest?cb=20240417235441,5,,,,,,,,
Ruan Mei,https://static.wikia.nocookie.net/houkai-star-rail/images/d/d5/Character_Ruan_Mei_Splash_Art.png/revision/latest/scale-to-width-down/1000?cb=20231227021137,"All-type RES PEN booster, Break Effect Booster, Damage Booster",,,,,,,,,,"I would consider picking up Robin and Ruan Mei since it looks like you dont have any of the limited supports. You dont need Lingsha since Gallagher works well and its more important to pick up Robin for your roster, on a rerun you can pick up Lingsha or another sustain of your choice.",Ice,https://static.wikia.nocookie.net/houkai-star-rail/images/3/35/Type_Ice.png/revision/latest?cb=20220610120329,Harmony,https://static.wikia.nocookie.net/houkai-star-rail/images/7/7e/Path_Harmony.png/revision/latest?cb=20240417235441,5,,,,,,,,
Ruan Mei,https://static.wikia.nocookie.net/houkai-star-rail/images/d/d5/Character_Ruan_Mei_Splash_Art.png/revision/latest/scale-to-width-down/1000?cb=20231227021137,"All-type RES PEN booster, Break Effect Booster, Damage Booster",,,,,,,,,,aaa,Ice,https://static.wikia.nocookie.net/houkai-star-rail/images/3/35/Type_Ice.png/revision/latest?cb=20220610120329,Harmony,https://static.wikia.nocookie.net/houkai-star-rail/images/7/7e/Path_Harmony.png/revision/latest?cb=20240417235441,5,,,,,,,,
Ruan Mei,https://static.wikia.nocookie.net/houkai-star-rail/images/d/d5/Character_Ruan_Mei_Splash_Art.png/revision/latest/scale-to-width-down/1000?cb=20231227021137,"All-type RES PEN booster, Break Effect Booster, Damage Booster",,,,,,,,,,aaa,Ice,https://static.wikia.nocookie.net/houkai-star-rail/images/3/35/Type_Ice.png/revision/latest?cb=20220610120329,Harmony,https://static.wikia.nocookie.net/houkai-star-rail/images/7/7e/Path_Harmony.png/revision/latest?cb=20240417235441,5,,,,,,,,
Ruan Mei,https://static.wikia.nocookie.net/houkai-star-rail/images/d/d5/Character_Ruan_Mei_Splash_Art.png/revision/latest/scale-to-width-down/1000?cb=20231227021137,"All-type RES PEN booster, Break Effect Booster, Damage Booster",,,,,,,,,,aaa,Ice,https://static.wikia.nocookie.net/houkai-star-rail/images/3/35/Type_Ice.png/revision/latest?cb=20220610120329,Harmony,https://static.wikia.nocookie.net/houkai-star-rail/images/7/7e/Path_Harmony.png/revision/latest?cb=20240417235441,5,,,,,,,,
Ruan Mei,https://static.wikia.nocookie.net/houkai-star-rail/images/d/d5/Character_Ruan_Mei_Splash_Art.png/revision/latest/scale-to-width-down/1000?cb=20231227021137,"All-type RES PEN booster, Break Effect Booster, Damage Booster",,,,,,,,,,aaa,Ice,https://static.wikia.nocookie.net/houkai-star-rail/images/3/35/Type_Ice.png/revision/latest?cb=20220610120329,Harmony,https://static.wikia.nocookie.net/houkai-star-rail/images/7/7e/Path_Harmony.png/revision/latest?cb=20240417235441,5,,,,,,,,
Ruan Mei,https://static.wikia.nocookie.net/houkai-star-rail/images/d/d5/Character_Ruan_Mei_Splash_Art.png/revision/latest/scale-to-width-down/1000?cb=20231227021137,"All-type RES PEN booster, Break Effect Booster, Damage Booster",,,,,,,,,,aaa,Ice,https://static.wikia.nocookie.net/houkai-star-rail/images/3/35/Type_Ice.png/revision/latest?cb=20220610120329,Harmony,https://static.wikia.nocookie.net/houkai-star-rail/images/7/7e/Path_Harmony.png/revision/latest?cb=20240417235441,5,,,,,,,,
Ruan Mei,https://static.wikia.nocookie.net/houkai-star-rail/images/d/d5/Character_Ruan_Mei_Splash_Art.png/revision/latest/scale-to-width-down/1000?cb=20231227021137,"All-type RES PEN booster, Break Effect Booster, Damage Booster",,,,,,,,,,aaa,Ice,https://static.wikia.nocookie.net/houkai-star-rail/images/3/35/Type_Ice.png/revision/latest?cb=20220610120329,Harmony,https://static.wikia.nocookie.net/houkai-star-rail/images/7/7e/Path_Harmony.png/revision/latest?cb=20240417235441,5,,,,,,,,
Ruan Mei,https://static.wikia.nocookie.net/houkai-star-rail/images/d/d5/Character_Ruan_Mei_Splash_Art.png/revision/latest/scale-to-width-down/1000?cb=20231227021137,"All-type RES PEN booster, Break Effect Booster, Damage Booster",,,,,,,,,,aaa,Ice,https://static.wikia.nocookie.net/houkai-star-rail/images/3/35/Type_Ice.png/revision/latest?cb=20220610120329,Harmony,https://static.wikia.nocookie.net/houkai-star-rail/images/7/7e/Path_Harmony.png/revision/latest?cb=20240417235441,5,,,,,,,,
Ruan Mei,https://static.wikia.nocookie.net/houkai-star-rail/images/d/d5/Character_Ruan_Mei_Splash_Art.png/revision/latest/scale-to-width-down/1000?cb=20231227021137,"All-type RES PEN booster, Break Effect Booster, Damage Booster",,,,,,,,,,aaa,Ice,https://static.wikia.nocookie.net/houkai-star-rail/images/3/35/Type_Ice.png/revision/latest?cb=20220610120329,Harmony,https://static.wikia.nocookie.net/houkai-star-rail/images/7/7e/Path_Harmony.png/revision/latest?cb=20240417235441,5,,,,,,,,
Ruan Mei,https://static.wikia.nocookie.net/houkai-star-rail/images/d/d5/Character_Ruan_Mei_Splash_Art.png/revision/latest/scale-to-width-down/1000?cb=20231227021137,"All-type RES PEN booster, Break Effect Booster, Damage Booster",,,,,,,,,,aaa,Ice,https://static.wikia.nocookie.net/houkai-star-rail/images/3/35/Type_Ice.png/revision/latest?cb=20220610120329,Harmony,https://static.wikia.nocookie.net/houkai-star-rail/images/7/7e/Path_Harmony.png/revision/latest?cb=20240417235441,5,,,,,,,,
Seele,https://static.wikia.nocookie.net/houkai-star-rail/images/5/58/Character_Seele_Splash_Art.png/revision/latest/scale-to-width-down/1000?cb=20240121123334,Turn Manipulator DPS,,,,,,,,Fu Xuan; Silver Wolf; Seele; Sparkle,,"As for teams shes (Robin )the best support for all FuA characters so Ratio, Topaz, Fei, etc. She also fits in very well into other teams like DoT or regular hypercarry teams like Seele/DHIL",Quantum,https://static.wikia.nocookie.net/houkai-star-rail/images/5/54/Type_Quantum.png/revision/latest?cb=20240609183337,The Hunt,https://static.wikia.nocookie.net/houkai-star-rail/images/1/1c/Path_The_Hunt.png/revision/latest?cb=20240417235336,5,,,,,,,,
Seele,https://static.wikia.nocookie.net/houkai-star-rail/images/5/58/Character_Seele_Splash_Art.png/revision/latest/scale-to-width-down/1000?cb=20240121123334,Turn Manipulator DPS,,,,,,,,Fu Xuan; Silver Wolf; Seele; Sparkle,,aaa,Quantum,https://static.wikia.nocookie.net/houkai-star-rail/images/5/54/Type_Quantum.png/revision/latest?cb=20240609183337,The Hunt,https://static.wikia.nocookie.net/houkai-star-rail/images/1/1c/Path_The_Hunt.png/revision/latest?cb=20240417235336,5,,,,,,,,
Seele,https://static.wikia.nocookie.net/houkai-star-rail/images/5/58/Character_Seele_Splash_Art.png/revision/latest/scale-to-width-down/1000?cb=20240121123334,Turn Manipulator DPS,,,,,,,,Fu Xuan; Silver Wolf; Seele; Sparkle,,aaa,Quantum,https://static.wikia.nocookie.net/houkai-star-rail/images/5/54/Type_Quantum.png/revision/latest?cb=20240609183337,The Hunt,https://static.wikia.nocookie.net/houkai-star-rail/images/1/1c/Path_The_Hunt.png/revision/latest?cb=20240417235336,5,,,,,,,,
Seele,https://static.wikia.nocookie.net/houkai-star-rail/images/5/58/Character_Seele_Splash_Art.png/revision/latest/scale-to-width-down/1000?cb=20240121123334,Turn Manipulator DPS,,,,,,,,Fu Xuan; Silver Wolf; Seele; Sparkle,,aaa,Quantum,https://static.wikia.nocookie.net/houkai-star-rail/images/5/54/Type_Quantum.png/revision/latest?cb=20240609183337,The Hunt,https://static.wikia.nocookie.net/houkai-star-rail/images/1/1c/Path_The_Hunt.png/revision/latest?cb=20240417235336,5,,,,,,,,
Seele,https://static.wikia.nocookie.net/houkai-star-rail/images/5/58/Character_Seele_Splash_Art.png/revision/latest/scale-to-width-down/1000?cb=20240121123334,Turn Manipulator DPS,,,,,,,,Fu Xuan; Silver Wolf; Seele; Sparkle,,aaa,Quantum,https://static.wikia.nocookie.net/houkai-star-rail/images/5/54/Type_Quantum.png/revision/latest?cb=20240609183337,The Hunt,https://static.wikia.nocookie.net/houkai-star-rail/images/1/1c/Path_The_Hunt.png/revision/latest?cb=20240417235336,5,,,,,,,,
Seele,https://static.wikia.nocookie.net/houkai-star-rail/images/5/58/Character_Seele_Splash_Art.png/revision/latest/scale-to-width-down/1000?cb=20240121123334,Turn Manipulator DPS,,,,,,,,Fu Xuan; Silver Wolf; Seele; Sparkle,,aaa,Quantum,https://static.wikia.nocookie.net/houkai-star-rail/images/5/54/Type_Quantum.png/revision/latest?cb=20240609183337,The Hunt,https://static.wikia.nocookie.net/houkai-star-rail/images/1/1c/Path_The_Hunt.png/revision/latest?cb=20240417235336,5,,,,,,,,
Seele,https://static.wikia.nocookie.net/houkai-star-rail/images/5/58/Character_Seele_Splash_Art.png/revision/latest/scale-to-width-down/1000?cb=20240121123334,Turn Manipulator DPS,,,,,,,,Fu Xuan; Silver Wolf; Seele; Sparkle,,aaa,Quantum,https://static.wikia.nocookie.net/houkai-star-rail/images/5/54/Type_Quantum.png/revision/latest?cb=20240609183337,The Hunt,https://static.wikia.nocookie.net/houkai-star-rail/images/1/1c/Path_The_Hunt.png/revision/latest?cb=20240417235336,5,,,,,,,,
Seele,https://static.wikia.nocookie.net/houkai-star-rail/images/5/58/Character_Seele_Splash_Art.png/revision/latest/scale-to-width-down/1000?cb=20240121123334,Turn Manipulator DPS,,,,,,,,Fu Xuan; Silver Wolf; Seele; Sparkle,,aaa,Quantum,https://static.wikia.nocookie.net/houkai-star-rail/images/5/54/Type_Quantum.png/revision/latest?cb=20240609183337,The Hunt,https://static.wikia.nocookie.net/houkai-star-rail/images/1/1c/Path_The_Hunt.png/revision/latest?cb=20240417235336,5,,,,,,,,
Seele,https://static.wikia.nocookie.net/houkai-star-rail/images/5/58/Character_Seele_Splash_Art.png/revision/latest/scale-to-width-down/1000?cb=20240121123334,Turn Manipulator DPS,,,,,,,,Fu Xuan; Silver Wolf; Seele; Sparkle,,aaa,Quantum,https://static.wikia.nocookie.net/houkai-star-rail/images/5/54/Type_Quantum.png/revision/latest?cb=20240609183337,The Hunt,https://static.wikia.nocookie.net/houkai-star-rail/images/1/1c/Path_The_Hunt.png/revision/latest?cb=20240417235336,5,,,,,,,,
Seele,https://static.wikia.nocookie.net/houkai-star-rail/images/5/58/Character_Seele_Splash_Art.png/revision/latest/scale-to-width-down/1000?cb=20240121123334,Turn Manipulator DPS,,,,,,,,Fu Xuan; Silver Wolf; Seele; Sparkle,,aaa,Quantum,https://static.wikia.nocookie.net/houkai-star-rail/images/5/54/Type_Quantum.png/revision/latest?cb=20240609183337,The Hunt,https://static.wikia.nocookie.net/houkai-star-rail/images/1/1c/Path_The_Hunt.png/revision/latest?cb=20240417235336,5,,,,,,,,
Silver Wolf,https://static.wikia.nocookie.net/houkai-star-rail/images/6/60/Character_Silver_Wolf_Splash_Art.png/revision/latest/scale-to-width-down/1000?cb=20230216230911,"Aether editing (Weakness element Manipulator), AoE Debuffer (Was Single Target)",,,,,,,,Fu Xuan; Silver Wolf; Seele; Sparkle,,aaa,Quantum,https://static.wikia.nocookie.net/houkai-star-rail/images/5/54/Type_Quantum.png/revision/latest?cb=20240609183337,Nihility,https://static.wikia.nocookie.net/houkai-star-rail/images/4/45/Path_Nihility.png/revision/latest?cb=20240417235304,5,,,,,,,,
Silver Wolf,https://static.wikia.nocookie.net/houkai-star-rail/images/6/60/Character_Silver_Wolf_Splash_Art.png/revision/latest/scale-to-width-down/1000?cb=20230216230911,"Aether editing (Weakness element Manipulator), AoE Debuffer (Was Single Target)",,,,,,,,Fu Xuan; Silver Wolf; Seele; Sparkle,,aaa,Quantum,https://static.wikia.nocookie.net/houkai-star-rail/images/5/54/Type_Quantum.png/revision/latest?cb=20240609183337,Nihility,https://static.wikia.nocookie.net/houkai-star-rail/images/4/45/Path_Nihility.png/revision/latest?cb=20240417235304,5,,,,,,,,
Silver Wolf,https://static.wikia.nocookie.net/houkai-star-rail/images/6/60/Character_Silver_Wolf_Splash_Art.png/revision/latest/scale-to-width-down/1000?cb=20230216230911,"Aether editing (Weakness element Manipulator), AoE Debuffer (Was Single Target)",,,,,,,,Fu Xuan; Silver Wolf; Seele; Sparkle,,aaa,Quantum,https://static.wikia.nocookie.net/houkai-star-rail/images/5/54/Type_Quantum.png/revision/latest?cb=20240609183337,Nihility,https://static.wikia.nocookie.net/houkai-star-rail/images/4/45/Path_Nihility.png/revision/latest?cb=20240417235304,5,,,,,,,,
Silver Wolf,https://static.wikia.nocookie.net/houkai-star-rail/images/6/60/Character_Silver_Wolf_Splash_Art.png/revision/latest/scale-to-width-down/1000?cb=20230216230911,"Aether editing (Weakness element Manipulator), AoE Debuffer (Was Single Target)",,,,,,,,Fu Xuan; Silver Wolf; Seele; Sparkle,,aaa,Quantum,https://static.wikia.nocookie.net/houkai-star-rail/images/5/54/Type_Quantum.png/revision/latest?cb=20240609183337,Nihility,https://static.wikia.nocookie.net/houkai-star-rail/images/4/45/Path_Nihility.png/revision/latest?cb=20240417235304,5,,,,,,,,
Silver Wolf,https://static.wikia.nocookie.net/houkai-star-rail/images/6/60/Character_Silver_Wolf_Splash_Art.png/revision/latest/scale-to-width-down/1000?cb=20230216230911,"Aether editing (Weakness element Manipulator), AoE Debuffer (Was Single Target)",,,,,,,,Fu Xuan; Silver Wolf; Seele; Sparkle,,aaa,Quantum,https://static.wikia.nocookie.net/houkai-star-rail/images/5/54/Type_Quantum.png/revision/latest?cb=20240609183337,Nihility,https://static.wikia.nocookie.net/houkai-star-rail/images/4/45/Path_Nihility.png/revision/latest?cb=20240417235304,5,,,,,,,,
Silver Wolf,https://static.wikia.nocookie.net/houkai-star-rail/images/6/60/Character_Silver_Wolf_Splash_Art.png/revision/latest/scale-to-width-down/1000?cb=20230216230911,"Aether editing (Weakness element Manipulator), AoE Debuffer (Was Single Target)",,,,,,,,Fu Xuan; Silver Wolf; Seele; Sparkle,,aaa,Quantum,https://static.wikia.nocookie.net/houkai-star-rail/images/5/54/Type_Quantum.png/revision/latest?cb=20240609183337,Nihility,https://static.wikia.nocookie.net/houkai-star-rail/images/4/45/Path_Nihility.png/revision/latest?cb=20240417235304,5,,,,,,,,
Silver Wolf,https://static.wikia.nocookie.net/houkai-star-rail/images/6/60/Character_Silver_Wolf_Splash_Art.png/revision/latest/scale-to-width-down/1000?cb=20230216230911,"Aether editing (Weakness element Manipulator), AoE Debuffer (Was Single Target)",,,,,,,,Fu Xuan; Silver Wolf; Seele; Sparkle,,aaa,Quantum,https://static.wikia.nocookie.net/houkai-star-rail/images/5/54/Type_Quantum.png/revision/latest?cb=20240609183337,Nihility,https://static.wikia.nocookie.net/houkai-star-rail/images/4/45/Path_Nihility.png/revision/latest?cb=20240417235304,5,,,,,,,,
Silver Wolf,https://static.wikia.nocookie.net/houkai-star-rail/images/6/60/Character_Silver_Wolf_Splash_Art.png/revision/latest/scale-to-width-down/1000?cb=20230216230911,"Aether editing (Weakness element Manipulator), AoE Debuffer (Was Single Target)",,,,,,,,Fu Xuan; Silver Wolf; Seele; Sparkle,,aaa,Quantum,https://static.wikia.nocookie.net/houkai-star-rail/images/5/54/Type_Quantum.png/revision/latest?cb=20240609183337,Nihility,https://static.wikia.nocookie.net/houkai-star-rail/images/4/45/Path_Nihility.png/revision/latest?cb=20240417235304,5,,,,,,,,
Silver Wolf,https://static.wikia.nocookie.net/houkai-star-rail/images/6/60/Character_Silver_Wolf_Splash_Art.png/revision/latest/scale-to-width-down/1000?cb=20230216230911,"Aether editing (Weakness element Manipulator), AoE Debuffer (Was Single Target)",,,,,,,,Fu Xuan; Silver Wolf; Seele; Sparkle,,aaa,Quantum,https://static.wikia.nocookie.net/houkai-star-rail/images/5/54/Type_Quantum.png/revision/latest?cb=20240609183337,Nihility,https://static.wikia.nocookie.net/houkai-star-rail/images/4/45/Path_Nihility.png/revision/latest?cb=20240417235304,5,,,,,,,,
Silver Wolf,https://static.wikia.nocookie.net/houkai-star-rail/images/6/60/Character_Silver_Wolf_Splash_Art.png/revision/latest/scale-to-width-down/1000?cb=20230216230911,"Aether editing (Weakness element Manipulator), AoE Debuffer (Was Single Target)",,,,,,,,Fu Xuan; Silver Wolf; Seele; Sparkle,,aaa,Quantum,https://static.wikia.nocookie.net/houkai-star-rail/images/5/54/Type_Quantum.png/revision/latest?cb=20240609183337,Nihility,https://static.wikia.nocookie.net/houkai-star-rail/images/4/45/Path_Nihility.png/revision/latest?cb=20240417235304,5,,,,,,,,
Sparkle,https://static.wikia.nocookie.net/houkai-star-rail/images/9/99/Character_Sparkle_Splash_Art.png/revision/latest/scale-to-width-down/1000?cb=20240327022635,"Skill Point Booster, Action Manipulator, Crit Damage Booster",,,,,,,,Fu Xuan; Silver Wolf; Seele; Sparkle,,aaa,Quantum,https://static.wikia.nocookie.net/houkai-star-rail/images/5/54/Type_Quantum.png/revision/latest?cb=20240609183337,Harmony,https://static.wikia.nocookie.net/houkai-star-rail/images/7/7e/Path_Harmony.png/revision/latest?cb=20240417235441,5,,,,,,,,
Sparkle,https://static.wikia.nocookie.net/houkai-star-rail/images/9/99/Character_Sparkle_Splash_Art.png/revision/latest/scale-to-width-down/1000?cb=20240327022635,"Skill Point Booster, Action Manipulator, Crit Damage Booster",,,,,,,,Fu Xuan; Silver Wolf; Seele; Sparkle,,aaa,Quantum,https://static.wikia.nocookie.net/houkai-star-rail/images/5/54/Type_Quantum.png/revision/latest?cb=20240609183337,Harmony,https://static.wikia.nocookie.net/houkai-star-rail/images/7/7e/Path_Harmony.png/revision/latest?cb=20240417235441,5,,,,,,,,
Sparkle,https://static.wikia.nocookie.net/houkai-star-rail/images/9/99/Character_Sparkle_Splash_Art.png/revision/latest/scale-to-width-down/1000?cb=20240327022635,"Skill Point Booster, Action Manipulator, Crit Damage Booster",,,,,,,,Fu Xuan; Silver Wolf; Seele; Sparkle,,aaa,Quantum,https://static.wikia.nocookie.net/houkai-star-rail/images/5/54/Type_Quantum.png/revision/latest?cb=20240609183337,Harmony,https://static.wikia.nocookie.net/houkai-star-rail/images/7/7e/Path_Harmony.png/revision/latest?cb=20240417235441,5,,,,,,,,
Sparkle,https://static.wikia.nocookie.net/houkai-star-rail/images/9/99/Character_Sparkle_Splash_Art.png/revision/latest/scale-to-width-down/1000?cb=20240327022635,"Skill Point Booster, Action Manipulator, Crit Damage Booster",,,,,,,,Fu Xuan; Silver Wolf; Seele; Sparkle,,aaa,Quantum,https://static.wikia.nocookie.net/houkai-star-rail/images/5/54/Type_Quantum.png/revision/latest?cb=20240609183337,Harmony,https://static.wikia.nocookie.net/houkai-star-rail/images/7/7e/Path_Harmony.png/revision/latest?cb=20240417235441,5,,,,,,,,
Sparkle,https://static.wikia.nocookie.net/houkai-star-rail/images/9/99/Character_Sparkle_Splash_Art.png/revision/latest/scale-to-width-down/1000?cb=20240327022635,"Skill Point Booster, Action Manipulator, Crit Damage Booster",,,,,,,,Fu Xuan; Silver Wolf; Seele; Sparkle,,aaa,Quantum,https://static.wikia.nocookie.net/houkai-star-rail/images/5/54/Type_Quantum.png/revision/latest?cb=20240609183337,Harmony,https://static.wikia.nocookie.net/houkai-star-rail/images/7/7e/Path_Harmony.png/revision/latest?cb=20240417235441,5,,,,,,,,
Sparkle,https://static.wikia.nocookie.net/houkai-star-rail/images/9/99/Character_Sparkle_Splash_Art.png/revision/latest/scale-to-width-down/1000?cb=20240327022635,"Skill Point Booster, Action Manipulator, Crit Damage Booster",,,,,,,,Fu Xuan; Silver Wolf; Seele; Sparkle,,aaa,Quantum,https://static.wikia.nocookie.net/houkai-star-rail/images/5/54/Type_Quantum.png/revision/latest?cb=20240609183337,Harmony,https://static.wikia.nocookie.net/houkai-star-rail/images/7/7e/Path_Harmony.png/revision/latest?cb=20240417235441,5,,,,,,,,
Sparkle,https://static.wikia.nocookie.net/houkai-star-rail/images/9/99/Character_Sparkle_Splash_Art.png/revision/latest/scale-to-width-down/1000?cb=20240327022635,"Skill Point Booster, Action Manipulator, Crit Damage Booster",,,,,,,,Fu Xuan; Silver Wolf; Seele; Sparkle,,aaa,Quantum,https://static.wikia.nocookie.net/houkai-star-rail/images/5/54/Type_Quantum.png/revision/latest?cb=20240609183337,Harmony,https://static.wikia.nocookie.net/houkai-star-rail/images/7/7e/Path_Harmony.png/revision/latest?cb=20240417235441,5,,,,,,,,
Sparkle,https://static.wikia.nocookie.net/houkai-star-rail/images/9/99/Character_Sparkle_Splash_Art.png/revision/latest/scale-to-width-down/1000?cb=20240327022635,"Skill Point Booster, Action Manipulator, Crit Damage Booster",,,,,,,,Fu Xuan; Silver Wolf; Seele; Sparkle,,aaa,Quantum,https://static.wikia.nocookie.net/houkai-star-rail/images/5/54/Type_Quantum.png/revision/latest?cb=20240609183337,Harmony,https://static.wikia.nocookie.net/houkai-star-rail/images/7/7e/Path_Harmony.png/revision/latest?cb=20240417235441,5,,,,,,,,
Sparkle,https://static.wikia.nocookie.net/houkai-star-rail/images/9/99/Character_Sparkle_Splash_Art.png/revision/latest/scale-to-width-down/1000?cb=20240327022635,"Skill Point Booster, Action Manipulator, Crit Damage Booster",,,,,,,,Fu Xuan; Silver Wolf; Seele; Sparkle,,aaa,Quantum,https://static.wikia.nocookie.net/houkai-star-rail/images/5/54/Type_Quantum.png/revision/latest?cb=20240609183337,Harmony,https://static.wikia.nocookie.net/houkai-star-rail/images/7/7e/Path_Harmony.png/revision/latest?cb=20240417235441,5,,,,,,,,
Sparkle,https://static.wikia.nocookie.net/houkai-star-rail/images/9/99/Character_Sparkle_Splash_Art.png/revision/latest/scale-to-width-down/1000?cb=20240327022635,"Skill Point Booster, Action Manipulator, Crit Damage Booster",,,,,,,,Fu Xuan; Silver Wolf; Seele; Sparkle,,aaa,Quantum,https://static.wikia.nocookie.net/houkai-star-rail/images/5/54/Type_Quantum.png/revision/latest?cb=20240609183337,Harmony,https://static.wikia.nocookie.net/houkai-star-rail/images/7/7e/Path_Harmony.png/revision/latest?cb=20240417235441,5,,,,,,,,
Sunday,https://static.wikia.nocookie.net/houkai-star-rail/images/9/99/Character_Sparkle_Splash_Art.png/revision/latest/scale-to-width-down/1000?cb=20240327022635,"Damage Booster, Crit Damage Booster, Action Manipulator, Energy Booster",,,,,,,,Any DPS,,.,Imaginary,https://static.wikia.nocookie.net/houkai-star-rail/images/2/2f/Type_Imaginary.png/revision/latest?cb=20220610120517,Harmony,https://static.wikia.nocookie.net/houkai-star-rail/images/7/7e/Path_Harmony.png/revision/latest?cb=20240417235441,5,,,,,,,,
Sunday,https://static.wikia.nocookie.net/houkai-star-rail/images/9/99/Character_Sparkle_Splash_Art.png/revision/latest/scale-to-width-down/1000?cb=20240327022635,"Damage Booster, Crit Damage Booster, Action Manipulator, Energy Booster",,,,,,,,Any DPS,,.,Imaginary,https://static.wikia.nocookie.net/houkai-star-rail/images/2/2f/Type_Imaginary.png/revision/latest?cb=20220610120517,Harmony,https://static.wikia.nocookie.net/houkai-star-rail/images/7/7e/Path_Harmony.png/revision/latest?cb=20240417235441,5,,,,,,,,
Sunday,https://static.wikia.nocookie.net/houkai-star-rail/images/9/99/Character_Sparkle_Splash_Art.png/revision/latest/scale-to-width-down/1000?cb=20240327022635,"Damage Booster, Crit Damage Booster, Action Manipulator, Energy Booster",,,,,,,,Any DPS,,.,Imaginary,https://static.wikia.nocookie.net/houkai-star-rail/images/2/2f/Type_Imaginary.png/revision/latest?cb=20220610120517,Harmony,https://static.wikia.nocookie.net/houkai-star-rail/images/7/7e/Path_Harmony.png/revision/latest?cb=20240417235441,5,,,,,,,,
Sunday,https://static.wikia.nocookie.net/houkai-star-rail/images/9/99/Character_Sparkle_Splash_Art.png/revision/latest/scale-to-width-down/1000?cb=20240327022635,"Damage Booster, Crit Damage Booster, Action Manipulator, Energy Booster",,,,,,,,Any DPS,,.,Imaginary,https://static.wikia.nocookie.net/houkai-star-rail/images/2/2f/Type_Imaginary.png/revision/latest?cb=20220610120517,Harmony,https://static.wikia.nocookie.net/houkai-star-rail/images/7/7e/Path_Harmony.png/revision/latest?cb=20240417235441,5,,,,,,,,
Sunday,https://static.wikia.nocookie.net/houkai-star-rail/images/9/99/Character_Sparkle_Splash_Art.png/revision/latest/scale-to-width-down/1000?cb=20240327022635,"Damage Booster, Crit Damage Booster, Action Manipulator, Energy Booster",,,,,,,,Any DPS,,.,Imaginary,https://static.wikia.nocookie.net/houkai-star-rail/images/2/2f/Type_Imaginary.png/revision/latest?cb=20220610120517,Harmony,https://static.wikia.nocookie.net/houkai-star-rail/images/7/7e/Path_Harmony.png/revision/latest?cb=20240417235441,5,,,,,,,,
Sunday,https://static.wikia.nocookie.net/houkai-star-rail/images/9/99/Character_Sparkle_Splash_Art.png/revision/latest/scale-to-width-down/1000?cb=20240327022635,"Damage Booster, Crit Damage Booster, Action Manipulator, Energy Booster",,,,,,,,Any DPS,,.,Imaginary,https://static.wikia.nocookie.net/houkai-star-rail/images/2/2f/Type_Imaginary.png/revision/latest?cb=20220610120517,Harmony,https://static.wikia.nocookie.net/houkai-star-rail/images/7/7e/Path_Harmony.png/revision/latest?cb=20240417235441,5,,,,,,,,
Sunday,https://static.wikia.nocookie.net/houkai-star-rail/images/9/99/Character_Sparkle_Splash_Art.png/revision/latest/scale-to-width-down/1000?cb=20240327022635,"Damage Booster, Crit Damage Booster, Action Manipulator, Energy Booster",,,,,,,,Any DPS,,.,Imaginary,https://static.wikia.nocookie.net/houkai-star-rail/images/2/2f/Type_Imaginary.png/revision/latest?cb=20220610120517,Harmony,https://static.wikia.nocookie.net/houkai-star-rail/images/7/7e/Path_Harmony.png/revision/latest?cb=20240417235441,5,,,,,,,,
Sunday,https://static.wikia.nocookie.net/houkai-star-rail/images/9/99/Character_Sparkle_Splash_Art.png/revision/latest/scale-to-width-down/1000?cb=20240327022635,"Damage Booster, Crit Damage Booster, Action Manipulator, Energy Booster",,,,,,,,Any DPS,,.,Imaginary,https://static.wikia.nocookie.net/houkai-star-rail/images/2/2f/Type_Imaginary.png/revision/latest?cb=20220610120517,Harmony,https://static.wikia.nocookie.net/houkai-star-rail/images/7/7e/Path_Harmony.png/revision/latest?cb=20240417235441,5,,,,,,,,
Sunday,https://static.wikia.nocookie.net/houkai-star-rail/images/9/99/Character_Sparkle_Splash_Art.png/revision/latest/scale-to-width-down/1000?cb=20240327022635,"Damage Booster, Crit Damage Booster, Action Manipulator, Energy Booster",,,,,,,,Any DPS,,.,Imaginary,https://static.wikia.nocookie.net/houkai-star-rail/images/2/2f/Type_Imaginary.png/revision/latest?cb=20220610120517,Harmony,https://static.wikia.nocookie.net/houkai-star-rail/images/7/7e/Path_Harmony.png/revision/latest?cb=20240417235441,5,,,,,,,,
Sunday,https://static.wikia.nocookie.net/houkai-star-rail/images/9/99/Character_Sparkle_Splash_Art.png/revision/latest/scale-to-width-down/1000?cb=20240327022635,"Damage Booster, Crit Damage Booster, Action Manipulator, Energy Booster",,,,,,,,Any DPS,,.,Imaginary,https://static.wikia.nocookie.net/houkai-star-rail/images/2/2f/Type_Imaginary.png/revision/latest?cb=20220610120517,Harmony,https://static.wikia.nocookie.net/houkai-star-rail/images/7/7e/Path_Harmony.png/revision/latest?cb=20240417235441,5,,,,,,,,
The Herta,https://static.wikia.nocookie.net/houkai-star-rail/images/4/42/Character_The_Herta_Splash_Art.png/revision/latest/scale-to-width-down/1000?cb=20250121214107,"AoE DPS, True Damage DPS, ",,,,,,,,Any Support,,.,Ice,https://static.wikia.nocookie.net/houkai-star-rail/images/3/35/Type_Ice.png/revision/latest?cb=20220610120329,Erudition,https://static.wikia.nocookie.net/houkai-star-rail/images/5/53/Path_Erudition.png/revision/latest?cb=20240417235548,5,,,,,,,,
The Herta,https://static.wikia.nocookie.net/houkai-star-rail/images/4/42/Character_The_Herta_Splash_Art.png/revision/latest/scale-to-width-down/1000?cb=20250121214107,"AoE DPS, True Damage DPS",,,,,,,,Any Support,,.,Ice,https://static.wikia.nocookie.net/houkai-star-rail/images/3/35/Type_Ice.png/revision/latest?cb=20220610120329,Erudition,https://static.wikia.nocookie.net/houkai-star-rail/images/5/53/Path_Erudition.png/revision/latest?cb=20240417235548,5,,,,,,,,
The Herta,https://static.wikia.nocookie.net/houkai-star-rail/images/4/42/Character_The_Herta_Splash_Art.png/revision/latest/scale-to-width-down/1000?cb=20250121214107,"AoE DPS, True Damage DPS",,,,,,,,Any Support,,.,Ice,https://static.wikia.nocookie.net/houkai-star-rail/images/3/35/Type_Ice.png/revision/latest?cb=20220610120329,Erudition,https://static.wikia.nocookie.net/houkai-star-rail/images/5/53/Path_Erudition.png/revision/latest?cb=20240417235548,5,,,,,,,,
The Herta,https://static.wikia.nocookie.net/houkai-star-rail/images/4/42/Character_The_Herta_Splash_Art.png/revision/latest/scale-to-width-down/1000?cb=20250121214107,"AoE DPS, True Damage DPS",,,,,,,,Any Support,,.,Ice,https://static.wikia.nocookie.net/houkai-star-rail/images/3/35/Type_Ice.png/revision/latest?cb=20220610120329,Erudition,https://static.wikia.nocookie.net/houkai-star-rail/images/5/53/Path_Erudition.png/revision/latest?cb=20240417235548,5,,,,,,,,
The Herta,https://static.wikia.nocookie.net/houkai-star-rail/images/4/42/Character_The_Herta_Splash_Art.png/revision/latest/scale-to-width-down/1000?cb=20250121214107,"AoE DPS, True Damage DPS",,,,,,,,Any Support,,.,Ice,https://static.wikia.nocookie.net/houkai-star-rail/images/3/35/Type_Ice.png/revision/latest?cb=20220610120329,Erudition,https://static.wikia.nocookie.net/houkai-star-rail/images/5/53/Path_Erudition.png/revision/latest?cb=20240417235548,5,,,,,,,,
The Herta,https://static.wikia.nocookie.net/houkai-star-rail/images/4/42/Character_The_Herta_Splash_Art.png/revision/latest/scale-to-width-down/1000?cb=20250121214107,"AoE DPS, True Damage DPS",,,,,,,,Any Support,,.,Ice,https://static.wikia.nocookie.net/houkai-star-rail/images/3/35/Type_Ice.png/revision/latest?cb=20220610120329,Erudition,https://static.wikia.nocookie.net/houkai-star-rail/images/5/53/Path_Erudition.png/revision/latest?cb=20240417235548,5,,,,,,,,
The Herta,https://static.wikia.nocookie.net/houkai-star-rail/images/4/42/Character_The_Herta_Splash_Art.png/revision/latest/scale-to-width-down/1000?cb=20250121214107,"AoE DPS, True Damage DPS",,,,,,,,Any Support,,.,Ice,https://static.wikia.nocookie.net/houkai-star-rail/images/3/35/Type_Ice.png/revision/latest?cb=20220610120329,Erudition,https://static.wikia.nocookie.net/houkai-star-rail/images/5/53/Path_Erudition.png/revision/latest?cb=20240417235548,5,,,,,,,,
The Herta,https://static.wikia.nocookie.net/houkai-star-rail/images/4/42/Character_The_Herta_Splash_Art.png/revision/latest/scale-to-width-down/1000?cb=20250121214107,"AoE DPS, True Damage DPS",,,,,,,,Any Support,,.,Ice,https://static.wikia.nocookie.net/houkai-star-rail/images/3/35/Type_Ice.png/revision/latest?cb=20220610120329,Erudition,https://static.wikia.nocookie.net/houkai-star-rail/images/5/53/Path_Erudition.png/revision/latest?cb=20240417235548,5,,,,,,,,
The Herta,https://static.wikia.nocookie.net/houkai-star-rail/images/4/42/Character_The_Herta_Splash_Art.png/revision/latest/scale-to-width-down/1000?cb=20250121214107,"AoE DPS, True Damage DPS",,,,,,,,Any Support,,.,Ice,https://static.wikia.nocookie.net/houkai-star-rail/images/3/35/Type_Ice.png/revision/latest?cb=20220610120329,Erudition,https://static.wikia.nocookie.net/houkai-star-rail/images/5/53/Path_Erudition.png/revision/latest?cb=20240417235548,5,,,,,,,,
The Herta,https://static.wikia.nocookie.net/houkai-star-rail/images/4/42/Character_The_Herta_Splash_Art.png/revision/latest/scale-to-width-down/1000?cb=20250121214107,"AoE DPS, True Damage DPS",,,,,,,,Any Support,,.,Ice,https://static.wikia.nocookie.net/houkai-star-rail/images/3/35/Type_Ice.png/revision/latest?cb=20220610120329,Erudition,https://static.wikia.nocookie.net/houkai-star-rail/images/5/53/Path_Erudition.png/revision/latest?cb=20240417235548,5,,,,,,,,
Topaz & Numby,https://static.wikia.nocookie.net/houkai-star-rail/images/9/9d/Character_Topaz_and_Numby_Splash_Art.png/revision/latest/scale-to-width-down/1000?cb=20231030040101,"FuA DPS, FuA Support",,,,,,,,Any FuA,,"Robin? I heard she works best in follow up damage team especially with topaz, ratio and aventurine, I dont know how would she fit in other teams. ",Fire,https://static.wikia.nocookie.net/houkai-star-rail/images/f/f0/Type_Fire.png/revision/latest?cb=20220610120131,The Hunt,https://static.wikia.nocookie.net/houkai-star-rail/images/1/1c/Path_The_Hunt.png/revision/latest?cb=20240417235336,5,,,,,,,,
Topaz & Numby,https://static.wikia.nocookie.net/houkai-star-rail/images/9/9d/Character_Topaz_and_Numby_Splash_Art.png/revision/latest/scale-to-width-down/1000?cb=20231030040101,"FuA DPS, FuA Support",,,,,,,,Any FuA,,"As for teams shes (Robin )the best support for all FuA characters so Ratio, Topaz, Fei, etc. She also fits in very well into other teams like DoT or regular hypercarry teams like Seele/DHIL",Fire,https://static.wikia.nocookie.net/houkai-star-rail/images/f/f0/Type_Fire.png/revision/latest?cb=20220610120131,The Hunt,https://static.wikia.nocookie.net/houkai-star-rail/images/1/1c/Path_The_Hunt.png/revision/latest?cb=20240417235336,5,,,,,,,,
Topaz & Numby,https://static.wikia.nocookie.net/houkai-star-rail/images/9/9d/Character_Topaz_and_Numby_Splash_Art.png/revision/latest/scale-to-width-down/1000?cb=20231030040101,"FuA DPS, FuA Support",,,,,,,,Any FuA,,.,Fire,https://static.wikia.nocookie.net/houkai-star-rail/images/f/f0/Type_Fire.png/revision/latest?cb=20220610120131,The Hunt,https://static.wikia.nocookie.net/houkai-star-rail/images/1/1c/Path_The_Hunt.png/revision/latest?cb=20240417235336,5,,,,,,,,
Topaz & Numby,https://static.wikia.nocookie.net/houkai-star-rail/images/9/9d/Character_Topaz_and_Numby_Splash_Art.png/revision/latest/scale-to-width-down/1000?cb=20231030040101,"FuA DPS, FuA Support",,,,,,,,Any FuA,,.,Fire,https://static.wikia.nocookie.net/houkai-star-rail/images/f/f0/Type_Fire.png/revision/latest?cb=20220610120131,The Hunt,https://static.wikia.nocookie.net/houkai-star-rail/images/1/1c/Path_The_Hunt.png/revision/latest?cb=20240417235336,5,,,,,,,,
Topaz & Numby,https://static.wikia.nocookie.net/houkai-star-rail/images/9/9d/Character_Topaz_and_Numby_Splash_Art.png/revision/latest/scale-to-width-down/1000?cb=20231030040101,"FuA DPS, FuA Support",,,,,,,,Any FuA,,.,Fire,https://static.wikia.nocookie.net/houkai-star-rail/images/f/f0/Type_Fire.png/revision/latest?cb=20220610120131,The Hunt,https://static.wikia.nocookie.net/houkai-star-rail/images/1/1c/Path_The_Hunt.png/revision/latest?cb=20240417235336,5,,,,,,,,
Topaz & Numby,https://static.wikia.nocookie.net/houkai-star-rail/images/9/9d/Character_Topaz_and_Numby_Splash_Art.png/revision/latest/scale-to-width-down/1000?cb=20231030040101,"FuA DPS, FuA Support",,,,,,,,Any FuA,,.,Fire,https://static.wikia.nocookie.net/houkai-star-rail/images/f/f0/Type_Fire.png/revision/latest?cb=20220610120131,The Hunt,https://static.wikia.nocookie.net/houkai-star-rail/images/1/1c/Path_The_Hunt.png/revision/latest?cb=20240417235336,5,,,,,,,,
Topaz & Numby,https://static.wikia.nocookie.net/houkai-star-rail/images/9/9d/Character_Topaz_and_Numby_Splash_Art.png/revision/latest/scale-to-width-down/1000?cb=20231030040101,"FuA DPS, FuA Support",,,,,,,,Any FuA,,.,Fire,https://static.wikia.nocookie.net/houkai-star-rail/images/f/f0/Type_Fire.png/revision/latest?cb=20220610120131,The Hunt,https://static.wikia.nocookie.net/houkai-star-rail/images/1/1c/Path_The_Hunt.png/revision/latest?cb=20240417235336,5,,,,,,,,
Topaz & Numby,https://static.wikia.nocookie.net/houkai-star-rail/images/9/9d/Character_Topaz_and_Numby_Splash_Art.png/revision/latest/scale-to-width-down/1000?cb=20231030040101,"FuA DPS, FuA Support",,,,,,,,Any FuA,,.,Fire,https://static.wikia.nocookie.net/houkai-star-rail/images/f/f0/Type_Fire.png/revision/latest?cb=20220610120131,The Hunt,https://static.wikia.nocookie.net/houkai-star-rail/images/1/1c/Path_The_Hunt.png/revision/latest?cb=20240417235336,5,,,,,,,,
Topaz & Numby,https://static.wikia.nocookie.net/houkai-star-rail/images/9/9d/Character_Topaz_and_Numby_Splash_Art.png/revision/latest/scale-to-width-down/1000?cb=20231030040101,"FuA DPS, FuA Support",,,,,,,,Any FuA,,.,Fire,https://static.wikia.nocookie.net/houkai-star-rail/images/f/f0/Type_Fire.png/revision/latest?cb=20220610120131,The Hunt,https://static.wikia.nocookie.net/houkai-star-rail/images/1/1c/Path_The_Hunt.png/revision/latest?cb=20240417235336,5,,,,,,,,
Topaz & Numby,https://static.wikia.nocookie.net/houkai-star-rail/images/9/9d/Character_Topaz_and_Numby_Splash_Art.png/revision/latest/scale-to-width-down/1000?cb=20231030040101,"FuA DPS, FuA Support",,,,,,,,Any FuA,,.,Fire,https://static.wikia.nocookie.net/houkai-star-rail/images/f/f0/Type_Fire.png/revision/latest?cb=20220610120131,The Hunt,https://static.wikia.nocookie.net/houkai-star-rail/images/1/1c/Path_The_Hunt.png/revision/latest?cb=20240417235336,5,,,,,,,,
Trailblazer Perservation,https://static.wikia.nocookie.net/houkai-star-rail/images/1/17/Character_Trailblazer_%28F%29_Preservation_Splash_Art.png/revision/latest/scale-to-width-down/1000?cb=20230501005729,"Substain Tank, Shielder",,,,,,,,Any DPS,,.,Fire,https://static.wikia.nocookie.net/houkai-star-rail/images/f/f0/Type_Fire.png/revision/latest?cb=20220610120131,Preservation,https://static.wikia.nocookie.net/houkai-star-rail/images/3/37/Path_Preservation.png/revision/latest?cb=20240417235425,5,,,,,,,,
Trailblazer Perservation,https://static.wikia.nocookie.net/houkai-star-rail/images/1/17/Character_Trailblazer_%28F%29_Preservation_Splash_Art.png/revision/latest/scale-to-width-down/1000?cb=20230501005729,"Substain Tank, Shielder",,,,,,,,Any DPS,,.,Fire,https://static.wikia.nocookie.net/houkai-star-rail/images/f/f0/Type_Fire.png/revision/latest?cb=20220610120131,Preservation,https://static.wikia.nocookie.net/houkai-star-rail/images/3/37/Path_Preservation.png/revision/latest?cb=20240417235425,5,,,,,,,,
Trailblazer Perservation,https://static.wikia.nocookie.net/houkai-star-rail/images/1/17/Character_Trailblazer_%28F%29_Preservation_Splash_Art.png/revision/latest/scale-to-width-down/1000?cb=20230501005729,"Substain Tank, Shielder",,,,,,,,Any DPS,,.,Fire,https://static.wikia.nocookie.net/houkai-star-rail/images/f/f0/Type_Fire.png/revision/latest?cb=20220610120131,Preservation,https://static.wikia.nocookie.net/houkai-star-rail/images/3/37/Path_Preservation.png/revision/latest?cb=20240417235425,5,,,,,,,,
Trailblazer Perservation,https://static.wikia.nocookie.net/houkai-star-rail/images/1/17/Character_Trailblazer_%28F%29_Preservation_Splash_Art.png/revision/latest/scale-to-width-down/1000?cb=20230501005729,"Substain Tank, Shielder",,,,,,,,Any DPS,,.,Fire,https://static.wikia.nocookie.net/houkai-star-rail/images/f/f0/Type_Fire.png/revision/latest?cb=20220610120131,Preservation,https://static.wikia.nocookie.net/houkai-star-rail/images/3/37/Path_Preservation.png/revision/latest?cb=20240417235425,5,,,,,,,,
Trailblazer Perservation,https://static.wikia.nocookie.net/houkai-star-rail/images/1/17/Character_Trailblazer_%28F%29_Preservation_Splash_Art.png/revision/latest/scale-to-width-down/1000?cb=20230501005729,"Substain Tank, Shielder",,,,,,,,Any DPS,,.,Fire,https://static.wikia.nocookie.net/houkai-star-rail/images/f/f0/Type_Fire.png/revision/latest?cb=20220610120131,Preservation,https://static.wikia.nocookie.net/houkai-star-rail/images/3/37/Path_Preservation.png/revision/latest?cb=20240417235425,5,,,,,,,,
Trailblazer Perservation,https://static.wikia.nocookie.net/houkai-star-rail/images/1/17/Character_Trailblazer_%28F%29_Preservation_Splash_Art.png/revision/latest/scale-to-width-down/1000?cb=20230501005729,"Substain Tank, Shielder",,,,,,,,Any DPS,,.,Fire,https://static.wikia.nocookie.net/houkai-star-rail/images/f/f0/Type_Fire.png/revision/latest?cb=20220610120131,Preservation,https://static.wikia.nocookie.net/houkai-star-rail/images/3/37/Path_Preservation.png/revision/latest?cb=20240417235425,5,,,,,,,,
Trailblazer Perservation,https://static.wikia.nocookie.net/houkai-star-rail/images/1/17/Character_Trailblazer_%28F%29_Preservation_Splash_Art.png/revision/latest/scale-to-width-down/1000?cb=20230501005729,"Substain Tank, Shielder",,,,,,,,Any DPS,,.,Fire,https://static.wikia.nocookie.net/houkai-star-rail/images/f/f0/Type_Fire.png/revision/latest?cb=20220610120131,Preservation,https://static.wikia.nocookie.net/houkai-star-rail/images/3/37/Path_Preservation.png/revision/latest?cb=20240417235425,5,,,,,,,,
Trailblazer Perservation,https://static.wikia.nocookie.net/houkai-star-rail/images/1/17/Character_Trailblazer_%28F%29_Preservation_Splash_Art.png/revision/latest/scale-to-width-down/1000?cb=20230501005729,"Substain Tank, Shielder",,,,,,,,Any DPS,,.,Fire,https://static.wikia.nocookie.net/houkai-star-rail/images/f/f0/Type_Fire.png/revision/latest?cb=20220610120131,Preservation,https://static.wikia.nocookie.net/houkai-star-rail/images/3/37/Path_Preservation.png/revision/latest?cb=20240417235425,5,,,,,,,,
Trailblazer Perservation,https://static.wikia.nocookie.net/houkai-star-rail/images/1/17/Character_Trailblazer_%28F%29_Preservation_Splash_Art.png/revision/latest/scale-to-width-down/1000?cb=20230501005729,"Substain Tank, Shielder",,,,,,,,Any DPS,,.,Fire,https://static.wikia.nocookie.net/houkai-star-rail/images/f/f0/Type_Fire.png/revision/latest?cb=20220610120131,Preservation,https://static.wikia.nocookie.net/houkai-star-rail/images/3/37/Path_Preservation.png/revision/latest?cb=20240417235425,5,,,,,,,,
Trailblazer Perservation,https://static.wikia.nocookie.net/houkai-star-rail/images/1/17/Character_Trailblazer_%28F%29_Preservation_Splash_Art.png/revision/latest/scale-to-width-down/1000?cb=20230501005729,"Substain Tank, Shielder",,,,,,,,Any DPS,,.,Fire,https://static.wikia.nocookie.net/houkai-star-rail/images/f/f0/Type_Fire.png/revision/latest?cb=20220610120131,Preservation,https://static.wikia.nocookie.net/houkai-star-rail/images/3/37/Path_Preservation.png/revision/latest?cb=20240417235425,5,,,,,,,,
Trailblazer Harmony,https://static.wikia.nocookie.net/houkai-star-rail/images/0/0a/Character_Trailblazer_%28F%29_Harmony_Splash_Art.png/revision/latest/scale-to-width-down/1000?cb=20240508064117,"Break Effect Booster, Super Break Converter","For HTB, 4pc Watchmaker is recommended, adding Break Effect (BE) and SPD, and farming eidolon in Penacony (because E4 is important to share BE to the team). Planar Kaplangi, free orb/body, SPD boots, BE rope are recommended. Final target: 145160+ SPD and 250300% BE.",,,"Planar Kaplangi, free orb/body, SPD boots, BE rope are recommended. Final target: 145160+ SPD and 250300% BE.",,,,Any BE DPS,,"Firefly, HTB, Asta, Gallagher This one work well",Imaginary,https://static.wikia.nocookie.net/houkai-star-rail/images/2/2f/Type_Imaginary.png/revision/latest?cb=20220610120517,Harmony,https://static.wikia.nocookie.net/houkai-star-rail/images/7/7e/Path_Harmony.png/revision/latest?cb=20240417235441,5,,,,,,,,
Trailblazer Harmony,https://static.wikia.nocookie.net/houkai-star-rail/images/0/0a/Character_Trailblazer_%28F%29_Harmony_Splash_Art.png/revision/latest/scale-to-width-down/1000?cb=20240508064117,"Break Effect Booster, Super Break Converter","For HTB, 4pc Watchmaker is recommended, adding Break Effect (BE) and SPD, and farming eidolon in Penacony (because E4 is important to share BE to the team). Planar Kaplangi, free orb/body, SPD boots, BE rope are recommended. Final target: 145160+ SPD and 250300% BE.",,,"Planar Kaplangi, free orb/body, SPD boots, BE rope are recommended. Final target: 145160+ SPD and 250300% BE.",,,,Any BE DPS,,"As for firefly team, I really tried with harmony protag they are only good when harmony protag gets his ultimate active, asta needs to use her skill for more stacks of her buffs and gallagher well he needs to heal a bit and by the time firefly turn comes up I am always empty with skill points",Imaginary,https://static.wikia.nocookie.net/houkai-star-rail/images/2/2f/Type_Imaginary.png/revision/latest?cb=20220610120517,Harmony,https://static.wikia.nocookie.net/houkai-star-rail/images/7/7e/Path_Harmony.png/revision/latest?cb=20240417235441,5,,,,,,,,
Trailblazer Harmony,https://static.wikia.nocookie.net/houkai-star-rail/images/0/0a/Character_Trailblazer_%28F%29_Harmony_Splash_Art.png/revision/latest/scale-to-width-down/1000?cb=20240508064117,"Break Effect Booster, Super Break Converter","For HTB, 4pc Watchmaker is recommended, adding Break Effect (BE) and SPD, and farming eidolon in Penacony (because E4 is important to share BE to the team). Planar Kaplangi, free orb/body, SPD boots, BE rope are recommended. Final target: 145160+ SPD and 250300% BE.",,,"Planar Kaplangi, free orb/body, SPD boots, BE rope are recommended. Final target: 145160+ SPD and 250300% BE.",,,,Any BE DPS,,"HTB: 4pc watchmaker is good. You need more BE and more SPD as well as to go back into Penacony for the rest of his eidolons from the clockie statue. He can go Kaplangi as well, any main stat is fine for orb and body. SPD boots and BE rope is good but his eidolons are very important since E4 shares some of his BE with the team. Ending stats: 145-160+ SPD and as close to 250-300% BE as you can get.",Imaginary,https://static.wikia.nocookie.net/houkai-star-rail/images/2/2f/Type_Imaginary.png/revision/latest?cb=20220610120517,Harmony,https://static.wikia.nocookie.net/houkai-star-rail/images/7/7e/Path_Harmony.png/revision/latest?cb=20240417235441,5,,,,,,,,
Trailblazer Harmony,https://static.wikia.nocookie.net/houkai-star-rail/images/0/0a/Character_Trailblazer_%28F%29_Harmony_Splash_Art.png/revision/latest/scale-to-width-down/1000?cb=20240508064117,"Break Effect Booster, Super Break Converter","For HTB, 4pc Watchmaker is recommended, adding Break Effect (BE) and SPD, and farming eidolon in Penacony (because E4 is important to share BE to the team). Planar Kaplangi, free orb/body, SPD boots, BE rope are recommended. Final target: 145160+ SPD and 250300% BE.",,,"Planar Kaplangi, free orb/body, SPD boots, BE rope are recommended. Final target: 145160+ SPD and 250300% BE.",,,,Any BE DPS,,.,Imaginary,https://static.wikia.nocookie.net/houkai-star-rail/images/2/2f/Type_Imaginary.png/revision/latest?cb=20220610120517,Harmony,https://static.wikia.nocookie.net/houkai-star-rail/images/7/7e/Path_Harmony.png/revision/latest?cb=20240417235441,5,,,,,,,,
Trailblazer Harmony,https://static.wikia.nocookie.net/houkai-star-rail/images/0/0a/Character_Trailblazer_%28F%29_Harmony_Splash_Art.png/revision/latest/scale-to-width-down/1000?cb=20240508064117,"Break Effect Booster, Super Break Converter","For HTB, 4pc Watchmaker is recommended, adding Break Effect (BE) and SPD, and farming eidolon in Penacony (because E4 is important to share BE to the team). Planar Kaplangi, free orb/body, SPD boots, BE rope are recommended. Final target: 145160+ SPD and 250300% BE.",,,"Planar Kaplangi, free orb/body, SPD boots, BE rope are recommended. Final target: 145160+ SPD and 250300% BE.",,,,Any BE DPS,,.,Imaginary,https://static.wikia.nocookie.net/houkai-star-rail/images/2/2f/Type_Imaginary.png/revision/latest?cb=20220610120517,Harmony,https://static.wikia.nocookie.net/houkai-star-rail/images/7/7e/Path_Harmony.png/revision/latest?cb=20240417235441,5,,,,,,,,
Trailblazer Harmony,https://static.wikia.nocookie.net/houkai-star-rail/images/0/0a/Character_Trailblazer_%28F%29_Harmony_Splash_Art.png/revision/latest/scale-to-width-down/1000?cb=20240508064117,"Break Effect Booster, Super Break Converter","For HTB, 4pc Watchmaker is recommended, adding Break Effect (BE) and SPD, and farming eidolon in Penacony (because E4 is important to share BE to the team). Planar Kaplangi, free orb/body, SPD boots, BE rope are recommended. Final target: 145160+ SPD and 250300% BE.",,,"Planar Kaplangi, free orb/body, SPD boots, BE rope are recommended. Final target: 145160+ SPD and 250300% BE.",,,,Any BE DPS,,.,Imaginary,https://static.wikia.nocookie.net/houkai-star-rail/images/2/2f/Type_Imaginary.png/revision/latest?cb=20220610120517,Harmony,https://static.wikia.nocookie.net/houkai-star-rail/images/7/7e/Path_Harmony.png/revision/latest?cb=20240417235441,5,,,,,,,,
Trailblazer Harmony,https://static.wikia.nocookie.net/houkai-star-rail/images/0/0a/Character_Trailblazer_%28F%29_Harmony_Splash_Art.png/revision/latest/scale-to-width-down/1000?cb=20240508064117,"Break Effect Booster, Super Break Converter","For HTB, 4pc Watchmaker is recommended, adding Break Effect (BE) and SPD, and farming eidolon in Penacony (because E4 is important to share BE to the team). Planar Kaplangi, free orb/body, SPD boots, BE rope are recommended. Final target: 145160+ SPD and 250300% BE.",,,"Planar Kaplangi, free orb/body, SPD boots, BE rope are recommended. Final target: 145160+ SPD and 250300% BE.",,,,Any BE DPS,,.,Imaginary,https://static.wikia.nocookie.net/houkai-star-rail/images/2/2f/Type_Imaginary.png/revision/latest?cb=20220610120517,Harmony,https://static.wikia.nocookie.net/houkai-star-rail/images/7/7e/Path_Harmony.png/revision/latest?cb=20240417235441,5,,,,,,,,
Trailblazer Harmony,https://static.wikia.nocookie.net/houkai-star-rail/images/0/0a/Character_Trailblazer_%28F%29_Harmony_Splash_Art.png/revision/latest/scale-to-width-down/1000?cb=20240508064117,"Break Effect Booster, Super Break Converter","For HTB, 4pc Watchmaker is recommended, adding Break Effect (BE) and SPD, and farming eidolon in Penacony (because E4 is important to share BE to the team). Planar Kaplangi, free orb/body, SPD boots, BE rope are recommended. Final target: 145160+ SPD and 250300% BE.",,,"Planar Kaplangi, free orb/body, SPD boots, BE rope are recommended. Final target: 145160+ SPD and 250300% BE.",,,,Any BE DPS,,.,Imaginary,https://static.wikia.nocookie.net/houkai-star-rail/images/2/2f/Type_Imaginary.png/revision/latest?cb=20220610120517,Harmony,https://static.wikia.nocookie.net/houkai-star-rail/images/7/7e/Path_Harmony.png/revision/latest?cb=20240417235441,5,,,,,,,,
Trailblazer Harmony,https://static.wikia.nocookie.net/houkai-star-rail/images/0/0a/Character_Trailblazer_%28F%29_Harmony_Splash_Art.png/revision/latest/scale-to-width-down/1000?cb=20240508064117,"Break Effect Booster, Super Break Converter","For HTB, 4pc Watchmaker is recommended, adding Break Effect (BE) and SPD, and farming eidolon in Penacony (because E4 is important to share BE to the team). Planar Kaplangi, free orb/body, SPD boots, BE rope are recommended. Final target: 145160+ SPD and 250300% BE.",,,"Planar Kaplangi, free orb/body, SPD boots, BE rope are recommended. Final target: 145160+ SPD and 250300% BE.",,,,Any BE DPS,,.,Imaginary,https://static.wikia.nocookie.net/houkai-star-rail/images/2/2f/Type_Imaginary.png/revision/latest?cb=20220610120517,Harmony,https://static.wikia.nocookie.net/houkai-star-rail/images/7/7e/Path_Harmony.png/revision/latest?cb=20240417235441,5,,,,,,,,
Trailblazer Harmony,https://static.wikia.nocookie.net/houkai-star-rail/images/0/0a/Character_Trailblazer_%28F%29_Harmony_Splash_Art.png/revision/latest/scale-to-width-down/1000?cb=20240508064117,"Break Effect Booster, Super Break Converter","For HTB, 4pc Watchmaker is recommended, adding Break Effect (BE) and SPD, and farming eidolon in Penacony (because E4 is important to share BE to the team). Planar Kaplangi, free orb/body, SPD boots, BE rope are recommended. Final target: 145160+ SPD and 250300% BE.",,,"Planar Kaplangi, free orb/body, SPD boots, BE rope are recommended. Final target: 145160+ SPD and 250300% BE.",,,,Any BE DPS,,.,Imaginary,https://static.wikia.nocookie.net/houkai-star-rail/images/2/2f/Type_Imaginary.png/revision/latest?cb=20220610120517,Harmony,https://static.wikia.nocookie.net/houkai-star-rail/images/7/7e/Path_Harmony.png/revision/latest?cb=20240417235441,5,,,,,,,,
Trailblazer Remembrance,https://static.wikia.nocookie.net/houkai-star-rail/images/1/15/Character_Trailblazer_%28F%29_Remembrance_Splash_Art.png/revision/latest/scale-to-width-down/1000?cb=20250117063309,"Turn Manipulator, Sub DPS, Crit Damage Booster, True Damage Support",,,,,,,,All Amphoreus Character,,aaa,Ice,https://static.wikia.nocookie.net/houkai-star-rail/images/3/35/Type_Ice.png/revision/latest?cb=20220610120329,Remembrance,https://static.wikia.nocookie.net/houkai-star-rail/images/2/2f/Path_Remembrance.png/revision/latest?cb=20240417235320,5,,,,,,,,
Trailblazer Remembrance,https://static.wikia.nocookie.net/houkai-star-rail/images/1/15/Character_Trailblazer_%28F%29_Remembrance_Splash_Art.png/revision/latest/scale-to-width-down/1000?cb=20250117063309,"Turn Manipulator, Sub DPS, Crit Damage Booster, True Damage Support",,,,,,,,All Amphoreus Character,,aaa,Ice,https://static.wikia.nocookie.net/houkai-star-rail/images/3/35/Type_Ice.png/revision/latest?cb=20220610120329,Remembrance,https://static.wikia.nocookie.net/houkai-star-rail/images/2/2f/Path_Remembrance.png/revision/latest?cb=20240417235320,5,,,,,,,,
Trailblazer Remembrance,https://static.wikia.nocookie.net/houkai-star-rail/images/1/15/Character_Trailblazer_%28F%29_Remembrance_Splash_Art.png/revision/latest/scale-to-width-down/1000?cb=20250117063309,"Turn Manipulator, Sub DPS, Crit Damage Booster, True Damage Support",,,,,,,,All Amphoreus Character,,aaa,Ice,https://static.wikia.nocookie.net/houkai-star-rail/images/3/35/Type_Ice.png/revision/latest?cb=20220610120329,Remembrance,https://static.wikia.nocookie.net/houkai-star-rail/images/2/2f/Path_Remembrance.png/revision/latest?cb=20240417235320,5,,,,,,,,
Trailblazer Remembrance,https://static.wikia.nocookie.net/houkai-star-rail/images/1/15/Character_Trailblazer_%28F%29_Remembrance_Splash_Art.png/revision/latest/scale-to-width-down/1000?cb=20250117063309,"Turn Manipulator, Sub DPS, Crit Damage Booster, True Damage Support",,,,,,,,All Amphoreus Character,,aaa,Ice,https://static.wikia.nocookie.net/houkai-star-rail/images/3/35/Type_Ice.png/revision/latest?cb=20220610120329,Remembrance,https://static.wikia.nocookie.net/houkai-star-rail/images/2/2f/Path_Remembrance.png/revision/latest?cb=20240417235320,5,,,,,,,,
Trailblazer Remembrance,https://static.wikia.nocookie.net/houkai-star-rail/images/1/15/Character_Trailblazer_%28F%29_Remembrance_Splash_Art.png/revision/latest/scale-to-width-down/1000?cb=20250117063309,"Turn Manipulator, Sub DPS, Crit Damage Booster, True Damage Support",,,,,,,,All Amphoreus Character,,aaa,Ice,https://static.wikia.nocookie.net/houkai-star-rail/images/3/35/Type_Ice.png/revision/latest?cb=20220610120329,Remembrance,https://static.wikia.nocookie.net/houkai-star-rail/images/2/2f/Path_Remembrance.png/revision/latest?cb=20240417235320,5,,,,,,,,
Trailblazer Remembrance,https://static.wikia.nocookie.net/houkai-star-rail/images/1/15/Character_Trailblazer_%28F%29_Remembrance_Splash_Art.png/revision/latest/scale-to-width-down/1000?cb=20250117063309,"Turn Manipulator, Sub DPS, Crit Damage Booster, True Damage Support",,,,,,,,All Amphoreus Character,,aaa,Ice,https://static.wikia.nocookie.net/houkai-star-rail/images/3/35/Type_Ice.png/revision/latest?cb=20220610120329,Remembrance,https://static.wikia.nocookie.net/houkai-star-rail/images/2/2f/Path_Remembrance.png/revision/latest?cb=20240417235320,5,,,,,,,,
Trailblazer Remembrance,https://static.wikia.nocookie.net/houkai-star-rail/images/1/15/Character_Trailblazer_%28F%29_Remembrance_Splash_Art.png/revision/latest/scale-to-width-down/1000?cb=20250117063309,"Turn Manipulator, Sub DPS, Crit Damage Booster, True Damage Support",,,,,,,,All Amphoreus Character,,aaa,Ice,https://static.wikia.nocookie.net/houkai-star-rail/images/3/35/Type_Ice.png/revision/latest?cb=20220610120329,Remembrance,https://static.wikia.nocookie.net/houkai-star-rail/images/2/2f/Path_Remembrance.png/revision/latest?cb=20240417235320,5,,,,,,,,
Trailblazer Remembrance,https://static.wikia.nocookie.net/houkai-star-rail/images/1/15/Character_Trailblazer_%28F%29_Remembrance_Splash_Art.png/revision/latest/scale-to-width-down/1000?cb=20250117063309,"Turn Manipulator, Sub DPS, Crit Damage Booster, True Damage Support",,,,,,,,All Amphoreus Character,,aaa,Ice,https://static.wikia.nocookie.net/houkai-star-rail/images/3/35/Type_Ice.png/revision/latest?cb=20220610120329,Remembrance,https://static.wikia.nocookie.net/houkai-star-rail/images/2/2f/Path_Remembrance.png/revision/latest?cb=20240417235320,5,,,,,,,,
Trailblazer Remembrance,https://static.wikia.nocookie.net/houkai-star-rail/images/1/15/Character_Trailblazer_%28F%29_Remembrance_Splash_Art.png/revision/latest/scale-to-width-down/1000?cb=20250117063309,"Turn Manipulator, Sub DPS, Crit Damage Booster, True Damage Support",,,,,,,,All Amphoreus Character,,aaa,Ice,https://static.wikia.nocookie.net/houkai-star-rail/images/3/35/Type_Ice.png/revision/latest?cb=20220610120329,Remembrance,https://static.wikia.nocookie.net/houkai-star-rail/images/2/2f/Path_Remembrance.png/revision/latest?cb=20240417235320,5,,,,,,,,
Trailblazer Remembrance,https://static.wikia.nocookie.net/houkai-star-rail/images/1/15/Character_Trailblazer_%28F%29_Remembrance_Splash_Art.png/revision/latest/scale-to-width-down/1000?cb=20250117063309,"Turn Manipulator, Sub DPS, Crit Damage Booster, True Damage Support",,,,,,,,All Amphoreus Character,,aaa,Ice,https://static.wikia.nocookie.net/houkai-star-rail/images/3/35/Type_Ice.png/revision/latest?cb=20220610120329,Remembrance,https://static.wikia.nocookie.net/houkai-star-rail/images/2/2f/Path_Remembrance.png/revision/latest?cb=20240417235320,5,,,,,,,,
Tribbie,https://static.wikia.nocookie.net/houkai-star-rail/images/e/eb/Character_Tribbie_Splash_Art.png/revision/latest/scale-to-width-down/1000?cb=20250309185506,"AoE RES PEN booster, Allies Ultimate based FuA Sub DPS, Damage Booster",,,,,,,,Castorice; Tribbie; Chipher; Hyacine,,aaa,Quantum,https://static.wikia.nocookie.net/houkai-star-rail/images/5/54/Type_Quantum.png/revision/latest?cb=20240609183337,Harmony,https://static.wikia.nocookie.net/houkai-star-rail/images/7/7e/Path_Harmony.png/revision/latest?cb=20240417235441,5,,,,,,,,
Tribbie,https://static.wikia.nocookie.net/houkai-star-rail/images/e/eb/Character_Tribbie_Splash_Art.png/revision/latest/scale-to-width-down/1000?cb=20250309185506,"AoE RES PEN booster, Allies Ultimate based FuA Sub DPS, Damage Booster",,,,,,,,Castorice; Tribbie; Chipher; Hyacine,,aaa,Quantum,https://static.wikia.nocookie.net/houkai-star-rail/images/5/54/Type_Quantum.png/revision/latest?cb=20240609183337,Harmony,https://static.wikia.nocookie.net/houkai-star-rail/images/7/7e/Path_Harmony.png/revision/latest?cb=20240417235441,5,,,,,,,,
Tribbie,https://static.wikia.nocookie.net/houkai-star-rail/images/e/eb/Character_Tribbie_Splash_Art.png/revision/latest/scale-to-width-down/1000?cb=20250309185506,"AoE RES PEN booster, Allies Ultimate based FuA Sub DPS, Damage Booster",,,,,,,,Castorice; Tribbie; Chipher; Hyacine,,aaa,Quantum,https://static.wikia.nocookie.net/houkai-star-rail/images/5/54/Type_Quantum.png/revision/latest?cb=20240609183337,Harmony,https://static.wikia.nocookie.net/houkai-star-rail/images/7/7e/Path_Harmony.png/revision/latest?cb=20240417235441,5,,,,,,,,
Tribbie,https://static.wikia.nocookie.net/houkai-star-rail/images/e/eb/Character_Tribbie_Splash_Art.png/revision/latest/scale-to-width-down/1000?cb=20250309185506,"AoE RES PEN booster, Allies Ultimate based FuA Sub DPS, Damage Booster",,,,,,,,Castorice; Tribbie; Chipher; Hyacine,,aaa,Quantum,https://static.wikia.nocookie.net/houkai-star-rail/images/5/54/Type_Quantum.png/revision/latest?cb=20240609183337,Harmony,https://static.wikia.nocookie.net/houkai-star-rail/images/7/7e/Path_Harmony.png/revision/latest?cb=20240417235441,5,,,,,,,,
Tribbie,https://static.wikia.nocookie.net/houkai-star-rail/images/e/eb/Character_Tribbie_Splash_Art.png/revision/latest/scale-to-width-down/1000?cb=20250309185506,"AoE RES PEN booster, Allies Ultimate based FuA Sub DPS, Damage Booster",,,,,,,,Castorice; Tribbie; Chipher; Hyacine,,aaa,Quantum,https://static.wikia.nocookie.net/houkai-star-rail/images/5/54/Type_Quantum.png/revision/latest?cb=20240609183337,Harmony,https://static.wikia.nocookie.net/houkai-star-rail/images/7/7e/Path_Harmony.png/revision/latest?cb=20240417235441,5,,,,,,,,
Tribbie,https://static.wikia.nocookie.net/houkai-star-rail/images/e/eb/Character_Tribbie_Splash_Art.png/revision/latest/scale-to-width-down/1000?cb=20250309185506,"AoE RES PEN booster, Allies Ultimate based FuA Sub DPS, Damage Booster",,,,,,,,Castorice; Tribbie; Chipher; Hyacine,,aaa,Quantum,https://static.wikia.nocookie.net/houkai-star-rail/images/5/54/Type_Quantum.png/revision/latest?cb=20240609183337,Harmony,https://static.wikia.nocookie.net/houkai-star-rail/images/7/7e/Path_Harmony.png/revision/latest?cb=20240417235441,5,,,,,,,,
Tribbie,https://static.wikia.nocookie.net/houkai-star-rail/images/e/eb/Character_Tribbie_Splash_Art.png/revision/latest/scale-to-width-down/1000?cb=20250309185506,"AoE RES PEN booster, Allies Ultimate based FuA Sub DPS, Damage Booster",,,,,,,,Castorice; Tribbie; Chipher; Hyacine,,aaa,Quantum,https://static.wikia.nocookie.net/houkai-star-rail/images/5/54/Type_Quantum.png/revision/latest?cb=20240609183337,Harmony,https://static.wikia.nocookie.net/houkai-star-rail/images/7/7e/Path_Harmony.png/revision/latest?cb=20240417235441,5,,,,,,,,
Tribbie,https://static.wikia.nocookie.net/houkai-star-rail/images/e/eb/Character_Tribbie_Splash_Art.png/revision/latest/scale-to-width-down/1000?cb=20250309185506,"AoE RES PEN booster, Allies Ultimate based FuA Sub DPS, Damage Booster",,,,,,,,Castorice; Tribbie; Chipher; Hyacine,,aaa,Quantum,https://static.wikia.nocookie.net/houkai-star-rail/images/5/54/Type_Quantum.png/revision/latest?cb=20240609183337,Harmony,https://static.wikia.nocookie.net/houkai-star-rail/images/7/7e/Path_Harmony.png/revision/latest?cb=20240417235441,5,,,,,,,,
Tribbie,https://static.wikia.nocookie.net/houkai-star-rail/images/e/eb/Character_Tribbie_Splash_Art.png/revision/latest/scale-to-width-down/1000?cb=20250309185506,"AoE RES PEN booster, Allies Ultimate based FuA Sub DPS, Damage Booster",,,,,,,,Castorice; Tribbie; Chipher; Hyacine,,aaa,Quantum,https://static.wikia.nocookie.net/houkai-star-rail/images/5/54/Type_Quantum.png/revision/latest?cb=20240609183337,Harmony,https://static.wikia.nocookie.net/houkai-star-rail/images/7/7e/Path_Harmony.png/revision/latest?cb=20240417235441,5,,,,,,,,
Tribbie,https://static.wikia.nocookie.net/houkai-star-rail/images/e/eb/Character_Tribbie_Splash_Art.png/revision/latest/scale-to-width-down/1000?cb=20250309185506,"AoE RES PEN booster, Allies Ultimate based FuA Sub DPS, Damage Booster",,,,,,,,Castorice; Tribbie; Chipher; Hyacine,,aaa,Quantum,https://static.wikia.nocookie.net/houkai-star-rail/images/5/54/Type_Quantum.png/revision/latest?cb=20240609183337,Harmony,https://static.wikia.nocookie.net/houkai-star-rail/images/7/7e/Path_Harmony.png/revision/latest?cb=20240417235441,5,,,,,,,,
Welt,https://static.wikia.nocookie.net/houkai-star-rail/images/1/11/Character_Welt_Splash_Art.png/revision/latest/scale-to-width-down/1000?cb=20230525090017,Debuffs scaling AoE DPS,,Wait for update,,,,,,Anything with Support or DPS,,.,Imaginary,https://static.wikia.nocookie.net/houkai-star-rail/images/2/2f/Type_Imaginary.png/revision/latest?cb=20220610120517,Nihility,https://static.wikia.nocookie.net/houkai-star-rail/images/4/45/Path_Nihility.png/revision/latest?cb=20240417235304,5,,,,,,,,
Welt,https://static.wikia.nocookie.net/houkai-star-rail/images/1/11/Character_Welt_Splash_Art.png/revision/latest/scale-to-width-down/1000?cb=20230525090017,Debuffs scaling AoE DPS,,Wait for update,,,,,,Anything with Support or DPS,,.,Imaginary,https://static.wikia.nocookie.net/houkai-star-rail/images/2/2f/Type_Imaginary.png/revision/latest?cb=20220610120517,Nihility,https://static.wikia.nocookie.net/houkai-star-rail/images/4/45/Path_Nihility.png/revision/latest?cb=20240417235304,5,,,,,,,,
Welt,https://static.wikia.nocookie.net/houkai-star-rail/images/1/11/Character_Welt_Splash_Art.png/revision/latest/scale-to-width-down/1000?cb=20230525090017,Debuffs scaling AoE DPS,,Wait for update,,,,,,Anything with Support or DPS,,.,Imaginary,https://static.wikia.nocookie.net/houkai-star-rail/images/2/2f/Type_Imaginary.png/revision/latest?cb=20220610120517,Nihility,https://static.wikia.nocookie.net/houkai-star-rail/images/4/45/Path_Nihility.png/revision/latest?cb=20240417235304,5,,,,,,,,
Welt,https://static.wikia.nocookie.net/houkai-star-rail/images/1/11/Character_Welt_Splash_Art.png/revision/latest/scale-to-width-down/1000?cb=20230525090017,Debuffs scaling AoE DPS,,Wait for update,,,,,,Anything with Support or DPS,,.,Imaginary,https://static.wikia.nocookie.net/houkai-star-rail/images/2/2f/Type_Imaginary.png/revision/latest?cb=20220610120517,Nihility,https://static.wikia.nocookie.net/houkai-star-rail/images/4/45/Path_Nihility.png/revision/latest?cb=20240417235304,5,,,,,,,,
Welt,https://static.wikia.nocookie.net/houkai-star-rail/images/1/11/Character_Welt_Splash_Art.png/revision/latest/scale-to-width-down/1000?cb=20230525090017,Debuffs scaling AoE DPS,,Wait for update,,,,,,Anything with Support or DPS,,.,Imaginary,https://static.wikia.nocookie.net/houkai-star-rail/images/2/2f/Type_Imaginary.png/revision/latest?cb=20220610120517,Nihility,https://static.wikia.nocookie.net/houkai-star-rail/images/4/45/Path_Nihility.png/revision/latest?cb=20240417235304,5,,,,,,,,
Welt,https://static.wikia.nocookie.net/houkai-star-rail/images/1/11/Character_Welt_Splash_Art.png/revision/latest/scale-to-width-down/1000?cb=20230525090017,Debuffs scaling AoE DPS,,Wait for update,,,,,,Anything with Support or DPS,,.,Imaginary,https://static.wikia.nocookie.net/houkai-star-rail/images/2/2f/Type_Imaginary.png/revision/latest?cb=20220610120517,Nihility,https://static.wikia.nocookie.net/houkai-star-rail/images/4/45/Path_Nihility.png/revision/latest?cb=20240417235304,5,,,,,,,,
Welt,https://static.wikia.nocookie.net/houkai-star-rail/images/1/11/Character_Welt_Splash_Art.png/revision/latest/scale-to-width-down/1000?cb=20230525090017,Debuffs scaling AoE DPS,,Wait for update,,,,,,Anything with Support or DPS,,.,Imaginary,https://static.wikia.nocookie.net/houkai-star-rail/images/2/2f/Type_Imaginary.png/revision/latest?cb=20220610120517,Nihility,https://static.wikia.nocookie.net/houkai-star-rail/images/4/45/Path_Nihility.png/revision/latest?cb=20240417235304,5,,,,,,,,
Welt,https://static.wikia.nocookie.net/houkai-star-rail/images/1/11/Character_Welt_Splash_Art.png/revision/latest/scale-to-width-down/1000?cb=20230525090017,Debuffs scaling AoE DPS,,Wait for update,,,,,,Anything with Support or DPS,,.,Imaginary,https://static.wikia.nocookie.net/houkai-star-rail/images/2/2f/Type_Imaginary.png/revision/latest?cb=20220610120517,Nihility,https://static.wikia.nocookie.net/houkai-star-rail/images/4/45/Path_Nihility.png/revision/latest?cb=20240417235304,5,,,,,,,,
Welt,https://static.wikia.nocookie.net/houkai-star-rail/images/1/11/Character_Welt_Splash_Art.png/revision/latest/scale-to-width-down/1000?cb=20230525090017,Debuffs scaling AoE DPS,,Wait for update,,,,,,Anything with Support or DPS,,.,Imaginary,https://static.wikia.nocookie.net/houkai-star-rail/images/2/2f/Type_Imaginary.png/revision/latest?cb=20220610120517,Nihility,https://static.wikia.nocookie.net/houkai-star-rail/images/4/45/Path_Nihility.png/revision/latest?cb=20240417235304,5,,,,,,,,
Welt,https://static.wikia.nocookie.net/houkai-star-rail/images/1/11/Character_Welt_Splash_Art.png/revision/latest/scale-to-width-down/1000?cb=20230525090017,Debuffs scaling AoE DPS,,Wait for update,,,,,,Anything with Support or DPS,,.,Imaginary,https://static.wikia.nocookie.net/houkai-star-rail/images/2/2f/Type_Imaginary.png/revision/latest?cb=20220610120517,Nihility,https://static.wikia.nocookie.net/houkai-star-rail/images/4/45/Path_Nihility.png/revision/latest?cb=20240417235304,5,,,,,,,,
Yunli,https://static.wikia.nocookie.net/houkai-star-rail/images/7/72/Character_Yunli_Splash_Art.png/revision/latest/scale-to-width-down/1000?cb=20241007221656,Counterattacks-Trigger Sustain DPS,,,,,,,,Anything,,.,Physical,https://static.wikia.nocookie.net/houkai-star-rail/images/6/69/Type_Physical.png/revision/latest?cb=20220610120901,Destruction,https://static.wikia.nocookie.net/houkai-star-rail/images/d/df/Path_Destruction.png/revision/latest?cb=20240417234659,5,,,,,,,,
Yunli,https://static.wikia.nocookie.net/houkai-star-rail/images/7/72/Character_Yunli_Splash_Art.png/revision/latest/scale-to-width-down/1000?cb=20241007221656,Counterattacks-Trigger Sustain DPS,,,,,,,,Anything,,.,Physical,https://static.wikia.nocookie.net/houkai-star-rail/images/6/69/Type_Physical.png/revision/latest?cb=20220610120901,Destruction,https://static.wikia.nocookie.net/houkai-star-rail/images/d/df/Path_Destruction.png/revision/latest?cb=20240417234659,5,,,,,,,,
Yunli,https://static.wikia.nocookie.net/houkai-star-rail/images/7/72/Character_Yunli_Splash_Art.png/revision/latest/scale-to-width-down/1000?cb=20241007221656,Counterattacks-Trigger Sustain DPS,,,,,,,,Anything,,.,Physical,https://static.wikia.nocookie.net/houkai-star-rail/images/6/69/Type_Physical.png/revision/latest?cb=20220610120901,Destruction,https://static.wikia.nocookie.net/houkai-star-rail/images/d/df/Path_Destruction.png/revision/latest?cb=20240417234659,5,,,,,,,,
Yunli,https://static.wikia.nocookie.net/houkai-star-rail/images/7/72/Character_Yunli_Splash_Art.png/revision/latest/scale-to-width-down/1000?cb=20241007221656,Counterattacks-Trigger Sustain DPS,,,,,,,,Anything,,.,Physical,https://static.wikia.nocookie.net/houkai-star-rail/images/6/69/Type_Physical.png/revision/latest?cb=20220610120901,Destruction,https://static.wikia.nocookie.net/houkai-star-rail/images/d/df/Path_Destruction.png/revision/latest?cb=20240417234659,5,,,,,,,,
Yunli,https://static.wikia.nocookie.net/houkai-star-rail/images/7/72/Character_Yunli_Splash_Art.png/revision/latest/scale-to-width-down/1000?cb=20241007221656,Counterattacks-Trigger Sustain DPS,,,,,,,,Anything,,.,Physical,https://static.wikia.nocookie.net/houkai-star-rail/images/6/69/Type_Physical.png/revision/latest?cb=20220610120901,Destruction,https://static.wikia.nocookie.net/houkai-star-rail/images/d/df/Path_Destruction.png/revision/latest?cb=20240417234659,5,,,,,,,,
Yunli,https://static.wikia.nocookie.net/houkai-star-rail/images/7/72/Character_Yunli_Splash_Art.png/revision/latest/scale-to-width-down/1000?cb=20241007221656,Counterattacks-Trigger Sustain DPS,,,,,,,,Anything,,.,Physical,https://static.wikia.nocookie.net/houkai-star-rail/images/6/69/Type_Physical.png/revision/latest?cb=20220610120901,Destruction,https://static.wikia.nocookie.net/houkai-star-rail/images/d/df/Path_Destruction.png/revision/latest?cb=20240417234659,5,,,,,,,,
Yunli,https://static.wikia.nocookie.net/houkai-star-rail/images/7/72/Character_Yunli_Splash_Art.png/revision/latest/scale-to-width-down/1000?cb=20241007221656,Counterattacks-Trigger Sustain DPS,,,,,,,,Anything,,.,Physical,https://static.wikia.nocookie.net/houkai-star-rail/images/6/69/Type_Physical.png/revision/latest?cb=20220610120901,Destruction,https://static.wikia.nocookie.net/houkai-star-rail/images/d/df/Path_Destruction.png/revision/latest?cb=20240417234659,5,,,,,,,,
Yunli,https://static.wikia.nocookie.net/houkai-star-rail/images/7/72/Character_Yunli_Splash_Art.png/revision/latest/scale-to-width-down/1000?cb=20241007221656,Counterattacks-Trigger Sustain DPS,,,,,,,,Anything,,.,Physical,https://static.wikia.nocookie.net/houkai-star-rail/images/6/69/Type_Physical.png/revision/latest?cb=20220610120901,Destruction,https://static.wikia.nocookie.net/houkai-star-rail/images/d/df/Path_Destruction.png/revision/latest?cb=20240417234659,5,,,,,,,,
Yunli,https://static.wikia.nocookie.net/houkai-star-rail/images/7/72/Character_Yunli_Splash_Art.png/revision/latest/scale-to-width-down/1000?cb=20241007221656,Counterattacks-Trigger Sustain DPS,,,,,,,,Anything,,.,Physical,https://static.wikia.nocookie.net/houkai-star-rail/images/6/69/Type_Physical.png/revision/latest?cb=20220610120901,Destruction,https://static.wikia.nocookie.net/houkai-star-rail/images/d/df/Path_Destruction.png/revision/latest?cb=20240417234659,5,,,,,,,,
Yunli,https://static.wikia.nocookie.net/houkai-star-rail/images/7/72/Character_Yunli_Splash_Art.png/revision/latest/scale-to-width-down/1000?cb=20241007221656,Counterattacks-Trigger Sustain DPS,,,,,,,,Anything,,.,Physical,https://static.wikia.nocookie.net/houkai-star-rail/images/6/69/Type_Physical.png/revision/latest?cb=20220610120901,Destruction,https://static.wikia.nocookie.net/houkai-star-rail/images/d/df/Path_Destruction.png/revision/latest?cb=20240417234659,5,,,,,,,,
Trailblazer Physical,https://static.wikia.nocookie.net/houkai-star-rail/images/6/6f/Character_Trailblazer_%28F%29_Destruction_Splash_Art.png/revision/latest/scale-to-width-down/1000?cb=20230501005741,Sustain DPS,,,,,,,,Anything,,.,Physical,https://static.wikia.nocookie.net/houkai-star-rail/images/6/69/Type_Physical.png/revision/latest?cb=20220610120901,Destruction,https://static.wikia.nocookie.net/houkai-star-rail/images/d/df/Path_Destruction.png/revision/latest?cb=20240417234659,5,,,,,,,,
Trailblazer Physical,https://static.wikia.nocookie.net/houkai-star-rail/images/6/6f/Character_Trailblazer_%28F%29_Destruction_Splash_Art.png/revision/latest/scale-to-width-down/1000?cb=20230501005741,Sustain DPS,,,,,,,,Anything,,.,Physical,https://static.wikia.nocookie.net/houkai-star-rail/images/6/69/Type_Physical.png/revision/latest?cb=20220610120901,Destruction,https://static.wikia.nocookie.net/houkai-star-rail/images/d/df/Path_Destruction.png/revision/latest?cb=20240417234659,5,,,,,,,,
Trailblazer Physical,https://static.wikia.nocookie.net/houkai-star-rail/images/6/6f/Character_Trailblazer_%28F%29_Destruction_Splash_Art.png/revision/latest/scale-to-width-down/1000?cb=20230501005741,Sustain DPS,,,,,,,,Anything,,.,Physical,https://static.wikia.nocookie.net/houkai-star-rail/images/6/69/Type_Physical.png/revision/latest?cb=20220610120901,Destruction,https://static.wikia.nocookie.net/houkai-star-rail/images/d/df/Path_Destruction.png/revision/latest?cb=20240417234659,5,,,,,,,,
Trailblazer Physical,https://static.wikia.nocookie.net/houkai-star-rail/images/6/6f/Character_Trailblazer_%28F%29_Destruction_Splash_Art.png/revision/latest/scale-to-width-down/1000?cb=20230501005741,Sustain DPS,,,,,,,,Anything,,.,Physical,https://static.wikia.nocookie.net/houkai-star-rail/images/6/69/Type_Physical.png/revision/latest?cb=20220610120901,Destruction,https://static.wikia.nocookie.net/houkai-star-rail/images/d/df/Path_Destruction.png/revision/latest?cb=20240417234659,5,,,,,,,,
Trailblazer Physical,https://static.wikia.nocookie.net/houkai-star-rail/images/6/6f/Character_Trailblazer_%28F%29_Destruction_Splash_Art.png/revision/latest/scale-to-width-down/1000?cb=20230501005741,Sustain DPS,,,,,,,,Anything,,.,Physical,https://static.wikia.nocookie.net/houkai-star-rail/images/6/69/Type_Physical.png/revision/latest?cb=20220610120901,Destruction,https://static.wikia.nocookie.net/houkai-star-rail/images/d/df/Path_Destruction.png/revision/latest?cb=20240417234659,5,,,,,,,,
Trailblazer Physical,https://static.wikia.nocookie.net/houkai-star-rail/images/6/6f/Character_Trailblazer_%28F%29_Destruction_Splash_Art.png/revision/latest/scale-to-width-down/1000?cb=20230501005741,Sustain DPS,,,,,,,,Anything,,.,Physical,https://static.wikia.nocookie.net/houkai-star-rail/images/6/69/Type_Physical.png/revision/latest?cb=20220610120901,Destruction,https://static.wikia.nocookie.net/houkai-star-rail/images/d/df/Path_Destruction.png/revision/latest?cb=20240417234659,5,,,,,,,,
Trailblazer Physical,https://static.wikia.nocookie.net/houkai-star-rail/images/6/6f/Character_Trailblazer_%28F%29_Destruction_Splash_Art.png/revision/latest/scale-to-width-down/1000?cb=20230501005741,Sustain DPS,,,,,,,,Anything,,.,Physical,https://static.wikia.nocookie.net/houkai-star-rail/images/6/69/Type_Physical.png/revision/latest?cb=20220610120901,Destruction,https://static.wikia.nocookie.net/houkai-star-rail/images/d/df/Path_Destruction.png/revision/latest?cb=20240417234659,5,,,,,,,,
Trailblazer Physical,https://static.wikia.nocookie.net/houkai-star-rail/images/6/6f/Character_Trailblazer_%28F%29_Destruction_Splash_Art.png/revision/latest/scale-to-width-down/1000?cb=20230501005741,Sustain DPS,,,,,,,,Anything,,.,Physical,https://static.wikia.nocookie.net/houkai-star-rail/images/6/69/Type_Physical.png/revision/latest?cb=20220610120901,Destruction,https://static.wikia.nocookie.net/houkai-star-rail/images/d/df/Path_Destruction.png/revision/latest?cb=20240417234659,5,,,,,,,,
Trailblazer Physical,https://static.wikia.nocookie.net/houkai-star-rail/images/6/6f/Character_Trailblazer_%28F%29_Destruction_Splash_Art.png/revision/latest/scale-to-width-down/1000?cb=20230501005741,Sustain DPS,,,,,,,,Anything,,.,Physical,https://static.wikia.nocookie.net/houkai-star-rail/images/6/69/Type_Physical.png/revision/latest?cb=20220610120901,Destruction,https://static.wikia.nocookie.net/houkai-star-rail/images/d/df/Path_Destruction.png/revision/latest?cb=20240417234659,5,,,,,,,,
Trailblazer Physical,https://static.wikia.nocookie.net/houkai-star-rail/images/6/6f/Character_Trailblazer_%28F%29_Destruction_Splash_Art.png/revision/latest/scale-to-width-down/1000?cb=20230501005741,Sustain DPS,,,,,,,,Anything,,.,Physical,https://static.wikia.nocookie.net/houkai-star-rail/images/6/69/Type_Physical.png/revision/latest?cb=20220610120901,Destruction,https://static.wikia.nocookie.net/houkai-star-rail/images/d/df/Path_Destruction.png/revision/latest?cb=20240417234659,5,,,,,,,,
,,,,,,,,,,,,,,,,,,,,,,,,,
,,,,,,,,,,,,,,,,,,,,,,,,,
,,,,,,,,,,,,,,,,,,,,,,,,,
Note: For aaa means data captured from post picture ,,,,,,,,,,,,,,,,,,,,,,,,,
